exact_address,district
"Đường Chu Văn An, Hà Nội","Hà Đông, Hà Nội"
Hà Nội,"Nam Từ Liêm, Hà Nội"
"Đường Hồ Tùng Mậu, Phường Phú Diễn, Hà Nội","Cầu Giấy, Hà Nội"
"Đường Định Công, Phường Định Công, Hà Nội","Hoàng Mai, Hà Nội"
"Phường Hoàng Mai, Hà Nội","Hoàng Mai, Hà Nội"
"Đường Ngọc Lâm, Phường Bồ Đề, Hà Nội","Long Biên, Hà Nội"
"Đường Đông Tác, Phường Kim Liên, Hà Nội","Đống Đa, Hà Nội"
"Đường Khương Trung, Phường Khương Đình, Hà Nội","Thanh Xuân, Hà Nội"
"Đường Cầu Giấy, Phường Cầu Giấy, Hà Nội","Cầu Giấy, Hà Nội"
"Phường Định Công, Hà Nội","Hoàng Mai, Hà Nội"
"Đường Ngọc Thụy, Phường Hồng Hà, Hà Nội","Long Biên, Hà Nội"
"Đường Trần Duy Hưng, Xã Trung Giã, Hà Nội","Cầu Giấy, Hà Nội"
"Đường Láng, Phường Đống Đa, Hà Nội","Đống Đa, Hà Nội"
"Đường số 32, Hà Nội","Nam Từ Liêm, Hà Nội"
Hà Nội,"Đống Đa, Hà Nội"
"Đường Ngọc Chi, Xã Vĩnh Thanh, Hà Nội","Đông Anh, Hà Nội"
"Phường Nghĩa Đô, Hà Nội","Cầu Giấy, Hà Nội"
"Đường Giải Phóng, Hà Nội","Thanh Xuân, Hà Nội"
"Đường Cầu vượt Mai Dịch, Phường Phú Diễn, Hà Nội","Cầu Giấy, Hà Nội"
"Phố Khương Hạ, Phường Khương Đình, Hà Nội","Thanh Xuân, Hà Nội"
"Phố Kim Mã, Phường Giảng Võ, Hà Nội","Ba Đình, Hà Nội"
"Đường Cầu Giấy, Phường Nghĩa Đô, Hà Nội","Cầu Giấy, Hà Nội"
"Đường Nguyễn Khánh Toàn, Phường Nghĩa Đô, Hà Nội","Cầu Giấy, Hà Nội"
"Phố Trung Kính, Phường Cầu Giấy, Hà Nội","Cầu Giấy, Hà Nội"
"Đường Khương Đình, Phường Khương Đình, Hà Nội","Thanh Xuân, Hà Nội"
"Đường Giải Phóng, Phường Kim Liên, Hà Nội","Đống Đa, Hà Nội"
"Đường Triều Khúc, Phường Thanh Xuân, Hà Nội","Thanh Xuân, Hà Nội"
"Phường Đống Đa, Hà Nội","Hoàng Mai, Hà Nội"
"Đường Trương Định, Phường Vĩnh Tuy, Hà Nội","Hoàng Mai, Hà Nội"
"Đường Láng, Phường Láng, Hà Nội","Đống Đa, Hà Nội"
"Đường Hoàng Quốc Việt, Hà Nội","Cầu Giấy, Hà Nội"
"Đường Thượng Thanh, Phường Xuân Đỉnh, Hà Nội","Long Biên, Hà Nội"
"Phố Quan Nhân, Phường Thanh Xuân, Hà Nội","Thanh Xuân, Hà Nội"
"Đường Nguyễn Trãi, Phường Khương Đình, Hà Nội","Thanh Xuân, Hà Nội"
"Đường Lĩnh Nam, Xã Bát Tràng, Hà Nội","Hoàng Mai, Hà Nội"
Hà Nội,"Hoàn Kiếm, Hà Nội"
"Đường Triều Khúc, Hà Nội","Thanh Xuân, Hà Nội"
"Đường Trần Quang Diệu, Phường Kim Liên, Hà Nội","Đống Đa, Hà Nội"
"Số 21-Hẻm 85/43-Ngõ Trung Tả-Khâm Thiên-HN. Phố Khâm Thiên, Phường Văn Miếu - Quốc Tử Giám, Hà Nội","Đống Đa, Hà Nội"
"Đường Trường Chinh, Phường Kim Liên, Hà Nội","Đống Đa, Hà Nội"
"Đường Kim Ngưu, Phường Vĩnh Tuy, Hà Nội","Hai Bà Trưng, Hà Nội"
"Phố Trung Kính, Xã Trung Giã, Hà Nội","Cầu Giấy, Hà Nội"
"Đường Tô Hiệu, Hà Nội","Hà Đông, Hà Nội"
"Đường Tây Sơn, Phường Kim Liên, Hà Nội","Đống Đa, Hà Nội"
"Đường Nguyễn Văn Cừ, Phường Bồ Đề, Hà Nội","Long Biên, Hà Nội"
"Xã Gia Lâm, Hà Nội","Gia Lâm, Hà Nội"
Hà Nội,"Cầu Giấy, Hà Nội"
"Đường Bắc Biên, Phường Hồng Hà, Hà Nội","Long Biên, Hà Nội"
"Đường Phùng Khoang, Phường Thanh Xuân, Hà Nội","Thanh Xuân, Hà Nội"
"Đường Xuân Thủy, Phường Cầu Giấy, Hà Nội","Cầu Giấy, Hà Nội"
"Đường Nguyễn Trãi, Phường Thanh Xuân, Hà Nội","Thanh Xuân, Hà Nội"
"Đường Nguyễn Văn Linh, Phường Phúc Lợi, Hà Nội","Long Biên, Hà Nội"
"Đường Văn Cao, Phường Ngọc Hà, Hà Nội","Ba Đình, Hà Nội"
"Phố Kẻ Vẽ, Hà Nội","Nam Từ Liêm, Hà Nội"
"Đường Khuất Duy Tiến, Phường Thanh Xuân, Hà Nội","Thanh Xuân, Hà Nội"
"Đường Kiến Hưng, Phường Hà Đông, Hà Nội","Hà Đông, Hà Nội"
"Đường Mỗ Lao, Phường Hà Đông, Hà Nội","Hà Đông, Hà Nội"
"Đường Lạc Long Quân, Phường Nghĩa Đô, Hà Nội","Cầu Giấy, Hà Nội"
Hà Nội,"Thanh Xuân, Hà Nội"
"Đường Minh Khai, Phường Vĩnh Tuy, Hà Nội","Hai Bà Trưng, Hà Nội"
"Phố Vũ Tông Phan, Phường Khương Đình, Hà Nội","Thanh Xuân, Hà Nội"
"Đường số 1, Phường Long Biên, Hà Nội","Long Biên, Hà Nội"
"Phường Kiến Hưng, Hà Nội","Hà Đông, Hà Nội"
"Đường Đê La Thành, Phường Giảng Võ, Hà Nội","Ba Đình, Hà Nội"
"Phố Tôn Đức Thắng, Phường Đống Đa, Hà Nội","Đống Đa, Hà Nội"
"Phố Lệ Mật, Phường Việt Hưng, Hà Nội","Long Biên, Hà Nội"
"Đường An Đào, Hà Nội","Gia Lâm, Hà Nội"
"Đường Ái Mộ, Phường Bồ Đề, Hà Nội","Long Biên, Hà Nội"
"Phố Khâm Thiên, Phường Văn Miếu - Quốc Tử Giám, Hà Nội","Đống Đa, Hà Nội"
"Đường Cầu Lủ, Phường Định Công, Hà Nội","Hoàng Mai, Hà Nội"
"Đường Phùng Khoang, Hà Nội","Thanh Xuân, Hà Nội"
"Đường Nguyễn Khang, Phường Cầu Giấy, Hà Nội","Cầu Giấy, Hà Nội"
"Đường Cầu Diễn, Hà Nội","Nam Từ Liêm, Hà Nội"
"Phường Tương Mai, Hà Nội","Hoàng Mai, Hà Nội"
"Đường Cầu Lủ, Phường Vĩnh Tuy, Hà Nội","Hoàng Mai, Hà Nội"
"Đường Bạch Thái Bưởi, Phường Hà Đông, Hà Nội","Hà Đông, Hà Nội"
"Đường Đê La Thành, Phường Kim Liên, Hà Nội","Đống Đa, Hà Nội"
"Phố Tương Mai, Phường Bạch Mai, Hà Nội","Hai Bà Trưng, Hà Nội"
"Đường Hoàng Công Chất, Hà Nội","Nam Từ Liêm, Hà Nội"
"Phố Cảm Hội, Phường Hai Bà Trưng, Hà Nội","Hai Bà Trưng, Hà Nội"
"Đường Ngô Sĩ Liên, Phường Văn Miếu - Quốc Tử Giám, Hà Nội","Đống Đa, Hà Nội"
Hà Nội,"Hoàng Mai, Hà Nội"
"Đường Đại Kim, Hà Nội","Hoàng Mai, Hà Nội"
"Đường Hoàng Ngân, Xã Trung Giã, Hà Nội","Cầu Giấy, Hà Nội"
"Đường Thanh Nhàn, Phường Bạch Mai, Hà Nội","Hai Bà Trưng, Hà Nội"
"Phố Bạch Mai, Phường Bạch Mai, Hà Nội","Hai Bà Trưng, Hà Nội"
"Đường Cầu Long Biên, Phường Hồng Hà, Hà Nội","Hoàn Kiếm, Hà Nội"
"Đường Hà Trì, Phường Kiến Hưng, Hà Nội","Hà Đông, Hà Nội"
"Đường Phúc Diễn, Hà Nội","Nam Từ Liêm, Hà Nội"
"Đường Giải Phóng, Phường Hoàng Mai, Hà Nội","Hoàng Mai, Hà Nội"
"Phố Thái Thịnh, Phường Láng, Hà Nội","Đống Đa, Hà Nội"
"Đường Cổ Nhuế, Hà Nội","Nam Từ Liêm, Hà Nội"
"Phố Chính Kinh, Phường Khương Đình, Hà Nội","Thanh Xuân, Hà Nội"
"Đường Giải Phóng, Phường Ô Chợ Dừa, Hà Nội","Đống Đa, Hà Nội"
"Phố Hoàng Cầu, Phường Đống Đa, Hà Nội","Đống Đa, Hà Nội"
"Đường Quốc lộ 32, Hà Nội","Nam Từ Liêm, Hà Nội"
"Phường Cầu Giấy, Hà Nội","Cầu Giấy, Hà Nội"
"Đường Âu Cơ, Phường Hồng Hà, Hà Nội","Tây Hồ, Hà Nội"
"Đường Nguyễn Khoái, Phường Vĩnh Tuy, Hà Nội","Hai Bà Trưng, Hà Nội"
"Đường Hoàng Tăng Bí, Hà Nội","Nam Từ Liêm, Hà Nội"
"Đường Lương Ngọc Quyến, Phường Hoàn Kiếm, Hà Nội","Hoàn Kiếm, Hà Nội"
"Phường Phú Diễn, Hà Nội","Cầu Giấy, Hà Nội"
"Đường Nguyễn Trãi, Hà Nội","Hà Đông, Hà Nội"
"Phố Cự Lộc, Phường Thanh Xuân, Hà Nội","Thanh Xuân, Hà Nội"
"Đường Bờ Sông, Phường Nghĩa Đô, Hà Nội","Cầu Giấy, Hà Nội"
"Phường Đống Đa, Hà Nội","Đống Đa, Hà Nội"
"Đường Giải Phóng, Phường Tương Mai, Hà Nội","Hoàng Mai, Hà Nội"
"Đường Đặng Tiến Đông, Phường Đống Đa, Hà Nội","Đống Đa, Hà Nội"
"Đường Thanh Lãm, Phường Phú Lương, Hà Nội","Hà Đông, Hà Nội"
"Đường Tân Mai, Phường Hoàng Mai, Hà Nội","Hoàng Mai, Hà Nội"
"Đường Đào Tấn, Phường Ngọc Hà, Hà Nội","Ba Đình, Hà Nội"
"Phố Láng Hạ, Phường Láng, Hà Nội","Đống Đa, Hà Nội"
"Đường Kim Đồng, Phường Tương Mai, Hà Nội","Hoàng Mai, Hà Nội"
"Đường Hồ Tùng Mậu, Hà Nội","Nam Từ Liêm, Hà Nội"
"Phường Bạch Mai, Hà Nội","Hai Bà Trưng, Hà Nội"
"Đường Bạch Đằng, Hà Nội","Hai Bà Trưng, Hà Nội"
"Đường Dương Đình Nghệ, Phường Cầu Giấy, Hà Nội","Cầu Giấy, Hà Nội"
"Đường Nguyễn Đức Cảnh, Phường Thượng Cát, Hà Nội","Hoàng Mai, Hà Nội"
"Phố Ngọc Khánh, Phường Giảng Võ, Hà Nội","Ba Đình, Hà Nội"
"Đường Bắc Thăng Long, Xã Thiên Lộc, Hà Nội","Đông Anh, Hà Nội"
"Đường Bạch Đằng, Phường Hồng Hà, Hà Nội","Hai Bà Trưng, Hà Nội"
"Phố Pháo Đài Láng, Phường Láng, Hà Nội","Đống Đa, Hà Nội"
"Xã Phù Đổng, Hà Nội","Hai Bà Trưng, Hà Nội"
"Phố Kim Mã, Hà Nội","Ba Đình, Hà Nội"
"Đường Phú Diễn, Hà Nội","Nam Từ Liêm, Hà Nội"
"Đường Lương Khánh Thiện, Phường Thượng Cát, Hà Nội","Hoàng Mai, Hà Nội"
"Đường An Dương Vương, Phường Phú Thượng, Hà Nội","Tây Hồ, Hà Nội"
"Đường Tam Trinh, Phường Vĩnh Tuy, Hà Nội","Hoàng Mai, Hà Nội"
"Đường Nguyễn Đình Hoàn, Phường Nghĩa Đô, Hà Nội","Cầu Giấy, Hà Nội"
"Đường Giải Phóng, Hà Nội","Hoàng Mai, Hà Nội"
"Phố Lê Trọng Tấn, Phường Phương Liệt, Hà Nội","Thanh Xuân, Hà Nội"
"Đường Nguyễn Xiển, Phường Khương Đình, Hà Nội","Thanh Xuân, Hà Nội"
"Đường Hoàng Văn Thái, Phường Phương Liệt, Hà Nội","Thanh Xuân, Hà Nội"
"Đường Kim Giang, Phường Định Công, Hà Nội","Hoàng Mai, Hà Nội"
"Đường Cầu Vĩnh Tuy, Phường Vĩnh Tuy, Hà Nội","Hai Bà Trưng, Hà Nội"
"Đường Nguyễn Chí Thanh, Phường Láng, Hà Nội","Đống Đa, Hà Nội"
"Đường Thổ Quan, Phường Văn Miếu - Quốc Tử Giám, Hà Nội","Đống Đa, Hà Nội"
"Đường Đê Tô Hoàng, Phường Bạch Mai, Hà Nội","Hai Bà Trưng, Hà Nội"
"Phường Ngọc Hà, Hà Nội","Ba Đình, Hà Nội"
"Đường Huyền Kỳ, Phường Phú Lương, Hà Nội","Hà Đông, Hà Nội"
"Phố Nguyễn Ngọc Vũ, Xã Trung Giã, Hà Nội","Cầu Giấy, Hà Nội"
Hà Nội,"Hai Bà Trưng, Hà Nội"
"Đường Bùi Xương Trạch, Phường Khương Đình, Hà Nội","Thanh Xuân, Hà Nội"
"Đường Trương Định, Xã Phù Đổng, Hà Nội","Hai Bà Trưng, Hà Nội"
"Đường Nguyễn Lương Bằng, Phường Đống Đa, Hà Nội","Đống Đa, Hà Nội"
"Đường Tây Tựu, Hà Nội","Nam Từ Liêm, Hà Nội"
"Đường Tam Trinh, Hà Nội","Hoàng Mai, Hà Nội"
"Đường Vĩnh Hưng, Phường Vĩnh Hưng, Hà Nội","Hoàng Mai, Hà Nội"
"Phố An Trạch, Phường Ô Chợ Dừa, Hà Nội","Đống Đa, Hà Nội"
"Đường Trần Quí Cáp, Phường Văn Miếu - Quốc Tử Giám, Hà Nội","Đống Đa, Hà Nội"
"Đường Cầu Vồng, Hà Nội","Nam Từ Liêm, Hà Nội"
"Đường Hoàng Mai, Phường Tương Mai, Hà Nội","Hoàng Mai, Hà Nội"
"Đường Trần Thái Tông, Phường Cầu Giấy, Hà Nội","Cầu Giấy, Hà Nội"
Hà Nội,"Chương Mỹ, Hà Nội"
"Đường Bế Văn Đàn, Phường Hà Đông, Hà Nội","Hà Đông, Hà Nội"
"Phố Thái Hà, Phường Đống Đa, Hà Nội","Đống Đa, Hà Nội"
"Đường Định Công Hạ, Phường Định Công, Hà Nội","Hoàng Mai, Hà Nội"
"Đường Yên Hòa, Phường Cầu Giấy, Hà Nội","Cầu Giấy, Hà Nội"
"Phố Hoàng Đạo Thúy, Phường Thanh Xuân, Hà Nội","Thanh Xuân, Hà Nội"
"Đường Xuân Đỉnh, Hà Nội","Nam Từ Liêm, Hà Nội"
"Phố Mai Dịch, Phường Phú Diễn, Hà Nội","Cầu Giấy, Hà Nội"
"Đường Nguyễn Văn Trỗi, Phường Hà Đông, Hà Nội","Hà Đông, Hà Nội"
"Đường Minh Khai, Phường Bạch Mai, Hà Nội","Hai Bà Trưng, Hà Nội"
"Phố Hào Nam, Phường Ô Chợ Dừa, Hà Nội","Đống Đa, Hà Nội"
"Phố Kim Hoa, Phường Kim Liên, Hà Nội","Đống Đa, Hà Nội"
"Phố Láng Hạ, Phường Giảng Võ, Hà Nội","Ba Đình, Hà Nội"
"Phố Thợ Nhuộm, Phường Cửa Nam, Hà Nội","Hoàn Kiếm, Hà Nội"
"Phố Bà Triệu, Phường Hà Đông, Hà Nội","Hà Đông, Hà Nội"
"Phố Thanh Đàm, Phường Vĩnh Hưng, Hà Nội","Hoàng Mai, Hà Nội"
"Đường Phạm Văn Đồng, Hà Nội","Cầu Giấy, Hà Nội"
"Phố Lê Văn Hưu, Phường Cửa Nam, Hà Nội","Hai Bà Trưng, Hà Nội"
"Phố Trần Đại Nghĩa, Phường Bạch Mai, Hà Nội","Hai Bà Trưng, Hà Nội"
"Phố số 8/3, Phường Bạch Mai, Hà Nội","Hai Bà Trưng, Hà Nội"
"Đường Trường Chinh, Phường Khương Đình, Hà Nội","Thanh Xuân, Hà Nội"
"Đường Trần Phú, Phường Hà Đông, Hà Nội","Hà Đông, Hà Nội"
Hà Nội,"Hà Đông, Hà Nội"
"Đường Giáp Bát, Phường Thượng Cát, Hà Nội","Hoàng Mai, Hà Nội"
"Phố Chùa Láng, Phường Láng, Hà Nội","Đống Đa, Hà Nội"
"Đường Lương Thế Vinh, Phường Thanh Xuân, Hà Nội","Thanh Xuân, Hà Nội"
"Đường La Thành, Phường Ô Chợ Dừa, Hà Nội","Đống Đa, Hà Nội"
"Đường Nguyễn Công Hoan, Phường Giảng Võ, Hà Nội","Ba Đình, Hà Nội"
"Đường Trung Yên, Hà Nội","Cầu Giấy, Hà Nội"
"Đường Kim Quan, Phường Việt Hưng, Hà Nội","Long Biên, Hà Nội"
"Đường Trần Khát Chân, Phường Bạch Mai, Hà Nội","Hai Bà Trưng, Hà Nội"
"Đường Cầu Đất, Phường Hồng Hà, Hà Nội","Hoàn Kiếm, Hà Nội"
"Đường Trường Chinh, Phường Phương Liệt, Hà Nội","Thanh Xuân, Hà Nội"
"Phố Tôn Đức Thắng, Phường Văn Miếu - Quốc Tử Giám, Hà Nội","Đống Đa, Hà Nội"
"Đường Thạch Bàn, Phường Long Biên, Hà Nội","Long Biên, Hà Nội"
"Đường Xuân La, Phường Tây Hồ, Hà Nội","Tây Hồ, Hà Nội"
"Đường Hoàng Quốc Việt, Phường Nghĩa Đô, Hà Nội","Cầu Giấy, Hà Nội"
"Đường Ngô Quyền, Phường Hà Đông, Hà Nội","Hà Đông, Hà Nội"
"Phố Khương Thượng, Phường Kim Liên, Hà Nội","Đống Đa, Hà Nội"
"Đường Tam Trinh, Phường Lĩnh Nam, Hà Nội","Hoàng Mai, Hà Nội"
"Đường Tân Mai, Hà Nội","Hoàng Mai, Hà Nội"
"Phố Giảng Võ, Phường Ô Chợ Dừa, Hà Nội","Đống Đa, Hà Nội"
"Đường Nguyễn Xiển, Phường Định Công, Hà Nội","Hoàng Mai, Hà Nội"
"Đường Nguyễn Ngọc Nại, Phường Phương Liệt, Hà Nội","Thanh Xuân, Hà Nội"
"Đường Yên Phúc, Phường Hà Đông, Hà Nội","Hà Đông, Hà Nội"
"Đường Trương Định, Phường Thượng Cát, Hà Nội","Hoàng Mai, Hà Nội"
"Đường Phúc Tân, Phường Hồng Hà, Hà Nội","Hoàn Kiếm, Hà Nội"
"Phố Phố Huế, Phường Hai Bà Trưng, Hà Nội","Hai Bà Trưng, Hà Nội"
"Đường Ngọc Hà, Phường Ba Đình, Hà Nội","Ba Đình, Hà Nội"
"Đường Đại Từ, Phường Định Công, Hà Nội","Hoàng Mai, Hà Nội"
"Đường Trần Khát Chân, Phường Vĩnh Tuy, Hà Nội","Hai Bà Trưng, Hà Nội"
"Đường Tố Hữu, Phường Hà Đông, Hà Nội","Hà Đông, Hà Nội"
"Phường Phú Lương, Hà Nội","Hà Đông, Hà Nội"
"Phường Yên Nghĩa, Hà Nội","Hà Đông, Hà Nội"
"Phường Thanh Xuân, Hà Nội","Thanh Xuân, Hà Nội"
"Phố Phương Liệt, Phường Phương Liệt, Hà Nội","Thanh Xuân, Hà Nội"
Hà Nội,"Thanh Trì, Hà Nội"
"Đường Cát Linh, Phường Ô Chợ Dừa, Hà Nội","Đống Đa, Hà Nội"
"Phường Ba Đình, Hà Nội","Ba Đình, Hà Nội"
"Phố Đại La, Xã Phù Đổng, Hà Nội","Hai Bà Trưng, Hà Nội"
"Phường Khương Đình, Hà Nội","Thanh Xuân, Hà Nội"
"Đường Minh Khai, Phường Vĩnh Tuy, Hà Nội","Hoàng Mai, Hà Nội"
"Đường Tây Sơn, Phường Đống Đa, Hà Nội","Đống Đa, Hà Nội"
"Phố Đặng Tất, Hà Nội","Ba Đình, Hà Nội"
"Đường Phan Đình Giót, Phường Phương Liệt, Hà Nội","Thanh Xuân, Hà Nội"
"Đường Phạm Hùng, Phường Cầu Giấy, Hà Nội","Cầu Giấy, Hà Nội"
"Đường Phạm Thận Duật, Phường Phú Diễn, Hà Nội","Cầu Giấy, Hà Nội"
"Đường Hồ Tùng Mậu, Phường Cầu Giấy, Hà Nội","Cầu Giấy, Hà Nội"
"Phố Lê Văn Thiêm, Phường Thanh Xuân, Hà Nội","Thanh Xuân, Hà Nội"
"Đường Âu Cơ, Phường Tây Hồ, Hà Nội","Tây Hồ, Hà Nội"
"Phố Trung Hòa, Xã Trung Giã, Hà Nội","Cầu Giấy, Hà Nội"
"Đường Nguyễn Văn Cừ, Phường Đông Ngạc, Hà Nội","Long Biên, Hà Nội"
"Đường số 70, Xã Sơn Đồng, Hà Nội","Hoài Đức, Hà Nội"
"đường Nghi Tàm, Phường Hồng Hà, Hà Nội","Tây Hồ, Hà Nội"
"Phố Doãn Kế Thiện, Phường Phú Diễn, Hà Nội","Cầu Giấy, Hà Nội"
"Phố Trần Cung, Hà Nội","Nam Từ Liêm, Hà Nội"
"Phố Trần Bình, Phường Phú Diễn, Hà Nội","Cầu Giấy, Hà Nội"
"Phường Tây Hồ, Hà Nội","Tây Hồ, Hà Nội"
"Phố Chợ Khâm Thiên, Phường Kim Liên, Hà Nội","Đống Đa, Hà Nội"
"Đường Lạc Long Quân, Phường Tây Hồ, Hà Nội","Tây Hồ, Hà Nội"
"Đường Sông Nhuệ, Hà Nội","Nam Từ Liêm, Hà Nội"
"Đường Bạch Đằng, Phường Hồng Hà, Hà Nội","Hoàn Kiếm, Hà Nội"
"Đường Duy Tân, Phường Cầu Giấy, Hà Nội","Cầu Giấy, Hà Nội"
"Phố Thượng Cát, Hà Nội","Nam Từ Liêm, Hà Nội"
"Đường Chiến Thắng, Phường Hà Đông, Hà Nội","Hà Đông, Hà Nội"
"Đường Nguyễn Tam Trinh, Phường Vĩnh Tuy, Hà Nội","Hoàng Mai, Hà Nội"
"Đường Đội Cấn, Phường Ngọc Hà, Hà Nội","Ba Đình, Hà Nội"
"Phố Đỗ Nhuận, Hà Nội","Nam Từ Liêm, Hà Nội"
"Đường Quang Trung, Phường Hà Đông, Hà Nội","Hà Đông, Hà Nội"
"Đường Nguyễn Khang, Xã Trung Giã, Hà Nội","Cầu Giấy, Hà Nội"
"Đường Giải Phóng, Phường Bạch Mai, Hà Nội","Hai Bà Trưng, Hà Nội"
"Đường Phạm Ngọc Thạch, Phường Kim Liên, Hà Nội","Đống Đa, Hà Nội"
"Đường Định Công Thượng, Phường Định Công, Hà Nội","Hoàng Mai, Hà Nội"
"Phố Chợ Khâm Thiên, Phường Văn Miếu - Quốc Tử Giám, Hà Nội","Đống Đa, Hà Nội"
"Đường Bằng A, Phường Hoàng Liệt, Hà Nội","Hoàng Mai, Hà Nội"
"Đường Hồ Văn Chương, Hà Nội","Đống Đa, Hà Nội"
"Đường Tôn Thất Tùng, Phường Kim Liên, Hà Nội","Đống Đa, Hà Nội"
"Đường Lĩnh Nam, Phường Vĩnh Tuy, Hà Nội","Hoàng Mai, Hà Nội"
"Phố Chùa Hà, Phường Cầu Giấy, Hà Nội","Cầu Giấy, Hà Nội"
"Phố Hồng Mai, Phường Bạch Mai, Hà Nội","Hai Bà Trưng, Hà Nội"
"Xã Đông Anh, Hà Nội","Đông Anh, Hà Nội"
"Đường Đặng Văn Ngữ, Phường Kim Liên, Hà Nội","Đống Đa, Hà Nội"
"Phố Xã Đàn, Phường Đống Đa, Hà Nội","Đống Đa, Hà Nội"
"Đường Kiều Mai, Hà Nội","Nam Từ Liêm, Hà Nội"
"Phố Lê Trọng Tấn, Phường Hà Đông, Hà Nội","Hà Đông, Hà Nội"
"Phố Cự Lộc, Phường Khương Đình, Hà Nội","Thanh Xuân, Hà Nội"
"Đường Phạm Văn Đồng, Hà Nội","Nam Từ Liêm, Hà Nội"
"Phố Lê Thanh Nghị, Phường Bạch Mai, Hà Nội","Hai Bà Trưng, Hà Nội"
"Phố Hạ Đình, Phường Khương Đình, Hà Nội","Thanh Xuân, Hà Nội"
"Phường Kim Liên, Hà Nội","Đống Đa, Hà Nội"
"Đường Vĩnh Tuy, Phường Vĩnh Tuy, Hà Nội","Hai Bà Trưng, Hà Nội"
"Đường Lê Quý Đôn, Phường Hồng Hà, Hà Nội","Hai Bà Trưng, Hà Nội"
"Phố An Xá, Phường Hồng Hà, Hà Nội","Ba Đình, Hà Nội"
"Đường Kim Giang, Phường Khương Đình, Hà Nội","Thanh Xuân, Hà Nội"
"Đường Ông Ích Khiêm, Phường Ba Đình, Hà Nội","Ba Đình, Hà Nội"
"Đường Văn Phú, Hà Nội","Hà Đông, Hà Nội"
"Đường Núi Trúc, Phường Giảng Võ, Hà Nội","Ba Đình, Hà Nội"
"Đường Ngô Gia Tự, Phường Việt Hưng, Hà Nội","Long Biên, Hà Nội"
"Phố Thái Thịnh, Phường Đống Đa, Hà Nội","Đống Đa, Hà Nội"
"Phố Dịch Vọng Hậu, Phường Cầu Giấy, Hà Nội","Cầu Giấy, Hà Nội"
"Đường Lê Văn Lương, Hà Nội","Nam Từ Liêm, Hà Nội"
"Đường Đội Cấn, Phường Ba Đình, Hà Nội","Ba Đình, Hà Nội"
"Phố Hoà Bình 4, Phường Bạch Mai, Hà Nội","Hai Bà Trưng, Hà Nội"
"Đường Phạm Hùng, Phường Phú Diễn, Hà Nội","Cầu Giấy, Hà Nội"
"Đường Vũ Xuân Thiều, Phường Phúc Lợi, Hà Nội","Long Biên, Hà Nội"
Hà Nội,"Gia Lâm, Hà Nội"
"Đường Trần Quý Cáp, Phường Văn Miếu - Quốc Tử Giám, Hà Nội","Đống Đa, Hà Nội"
"Phố Phùng Hưng, Phường Hà Đông, Hà Nội","Hà Đông, Hà Nội"
"Phố Chính Kinh, Phường Thanh Xuân, Hà Nội","Thanh Xuân, Hà Nội"
"Đường Nguyễn Khoái, Phường Vĩnh Hưng, Hà Nội","Hoàng Mai, Hà Nội"
"Đường Lai Xá, Xã Hoài Đức, Hà Nội","Hoài Đức, Hà Nội"
"Đường Giáp Nhất, Phường Thanh Xuân, Hà Nội","Thanh Xuân, Hà Nội"
Hà Nội,"Tây Hồ, Hà Nội"
"Phố Linh Lang, Phường Ba Đình, Hà Nội","Ba Đình, Hà Nội"
"Đường Nguyễn Như Đổ, Phường Văn Miếu - Quốc Tử Giám, Hà Nội","Đống Đa, Hà Nội"
"Phường Long Biên, Hà Nội","Long Biên, Hà Nội"
"Phố Láng Hạ, Phường Ô Chợ Dừa, Hà Nội","Đống Đa, Hà Nội"
"Đường Nguyễn Thị Định, Xã Trung Giã, Hà Nội","Cầu Giấy, Hà Nội"
"Phố Nhân Hòa, Phường Thanh Xuân, Hà Nội","Thanh Xuân, Hà Nội"
"Phố Chùa Láng, Hà Nội","Đống Đa, Hà Nội"
"Phố Nguyễn Phúc Lai, Phường Ô Chợ Dừa, Hà Nội","Đống Đa, Hà Nội"
"Đường Nguyễn Khoái, Phường Hồng Hà, Hà Nội","Hai Bà Trưng, Hà Nội"
"Đường Đoàn Trần Nghiệp, Phường Hai Bà Trưng, Hà Nội","Hai Bà Trưng, Hà Nội"
"Đường Trần Thủ Độ, Phường Hoàng Liệt, Hà Nội","Hoàng Mai, Hà Nội"
"Đường Thúy Lĩnh, Xã Bát Tràng, Hà Nội","Hoàng Mai, Hà Nội"
"Phố Trần Cung, Phường Nghĩa Đô, Hà Nội","Cầu Giấy, Hà Nội"
"đường Nguyễn Hoàng Tôn, Phường Tây Hồ, Hà Nội","Tây Hồ, Hà Nội"
"Đường Thịnh Quang, Phường Đống Đa, Hà Nội","Đống Đa, Hà Nội"
"Đường Ngô Xuân Quảng, Xã Gia Lâm, Hà Nội","Gia Lâm, Hà Nội"
"Đường Hoàng Văn Thái, Phường Khương Đình, Hà Nội","Thanh Xuân, Hà Nội"
"Phố Việt Hưng, Phường Việt Hưng, Hà Nội","Long Biên, Hà Nội"
"Đường Thành Công, Phường Giảng Võ, Hà Nội","Ba Đình, Hà Nội"
Hà Nội,"Ba Đình, Hà Nội"
"Phố Chùa Láng, Phường Kim Liên, Hà Nội","Đống Đa, Hà Nội"
"Đường Do Lộ, Phường Yên Nghĩa, Hà Nội","Hà Đông, Hà Nội"
"Đường Đại Cồ Việt, Phường Bạch Mai, Hà Nội","Hai Bà Trưng, Hà Nội"
"Đường Nguyễn Chính, Phường Hoàng Mai, Hà Nội","Hoàng Mai, Hà Nội"
"Đường Vũ Trọng Phụng, Phường Thanh Xuân, Hà Nội","Thanh Xuân, Hà Nội"
"Phố Phùng Hưng, Phường Hoàn Kiếm, Hà Nội","Hoàn Kiếm, Hà Nội"
"Đường Đê La Thành, Phường Ô Chợ Dừa, Hà Nội","Đống Đa, Hà Nội"
"Đường Thịnh Liệt, Phường Hoàng Mai, Hà Nội","Hoàng Mai, Hà Nội"
"Đường Yên Sở, Phường Yên Sở, Hà Nội","Hoàng Mai, Hà Nội"
"Đường Triều Khúc, Phường Khương Đình, Hà Nội","Thanh Xuân, Hà Nội"
"Đường Quang Trung, Phường Yên Nghĩa, Hà Nội","Hà Đông, Hà Nội"
"Phố Tạ Quang Bửu, Phường Bạch Mai, Hà Nội","Hai Bà Trưng, Hà Nội"
"Đường Thịnh Liệt, Phường Hoàng Liệt, Hà Nội","Hoàng Mai, Hà Nội"
"Phố Hào Nam, Hà Nội","Đống Đa, Hà Nội"
"Phường Ô Chợ Dừa, Hà Nội","Đống Đa, Hà Nội"
"Đường số 70, Phường Hà Đông, Hà Nội","Hà Đông, Hà Nội"
"Phố Phố Vọng, Phường Bạch Mai, Hà Nội","Hai Bà Trưng, Hà Nội"
"Đường Nghĩa Dũng, Phường Hồng Hà, Hà Nội","Ba Đình, Hà Nội"
"Phường Việt Hưng, Hà Nội","Long Biên, Hà Nội"
"Đường Kim Đồng, Phường Hoàng Mai, Hà Nội","Hoàng Mai, Hà Nội"
"Phố Tôn Đức Thắng, Phường Ô Chợ Dừa, Hà Nội","Đống Đa, Hà Nội"
"Đường Đa Sĩ, Phường Kiến Hưng, Hà Nội","Hà Đông, Hà Nội"
"Đường Vọng Đức, Phường Cửa Nam, Hà Nội","Hoàn Kiếm, Hà Nội"
"Phố Vạn Phúc, Phường Hà Đông, Hà Nội","Hà Đông, Hà Nội"
"Đường Quốc Lộ 2, Xã Nội Bài, Hà Nội","Sóc Sơn, Hà Nội"
"Phường Hồng Hà, Hà Nội","Hoàn Kiếm, Hà Nội"
"Đường Văn La, Phường Hà Đông, Hà Nội","Hà Đông, Hà Nội"
"Phố Phạm Tuấn Tài, Phường Nghĩa Đô, Hà Nội","Cầu Giấy, Hà Nội"
"Đường số 6, Phường Phú Lương, Hà Nội","Hà Đông, Hà Nội"
"Nhà 04, ngõ 263 Đường Nguyễn Văn Linh, Phường Phúc Lợi, Hà Nội","Long Biên, Hà Nội"
"Phường Láng, Hà Nội","Đống Đa, Hà Nội"
"Đường Bằng A, Hà Nội","Hoàng Mai, Hà Nội"
"Đường Xa La, Hà Nội","Hà Đông, Hà Nội"
"đường Thụy Khuê, Phường Tây Hồ, Hà Nội","Tây Hồ, Hà Nội"
"Đường Linh Đường, Phường Hoàng Liệt, Hà Nội","Hoàng Mai, Hà Nội"
"Phố Lạc Trung, Phường Vĩnh Tuy, Hà Nội","Hai Bà Trưng, Hà Nội"
"Đường Trương Định, Hà Nội","Hai Bà Trưng, Hà Nội"
"Phố Bà Triệu, Hà Nội","Hà Đông, Hà Nội"
"Phường Hồng Hà, Hà Nội","Hai Bà Trưng, Hà Nội"
"đường Thụy Khuê, Hà Nội","Tây Hồ, Hà Nội"
"Đường Dịch Vọng, Phường Cầu Giấy, Hà Nội","Cầu Giấy, Hà Nội"
"Đường Tân Ấp, Phường Hồng Hà, Hà Nội","Ba Đình, Hà Nội"
"Đường Tôn Thất Tùng, Phường Văn Miếu - Quốc Tử Giám, Hà Nội","Đống Đa, Hà Nội"
"Đường Nguyễn Tuân, Phường Thanh Xuân, Hà Nội","Thanh Xuân, Hà Nội"
"Đường Thụy Phương, Hà Nội","Nam Từ Liêm, Hà Nội"
"Đường Kim Ngưu, Phường Bạch Mai, Hà Nội","Hai Bà Trưng, Hà Nội"
"Đường Kiêu Kỵ, Xã Gia Lâm, Hà Nội","Gia Lâm, Hà Nội"
Hà Nội,"Bắc Từ Liêm, Hà Nội"
"Phố Hoa Lư, Phường Hai Bà Trưng, Hà Nội","Hai Bà Trưng, Hà Nội"
"Đường Nguyễn An Ninh, Phường Thượng Cát, Hà Nội","Hoàng Mai, Hà Nội"
"Đường số 6, Phường Hà Đông, Hà Nội","Hà Đông, Hà Nội"
"Đường Tô Hiệu, Phường Nghĩa Đô, Hà Nội","Cầu Giấy, Hà Nội"
"Đường Lê Văn Hiến, Hà Nội","Nam Từ Liêm, Hà Nội"
"Phường Phương Liệt, Hà Nội","Thanh Xuân, Hà Nội"
"Đường Bưởi, Phường Ngọc Hà, Hà Nội","Ba Đình, Hà Nội"
"Phố Xã Đàn, Phường Kim Liên, Hà Nội","Đống Đa, Hà Nội"
"Đường Dương Quảng Hàm, Phường Cầu Giấy, Hà Nội","Cầu Giấy, Hà Nội"
"Đường Nguyễn Khoái, Phường Bạch Mai, Hà Nội","Hai Bà Trưng, Hà Nội"
"Phố Cảm Hội, Phường Hồng Hà, Hà Nội","Hai Bà Trưng, Hà Nội"
"Đường Gốc Đề, Phường Bạch Mai, Hà Nội","Hai Bà Trưng, Hà Nội"
"Đường Tô Vĩnh Diện, Phường Khương Đình, Hà Nội","Thanh Xuân, Hà Nội"
"Đường Ngọc Hồi, Phường Hoàng Liệt, Hà Nội","Hoàng Mai, Hà Nội"
"Đường Trương Định, Phường Tương Mai, Hà Nội","Hoàng Mai, Hà Nội"
"Đường Phạm Văn Đồng, Phường Phú Diễn, Hà Nội","Cầu Giấy, Hà Nội"
"Đường Nguyễn Quý Đức, Phường Thanh Xuân, Hà Nội","Thanh Xuân, Hà Nội"
"Đường Giang Văn Minh, Phường Giảng Võ, Hà Nội","Ba Đình, Hà Nội"
"Đường Huỳnh Tấn Phát, Phường Long Biên, Hà Nội","Long Biên, Hà Nội"
"Phố Lò Đúc, Phường Hai Bà Trưng, Hà Nội","Hai Bà Trưng, Hà Nội"
"Đường Thanh Bình, Phường Hà Đông, Hà Nội","Hà Đông, Hà Nội"
"Đường Nam Dư, Xã Bát Tràng, Hà Nội","Hoàng Mai, Hà Nội"
"Phường Hai Bà Trưng, Hà Nội","Hai Bà Trưng, Hà Nội"
"Đường Đông Thiên, Xã Bát Tràng, Hà Nội","Hoàng Mai, Hà Nội"
"Đường Dương Quảng Hàm, Phường Nghĩa Đô, Hà Nội","Cầu Giấy, Hà Nội"
"Phố Đại Đồng, Phường Vĩnh Hưng, Hà Nội","Hoàng Mai, Hà Nội"
"Đường Yên Lộ, Phường Yên Nghĩa, Hà Nội","Hà Đông, Hà Nội"
"Đường Lê Duẩn, Phường Cửa Nam, Hà Nội","Hoàn Kiếm, Hà Nội"
"Đường Đa Tốn, Hà Nội","Gia Lâm, Hà Nội"
"Đường Kiến Hưng, Hà Nội","Hà Đông, Hà Nội"
"Xã Thiên Lộc, Hà Nội","Đông Anh, Hà Nội"
"Đường Vân Hồ III, Phường Hai Bà Trưng, Hà Nội","Hai Bà Trưng, Hà Nội"
"Đường số 2, Xã Kim Anh, Hà Nội","Sóc Sơn, Hà Nội"
"Đường Thịnh Hào, Phường Văn Miếu - Quốc Tử Giám, Hà Nội","Đống Đa, Hà Nội"
"đường Ga Đông Anh, Xã Đông Anh, Hà Nội","Đông Anh, Hà Nội"
"Đường Nguyễn Khuyến, Phường Hà Đông, Hà Nội","Hà Đông, Hà Nội"
"Đường Đa Sĩ, Hà Nội","Hà Đông, Hà Nội"
"Đường Lãng Yên, Phường Vĩnh Tuy, Hà Nội","Hai Bà Trưng, Hà Nội"
"Phường Văn Miếu - Quốc Tử Giám, Hà Nội","Đống Đa, Hà Nội"
"Đường Vĩnh Hồ, Phường Đống Đa, Hà Nội","Đống Đa, Hà Nội"
"Đường Lê Đức Thọ, Hà Nội","Cầu Giấy, Hà Nội"
"Phố số 72, Xã An Khánh, Hà Nội","Hoài Đức, Hà Nội"
"Đường Yên Lãng, Phường Đống Đa, Hà Nội","Đống Đa, Hà Nội"
"Phố Quỳnh Mai, Phường Bạch Mai, Hà Nội","Hai Bà Trưng, Hà Nội"
"Đường Lĩnh Nam, Phường Vĩnh Hưng, Hà Nội","Hoàng Mai, Hà Nội"
"Đường Hoà Bình 7, Phường Bạch Mai, Hà Nội","Hai Bà Trưng, Hà Nội"
"Đường số 6, Phường Yên Nghĩa, Hà Nội","Hà Đông, Hà Nội"
"Đường Quốc lộ 6, Phường Yên Nghĩa, Hà Nội","Hà Đông, Hà Nội"
"Đường Nguyễn Khang, Phường Nghĩa Đô, Hà Nội","Cầu Giấy, Hà Nội"
"Phố Thành Công, Phường Giảng Võ, Hà Nội","Ba Đình, Hà Nội"
"Đường số 23, Xã Thiên Lộc, Hà Nội","Đông Anh, Hà Nội"
"Đường Nguyễn Huy Tưởng, Phường Thanh Xuân, Hà Nội","Thanh Xuân, Hà Nội"
"Phố Bạch Mai, Xã Phù Đổng, Hà Nội","Hai Bà Trưng, Hà Nội"
"Đường Phạm Ngũ Lão, Phường Cửa Nam, Hà Nội","Hoàn Kiếm, Hà Nội"
"Đường Hoa Bằng, Phường Cầu Giấy, Hà Nội","Cầu Giấy, Hà Nội"
"Đường Hoàng Đạo Thành, Phường Khương Đình, Hà Nội","Thanh Xuân, Hà Nội"
"Phố Phùng Hưng, Phường Kiến Hưng, Hà Nội","Hà Đông, Hà Nội"
"Đường Hoàng Hoa Thám, Phường Tây Hồ, Hà Nội","Tây Hồ, Hà Nội"
"Đường Nguyên Hồng, Phường Giảng Võ, Hà Nội","Ba Đình, Hà Nội"
"Phố Quốc Tử Giám, Phường Ô Chợ Dừa, Hà Nội","Đống Đa, Hà Nội"
"Đường Võ Chí Công, Phường Tây Hồ, Hà Nội","Tây Hồ, Hà Nội"
"Đường La Dương, Phường Dương Nội, Hà Nội","Hà Đông, Hà Nội"
"Đường Đại Cồ Việt, Phường Hai Bà Trưng, Hà Nội","Hai Bà Trưng, Hà Nội"
"Đường Nam Đồng, Phường Đống Đa, Hà Nội","Đống Đa, Hà Nội"
"Đường Láng, Phường Nghĩa Đô, Hà Nội","Cầu Giấy, Hà Nội"
"Phố Mai Anh Tuấn, Phường Ô Chợ Dừa, Hà Nội","Đống Đa, Hà Nội"
"Đường Minh Khai, Phường Tương Mai, Hà Nội","Hoàng Mai, Hà Nội"
"Phố Hàng Vải, Phường Hoàn Kiếm, Hà Nội","Hoàn Kiếm, Hà Nội"
"Đường Vương Thừa Vũ, Phường Khương Đình, Hà Nội","Thanh Xuân, Hà Nội"
Hà Nội,"Đông Anh, Hà Nội"
"Đường K800A, Phường Nghĩa Đô, Hà Nội","Cầu Giấy, Hà Nội"
"Phố Chùa Bộc, Phường Kim Liên, Hà Nội","Đống Đa, Hà Nội"
"Đường Cầu Đơ, Phường Hà Đông, Hà Nội","Hà Đông, Hà Nội"
"Đường Giải Phóng, Phường Phương Liệt, Hà Nội","Thanh Xuân, Hà Nội"
"Phố Xã Đàn, Phường Văn Miếu - Quốc Tử Giám, Hà Nội","Đống Đa, Hà Nội"
"đường Đình Xuyên, Hà Nội","Gia Lâm, Hà Nội"
"Đường Đại An, Phường Hà Đông, Hà Nội","Hà Đông, Hà Nội"
"Phường Giảng Võ, Hà Nội","Ba Đình, Hà Nội"
"Đường Đường Láng, Phường Láng, Hà Nội","Đống Đa, Hà Nội"
"Đường Ngô Gia Tự, Phường Xuân Đỉnh, Hà Nội","Long Biên, Hà Nội"
"Đường Hoàng Mai, Phường Thượng Cát, Hà Nội","Hoàng Mai, Hà Nội"
"Đường Cầu Lạc Trung, Phường Vĩnh Tuy, Hà Nội","Hai Bà Trưng, Hà Nội"
"Đường Vũ Trọng Phụng, Hà Nội","Thanh Xuân, Hà Nội"
"83 ngõ 42 Thành Công Phố Thành Công, Phường Giảng Võ, Hà Nội","Ba Đình, Hà Nội"
Hà Nội,"Long Biên, Hà Nội"
"Đường Hoàng Hoa Thám, Phường Ngọc Hà, Hà Nội","Ba Đình, Hà Nội"
"Đường Xa La, Phường Hà Đông, Hà Nội","Hà Đông, Hà Nội"
"Số 9 Ngõ 192 Đường Tựu Liệt, Phường Hoàng Liệt, Hà Nội","Thanh Trì, Hà Nội"
"30 ngõ 32 phố Viên phường Đức Thắng, Hà Nội","Bắc Từ Liêm, Hà Nội"
"17, Hà Nội","Nam Từ Liêm, Hà Nội"
"68 Đường Cầu Giấy, Phường Phú Diễn, Hà Nội","Cầu Giấy, Hà Nội"
"tòa nhà b10khu đấu giá vạn phúc , tố hữu, hà nội Đường Tố Hữu, Phường Hà Đông, Hà Nội","Hà Đông, Hà Nội"
"Đường Lê Văn Lương, Hà Nội","Thanh Xuân, Hà Nội"
"Đường Đức Giang, Phường Việt Hưng, Hà Nội","Long Biên, Hà Nội"
"58 Đường Ngô Gia Tự, Phường Việt Hưng, Hà Nội","Long Biên, Hà Nội"
"34 Ngõ 111 Khương Thượng Phố Khương Thượng, Phường Kim Liên, Hà Nội","Đống Đa, Hà Nội"
"4 ngõ 25 Phố Tạ Quang Bửu, Phường Bạch Mai, Hà Nội","Hai Bà Trưng, Hà Nội"
"ngõ 87 Phố Yên Duyên, Phường Yên Sở, Hà Nội","Hoàng Mai, Hà Nội"
"số 1 ngõ 47 Đường Văn Cao, Phường Ngọc Hà, Hà Nội","Ba Đình, Hà Nội"
"131c ktt công an dãy k tổ 1 Đường Đa Sĩ, Phường Kiến Hưng, Hà Nội","Hà Đông, Hà Nội"
"189 Đường Thanh Nhàn, Phường Bạch Mai, Hà Nội","Hai Bà Trưng, Hà Nội"
"80c phankế bính kéo dài Đường Phan Kế Bính, Phường Ngọc Hà, Hà Nội","Ba Đình, Hà Nội"
"22 Đường Kim Đồng, Phường Hoàng Mai, Hà Nội","Hoàng Mai, Hà Nội"
"Đường Đặng Thai Mai, Phường Tây Hồ, Hà Nội","Tây Hồ, Hà Nội"
"Xóm Đồng đường Cầu Đuống, Hà Nội","Gia Lâm, Hà Nội"
"12 Phố Trung Kính, Xã Trung Giã, Hà Nội","Cầu Giấy, Hà Nội"
"289A Đường Khuất Duy Tiến, Xã Trung Giã, Hà Nội","Cầu Giấy, Hà Nội"
"Số nhà 22+24 ngõ 55 trần phú Đường Trần Phú, Phường Hà Đông, Hà Nội","Hà Đông, Hà Nội"
"66 Đường Đại Cồ Việt, Phường Hai Bà Trưng, Hà Nội","Hai Bà Trưng, Hà Nội"
"24 Ngõ Lao Động Phố Đại La, Phường Bạch Mai, Hà Nội","Hai Bà Trưng, Hà Nội"
"Số 12 ngõ 383 Phúc Tân Đường Phúc Tân, Phường Hồng Hà, Hà Nội","Hoàn Kiếm, Hà Nội"
"291hoangmai Đường Hoàng Mai, Phường Tương Mai, Hà Nội","Hoàng Mai, Hà Nội"
"21 ngõ 11 Đường Trích Sài, Phường Tây Hồ, Hà Nội","Tây Hồ, Hà Nội"
"612 Đường Đê La Thành, Phường Giảng Võ, Hà Nội","Ba Đình, Hà Nội"
"103 Đường Triều Khúc, Phường Thanh Xuân, Hà Nội","Thanh Xuân, Hà Nội"
"28, Hà Nội","Nam Từ Liêm, Hà Nội"
"Ngõ 83B tân triều mới Đường Triều Khúc, Phường Thanh Xuân, Hà Nội","Thanh Xuân, Hà Nội"
"47 Đường Vũ Trọng Phụng, Phường Thanh Xuân, Hà Nội","Thanh Xuân, Hà Nội"
"8/36/7 Đường Đặng Vũ Hỷ, Phường Xuân Đỉnh, Hà Nội","Long Biên, Hà Nội"
"Phố Phương Mai, Phường Kim Liên, Hà Nội","Đống Đa, Hà Nội"
"5A Đường Minh Khai, Phường Vĩnh Tuy, Hà Nội","Hai Bà Trưng, Hà Nội"
"250 Đường Hoàng Đạo Thành, Phường Khương Đình, Hà Nội","Thanh Xuân, Hà Nội"
"21/41/46 Đường Phạm Ngọc Thạch, Phường Kim Liên, Hà Nội","Đống Đa, Hà Nội"
"27 ngách 294/2, Phường Giảng Võ, Hà Nội","Ba Đình, Hà Nội"
"đường Cổ Bi, Xã Gia Lâm, Hà Nội","Gia Lâm, Hà Nội"
"40/69 Phố Chùa Láng, Phường Láng, Hà Nội","Đống Đa, Hà Nội"
"nhà số 16 ngách 165/12 ngõ 165 Dương Quảng Hàm Đường Dương Quảng Hàm, Phường Nghĩa Đô, Hà Nội","Cầu Giấy, Hà Nội"
"06 Đường Trần Duy Hưng, Xã Trung Giã, Hà Nội","Cầu Giấy, Hà Nội"
"56A Phố Thợ Nhuộm, Phường Cửa Nam, Hà Nội","Hoàn Kiếm, Hà Nội"
"303 E7 Phố Quỳnh Mai, Phường Bạch Mai, Hà Nội","Hai Bà Trưng, Hà Nội"
"14. Ngõ 123 Đường Tân Mai, Phường Hoàng Mai, Hà Nội","Hoàng Mai, Hà Nội"
"Số 10 ngách 114/9 ngõ 11 Đường số 19/5, Phường Hà Đông, Hà Nội","Hà Đông, Hà Nội"
"44 Đường Trần Thái Tông, Phường Cầu Giấy, Hà Nội","Cầu Giấy, Hà Nội"
"10 Phố Trần Điền, Phường Định Công, Hà Nội","Hoàng Mai, Hà Nội"
"15/10/1 Phố Trần Quốc Hoàn, Phường Cầu Giấy, Hà Nội","Cầu Giấy, Hà Nội"
"425, Hà Nội","Bắc Từ Liêm, Hà Nội"
"Nhà 55b Đường Thụy Phương, Phường Đông Ngạc, Hà Nội","Bắc Từ Liêm, Hà Nội"
"244 Phố Mai Anh Tuấn, Phường Ô Chợ Dừa, Hà Nội","Đống Đa, Hà Nội"
"33 Phố Chùa Láng, Phường Láng, Hà Nội","Đống Đa, Hà Nội"
"126 Đường Hoàng Quốc Việt, Phường Nghĩa Đô, Hà Nội","Cầu Giấy, Hà Nội"
"31/2/2 Phố Trần Quốc Hoàn, Phường Cầu Giấy, Hà Nội","Cầu Giấy, Hà Nội"
"Phường Bồ Đề, Hà Nội","Long Biên, Hà Nội"
"05, NGÕ 150 Phố Phó Đức Chính, Phường Ba Đình, Hà Nội","Ba Đình, Hà Nội"
"784 Đường Bạch Đằng, Phường Hồng Hà, Hà Nội","Hai Bà Trưng, Hà Nội"
"Thôn 3, Hà Nội","Gia Lâm, Hà Nội"
"2/31 Phố Trần Quốc Hoàn, Phường Cầu Giấy, Hà Nội","Cầu Giấy, Hà Nội"
"343 Đội Cấn Đường Đội Cấn, Phường Ba Đình, Hà Nội","Ba Đình, Hà Nội"
"2d, ngách 71,ngõ 254 Đường Minh Khai, Phường Bạch Mai, Hà Nội","Hai Bà Trưng, Hà Nội"
"ngõ 1 Đường Bùi Xương Trạch, Phường Khương Đình, Hà Nội","Thanh Xuân, Hà Nội"
"Đường Khuất Duy Tiến, Xã Trung Giã, Hà Nội","Cầu Giấy, Hà Nội"
"46 Đường Triều Khúc, Phường Thanh Xuân, Hà Nội","Thanh Xuân, Hà Nội"
"20D Đường Trần Quý Cáp, Phường Văn Miếu - Quốc Tử Giám, Hà Nội","Đống Đa, Hà Nội"
"19 Đường Vũ Phạm Hàm, Phường Cầu Giấy, Hà Nội","Cầu Giấy, Hà Nội"
"22 Phố Yên Hoa, Phường Hồng Hà, Hà Nội","Tây Hồ, Hà Nội"
"8 ngách 565/29 Đường Lạc Long Quân, Phường Tây Hồ, Hà Nội","Tây Hồ, Hà Nội"
"Đường Cổ Nhuế, Hà Nội","Bắc Từ Liêm, Hà Nội"
"02, Hà Nội","Bắc Từ Liêm, Hà Nội"
"Số 23 ngõ 259 Đường Yên Hòa, Phường Cầu Giấy, Hà Nội","Cầu Giấy, Hà Nội"
"Phố Kim Mã, Phường Ngọc Hà, Hà Nội","Ba Đình, Hà Nội"
"48 Đường Bạch Thái Bưởi, Phường Hà Đông, Hà Nội","Hà Đông, Hà Nội"
"31 Đường Dịch Vọng, Phường Cầu Giấy, Hà Nội","Cầu Giấy, Hà Nội"
"Số 6b ngách 77 ngõ Trại Cá Đường Trương Định, Xã Phù Đổng, Hà Nội","Hai Bà Trưng, Hà Nội"
"30G Đường Lương Khánh Thiện, Phường Hoàng Mai, Hà Nội","Hoàng Mai, Hà Nội"
"số 3 Đường Kim Ngưu, Phường Vĩnh Tuy, Hà Nội","Hai Bà Trưng, Hà Nội"
"281 Đường Tam Trinh, Phường Tương Mai, Hà Nội","Hoàng Mai, Hà Nội"
"Nhà số 1 ngõ 252 Đường Ngọc Thụy, Phường Hồng Hà, Hà Nội","Long Biên, Hà Nội"
"Đường Lý Văn Phúc, Phường Ô Chợ Dừa, Hà Nội","Đống Đa, Hà Nội"
"127 Đường Văn Cao, Phường Ngọc Hà, Hà Nội","Ba Đình, Hà Nội"
"68 Đường Bắc Thăng Long, Hà Nội","Mê Linh, Hà Nội"
"Đường Vĩnh Hồ, Phường Kim Liên, Hà Nội","Đống Đa, Hà Nội"
"Số 14A ngõ 140 Đường Vương Thừa Vũ, Phường Khương Đình, Hà Nội","Thanh Xuân, Hà Nội"
"152 Đường Ba La, Phường Phú Lương, Hà Nội","Hà Đông, Hà Nội"
"Đường Hoàng Ngân, Phường Thanh Xuân, Hà Nội","Thanh Xuân, Hà Nội"
"Số 21 ngách 4 ngõ 389 Đường Hoàng Quốc Việt, Phường Nghĩa Đô, Hà Nội","Cầu Giấy, Hà Nội"
"12 Đường Nguyễn Trãi, Hà Nội","Hà Đông, Hà Nội"
"1333 Đường Giải Phóng, Phường Hoàng Liệt, Hà Nội","Hoàng Mai, Hà Nội"
"Thôn vàng Đường số 20, Xã Gia Lâm, Hà Nội","Gia Lâm, Hà Nội"
"68 Đường Đê La Thành, Phường Giảng Võ, Hà Nội","Ba Đình, Hà Nội"
"18 Đường Thịnh Hào, Phường Văn Miếu - Quốc Tử Giám, Hà Nội","Đống Đa, Hà Nội"
"số 80 ngõ 317 Đường Tây Sơn, Phường Kim Liên, Hà Nội","Đống Đa, Hà Nội"
"4 ngách 1 ngõ 70 Đường Mai Động, Hà Nội","Hoàng Mai, Hà Nội"
"B14TT17 Đường Yên Bình, Phường Hà Đông, Hà Nội","Hà Đông, Hà Nội"
"hh3a Đường Hoàng Liệt, Phường Hoàng Liệt, Hà Nội","Hoàng Mai, Hà Nội"
"149A ngõ 209 Đường Đội Cấn, Phường Ba Đình, Hà Nội","Ba Đình, Hà Nội"
"16 Đường Tây Đam, Hà Nội","Bắc Từ Liêm, Hà Nội"
"06 Đường Đỗ Nhuận, Phường Xuân Đỉnh, Hà Nội","Bắc Từ Liêm, Hà Nội"
"25/279 Đường Đội Cấn, Phường Ba Đình, Hà Nội","Ba Đình, Hà Nội"
"38 Ngõ 66, Hà Nội","Cầu Giấy, Hà Nội"
"115 Đường Định Công, Phường Tương Mai, Hà Nội","Hoàng Mai, Hà Nội"
"Lô N01, Hà Nội","Nam Từ Liêm, Hà Nội"
"Số 9 Ngõ 806 Kim Giang, Hà Nội","Thanh Trì, Hà Nội"
"Số 5 ngõ 2, ngách 2/1 Đường Vũ Thạnh, Phường Ô Chợ Dừa, Hà Nội","Đống Đa, Hà Nội"
"132 Ngõ 47 Đường Văn Cao, Phường Ngọc Hà, Hà Nội","Ba Đình, Hà Nội"
"5 Đường Bờ Sông, Phường Nghĩa Đô, Hà Nội","Cầu Giấy, Hà Nội"
"93 phú đô, Hà Nội","Nam Từ Liêm, Hà Nội"
"Ngõ 53, đường Quang Tiến, Đại Mỗ, Hà Nội","Nam Từ Liêm, Hà Nội"
"25A Đường Cầu Giấy, Phường Cầu Giấy, Hà Nội","Cầu Giấy, Hà Nội"
"Số nhà 8 ngách 64 định công thượng Đường Cầu Lủ, Phường Định Công, Hà Nội","Hoàng Mai, Hà Nội"
"296, Phường Hà Đông, Hà Nội","Hà Đông, Hà Nội"
"Ngõ 259 Đường Vĩnh Hưng, Phường Vĩnh Hưng, Hà Nội","Hoàng Mai, Hà Nội"
"160 Phố Tôn Đức Thắng, Hà Nội","Đống Đa, Hà Nội"
"Ngõ 419 đường Phan Trọng Tuệ, Hà Nội","Thanh Trì, Hà Nội"
"110 Đường Đào Tấn, Phường Ngọc Hà, Hà Nội","Ba Đình, Hà Nội"
"Nhà số 6 Hẻm 52/11/76/4 Đường Gia Quất, Phường Xuân Đỉnh, Hà Nội","Long Biên, Hà Nội"
"120 Phố Sài Đồng, Phường Phúc Lợi, Hà Nội","Long Biên, Hà Nội"
"Ngõ 282/64 Đường Kim Giang, Hà Nội","Thanh Xuân, Hà Nội"
"31 ngõ 189 Phố Nguyễn Ngọc Vũ, Phường Cầu Giấy, Hà Nội","Cầu Giấy, Hà Nội"
"K10A Đường Nguyễn Hiền, Phường Bạch Mai, Hà Nội","Hai Bà Trưng, Hà Nội"
"Cầu mọc đường láng Đường Đường Láng, Phường Láng, Hà Nội","Đống Đa, Hà Nội"
"Đường Ô Cách, Hà Nội","Long Biên, Hà Nội"
"105 Đường Yên Bình, Phường Hà Đông, Hà Nội","Hà Đông, Hà Nội"
"30 ngo 357/1 Đường Tam Trinh, Phường Tương Mai, Hà Nội","Hoàng Mai, Hà Nội"
"210 Đường Quang Trung, Phường Hà Đông, Hà Nội","Hà Đông, Hà Nội"
"621 Phố Vũ Tông Phan, Phường Khương Đình, Hà Nội","Thanh Xuân, Hà Nội"
"2 Đường Hồ Tùng Mậu, Phường Phú Diễn, Hà Nội","Cầu Giấy, Hà Nội"
"67 Phố Lê Thanh Nghị, Phường Bạch Mai, Hà Nội","Hai Bà Trưng, Hà Nội"
"157 Phố Pháo Đài Láng, Phường Láng, Hà Nội","Đống Đa, Hà Nội"
"Phố Vũ Hữu, Phường Thanh Xuân, Hà Nội","Thanh Xuân, Hà Nội"
"Đường Trương Định, Phường Hoàng Mai, Hà Nội","Hoàng Mai, Hà Nội"
"Đường Nguyễn Hữu Thọ, Hà Nội","Hoàng Mai, Hà Nội"
"79/9, ngõ 260 Phố Tương Mai, Phường Thượng Cát, Hà Nội","Hoàng Mai, Hà Nội"
"số nhà 79 ngõ 259 yên hòa Đường Yên Hòa, Phường Cầu Giấy, Hà Nội","Cầu Giấy, Hà Nội"
"số 79 ngõ 259 yên hòa Đường Yên Hòa, Phường Cầu Giấy, Hà Nội","Cầu Giấy, Hà Nội"
"Ngõ 360 Đường Cầu Giấy, Phường Cầu Giấy, Hà Nội","Cầu Giấy, Hà Nội"
"D5,NGÕ 6 Đường Bế Văn Đàn, Phường Hà Đông, Hà Nội","Hà Đông, Hà Nội"
"Số 127 Đường Quan Hoa, Phường Nghĩa Đô, Hà Nội","Cầu Giấy, Hà Nội"
"Đường Thành Thái, Phường Cầu Giấy, Hà Nội","Cầu Giấy, Hà Nội"
"Đường Xuân Đỉnh, Phường Xuân Đỉnh, Hà Nội","Bắc Từ Liêm, Hà Nội"
"259 Đường Yên Hòa, Phường Cầu Giấy, Hà Nội","Cầu Giấy, Hà Nội"
"ngõ 196 Đường Cầu Giấy, Phường Nghĩa Đô, Hà Nội","Cầu Giấy, Hà Nội"
"Số nhà Đường Ngọc Thụy, Phường Hồng Hà, Hà Nội","Long Biên, Hà Nội"
"9 Đường Kiều Mai, Phường Phú Diễn, Hà Nội","Bắc Từ Liêm, Hà Nội"
"15 Phố Hồng Mai, Phường Bạch Mai, Hà Nội","Hai Bà Trưng, Hà Nội"
"HH3C LINH ĐÀM Đường Nguyễn Hữu Thọ, Phường Hoàng Liệt, Hà Nội","Hoàng Mai, Hà Nội"
"số 64A Đường Yên Phúc, Phường Hà Đông, Hà Nội","Hà Đông, Hà Nội"
"25/85 Đường Hoàng Tăng Bí, Phường Đông Ngạc, Hà Nội","Bắc Từ Liêm, Hà Nội"
"Số 41, ngõ 3 Phố Phạm Tuấn Tài, Phường Cầu Giấy, Hà Nội","Cầu Giấy, Hà Nội"
"85 Đường Xuân Thủy, Phường Cầu Giấy, Hà Nội","Cầu Giấy, Hà Nội"
"Gần bến xe mỹ đình Đường Phạm Hùng, Phường Cầu Giấy, Hà Nội","Cầu Giấy, Hà Nội"
"66B Đường Trần Hưng Đạo, Phường Cửa Nam, Hà Nội","Hoàn Kiếm, Hà Nội"
"số 7 ngách 1 ngõ 198 Đường Cổ Nhuế, Phường Nghĩa Đô, Hà Nội","Bắc Từ Liêm, Hà Nội"
"Phố Trần Điền, Phường Định Công, Hà Nội","Hoàng Mai, Hà Nội"
"Số 11, ngõ 113 đường Trâu Quỳ, Gia Lâm, Hà Nội Đường Cửu Việt, Xã Gia Lâm, Hà Nội","Gia Lâm, Hà Nội"
"9 ngõ 252 Đường Tây Sơn, Phường Đống Đa, Hà Nội","Đống Đa, Hà Nội"
"Đường Cầu Bươu, Hà Nội","Hà Đông, Hà Nội"
"Số 2 Ngõ 858/46 Đường Kim Giang, Phường Hoàng Liệt, Hà Nội","Hoàng Mai, Hà Nội"
"Dọc đường kim giang Đường Kim Giang, Hà Nội","Thanh Xuân, Hà Nội"
"Số 26 Ngõ 120/94 Vĩnh tuy, Quận Hai Bà Trưng Đường Vĩnh Tuy, Phường Vĩnh Tuy, Hà Nội","Hai Bà Trưng, Hà Nội"
"499 Đường Phú Diễn, Phường Nghĩa Đô, Hà Nội","Bắc Từ Liêm, Hà Nội"
"Đường Ngô Thì Nhậm, Phường Hà Đông, Hà Nội","Hà Đông, Hà Nội"
"Phố Bùi Ngọc Dương, Phường Bạch Mai, Hà Nội","Hai Bà Trưng, Hà Nội"
"56 ngõ 165 Đường Cầu Giấy, Phường Cầu Giấy, Hà Nội","Cầu Giấy, Hà Nội"
"90 Đường Hoàng Ngân, Xã Trung Giã, Hà Nội","Cầu Giấy, Hà Nội"
"364 Đường Bạch Đằng, Phường Hồng Hà, Hà Nội","Hoàn Kiếm, Hà Nội"
"336 Đường La Thành, Phường Ô Chợ Dừa, Hà Nội","Đống Đa, Hà Nội"
"9 ngõ 60 Phố Trung Kính, Xã Trung Giã, Hà Nội","Cầu Giấy, Hà Nội"
"Xã An Khánh, Hà Nội","Hoài Đức, Hà Nội"
"Phố Tôn Đức Thắng, Hà Nội","Đống Đa, Hà Nội"
"142 Đường Thượng Đình, Phường Khương Đình, Hà Nội","Thanh Xuân, Hà Nội"
"21 Đường Lê Đức Thọ, Xã Lạc Phượng, Hà Nội","Nam Từ Liêm, Hà Nội"
"Ngõ 2 Đường Hà Trì 1, Phường Hà Đông, Hà Nội","Hà Đông, Hà Nội"
"7 ngõ 359 Đường Âu Cơ, Phường Hồng Hà, Hà Nội","Tây Hồ, Hà Nội"
"325 Phố Trần Đại Nghĩa, Phường Bạch Mai, Hà Nội","Hai Bà Trưng, Hà Nội"
"14/30, Hà Nội","Nam Từ Liêm, Hà Nội"
"73 Đường Thanh Nhàn, Phường Bạch Mai, Hà Nội","Hai Bà Trưng, Hà Nội"
"47 Đường Đội Cấn, Phường Ngọc Hà, Hà Nội","Ba Đình, Hà Nội"
"2 Đường Tình Quang, Phường Việt Hưng, Hà Nội","Long Biên, Hà Nội"
"HÀ NỘI Đường Lê Duẩn, Phường Hai Bà Trưng, Hà Nội","Hai Bà Trưng, Hà Nội"
"Đường số 32, Phường Từ Liêm, Hà Nội","Nam Từ Liêm, Hà Nội"
"Số nhà 2 ngõ 437 nguyễn khang Đường Nguyễn Khang, Phường Cầu Giấy, Hà Nội","Cầu Giấy, Hà Nội"
"số 8 Đường Phố Viên, Phường Đông Ngạc, Hà Nội","Bắc Từ Liêm, Hà Nội"
"Số 28 ngõ 194/7 Phố Thanh Đàm, Phường Vĩnh Hưng, Hà Nội","Hoàng Mai, Hà Nội"
"số 15 ngõ 58 Phố Trần Vỹ, Phường Phú Diễn, Hà Nội","Cầu Giấy, Hà Nội"
"Ngõ 13 Đường Lĩnh Nam, Phường Vĩnh Tuy, Hà Nội","Hoàng Mai, Hà Nội"
"68 Đường Đội Cấn, Phường Ba Đình, Hà Nội","Ba Đình, Hà Nội"
"Nhà số 15 ngách 63/33/71 Đường Lê Đức Thọ, Xã Lạc Phượng, Hà Nội","Nam Từ Liêm, Hà Nội"
"9 ngách 113/254 Đường Minh Khai, Phường Vĩnh Tuy, Hà Nội","Hoàng Mai, Hà Nội"
"16 Đường Giải Phóng, Phường Bạch Mai, Hà Nội","Hai Bà Trưng, Hà Nội"
"347 Đường Cổ Nhuế, Phường Đông Ngạc, Hà Nội","Bắc Từ Liêm, Hà Nội"
"Số 59 ngõ 194 Đội cấn Đường Đội Cấn, Phường Ba Đình, Hà Nội","Ba Đình, Hà Nội"
"38 ngõ 99/110/85 Đường Định Công Hạ, Phường Định Công, Hà Nội","Hoàng Mai, Hà Nội"
"Gần nhà thờ Phùng Khoang, Phường Đại Mỗ, Hà Nội","Nam Từ Liêm, Hà Nội"
"Số 13 ngách 82 ngõ 72 Đường Tôn Thất Tùng, Phường Kim Liên, Hà Nội","Đống Đa, Hà Nội"
"125 Đường Bùi Xương Trạch, Phường Khương Đình, Hà Nội","Thanh Xuân, Hà Nội"
"95 Phố Quan Nhân, Phường Thanh Xuân, Hà Nội","Thanh Xuân, Hà Nội"
"Số 14 ngõ 467/170/20 Đường Lĩnh Nam, Xã Bát Tràng, Hà Nội","Hoàng Mai, Hà Nội"
"1/100 Đường Đội Cấn, Phường Ba Đình, Hà Nội","Ba Đình, Hà Nội"
"Xã Ngọc Hồi, Hà Nội","Thanh Trì, Hà Nội"
"33 xóm cầu triều khúc tân triều, Hà Nội","Thanh Trì, Hà Nội"
"82 Ngoc Thịnh Hào 1 Phố Tôn Đức Thắng, Hà Nội","Đống Đa, Hà Nội"
"47 ngõ 41/2 Đường Đông Tác, Phường Kim Liên, Hà Nội","Đống Đa, Hà Nội"
"số 10, Xã Lạc Phượng, Hà Nội","Nam Từ Liêm, Hà Nội"
"số 10 ngõ 162/28/12 Đường Khương Đình, Phường Khương Đình, Hà Nội","Thanh Xuân, Hà Nội"
"Đường Cổ Nhuế, Phường Đông Ngạc, Hà Nội","Bắc Từ Liêm, Hà Nội"
"102 ngõ 80 Phố Ngụy Như Kon Tum, Phường Thanh Xuân, Hà Nội","Thanh Xuân, Hà Nội"
"Đường Cầu Diễn, Phường Phú Diễn, Hà Nội","Bắc Từ Liêm, Hà Nội"
"140C Đường Giáp Bát, Phường Tương Mai, Hà Nội","Hoàng Mai, Hà Nội"
"số 8 tập thể đài phát thanh mễ trì từ liêm hà nội, Phường Từ Liêm, Hà Nội","Nam Từ Liêm, Hà Nội"
"26 ngách 23 ngõ 38 xuân la Đường Xuân La, Phường Tây Hồ, Hà Nội","Tây Hồ, Hà Nội"
"378, Phường Từ Liêm, Hà Nội","Nam Từ Liêm, Hà Nội"
"số 23, Ngõ 136 Đường Tam Trinh, Phường Yên Sở, Hà Nội","Hoàng Mai, Hà Nội"
"54 ngõ Trúc Lạc Phố Phó Đức Chính, Phường Ba Đình, Hà Nội","Ba Đình, Hà Nội"
"137 Phố Nguyễn Ngọc Vũ, Xã Trung Giã, Hà Nội","Cầu Giấy, Hà Nội"
"Đường Kim Giang, Phường Hoàng Liệt, Hà Nội","Hoàng Mai, Hà Nội"
"237 Đường Hồng Hà, Phường Hồng Hà, Hà Nội","Hoàn Kiếm, Hà Nội"
"2 Đường Bảo Linh, Phường Hồng Hà, Hà Nội","Hoàn Kiếm, Hà Nội"
"205 Đường Lâm Du, Phường Bồ Đề, Hà Nội","Long Biên, Hà Nội"
"54/177 Đường Định Công, Phường Định Công, Hà Nội","Hoàng Mai, Hà Nội"
"208 Đường Nguyễn Văn Cừ, Phường Bồ Đề, Hà Nội","Long Biên, Hà Nội"
"429 đường Thụy Khuê, Phường Tây Hồ, Hà Nội","Tây Hồ, Hà Nội"
"583 Đường Nguyễn Trãi, Phường Hà Đông, Hà Nội","Hà Đông, Hà Nội"
"Phường Từ Liêm, Hà Nội","Nam Từ Liêm, Hà Nội"
"89 Đường Khuyến Lương, Phường Lĩnh Nam, Hà Nội","Hoàng Mai, Hà Nội"
"Nhà số 9B ngõ 67 Đường Văn Cao, Phường Ngọc Hà, Hà Nội","Ba Đình, Hà Nội"
"Ngõ Yên Thế Đường Nguyễn Thái Học, Hà Nội","Đống Đa, Hà Nội"
"Số 34 tổ 21 ngõ hồ hố mẻ Đường Tôn Thất Tùng, Phường Văn Miếu - Quốc Tử Giám, Hà Nội","Đống Đa, Hà Nội"
"ngõ 12 mễ trì hạ, Phường Từ Liêm, Hà Nội","Nam Từ Liêm, Hà Nội"
"Ngõ 2 Phố Phương Mai, Phường Kim Liên, Hà Nội","Đống Đa, Hà Nội"
"Số 46, ngõ 152 Đường Nguyễn Đình Hoàn, Phường Nghĩa Đô, Hà Nội","Cầu Giấy, Hà Nội"
"Đường Nguyễn Văn Huyên, Phường Nghĩa Đô, Hà Nội","Cầu Giấy, Hà Nội"
"2 Đường Hoàng Ngân, Xã Trung Giã, Hà Nội","Cầu Giấy, Hà Nội"
"Đường Lê Đức Thọ, Phường Phú Diễn, Hà Nội","Cầu Giấy, Hà Nội"
"56 Phố Dịch Vọng Hậu, Phường Cầu Giấy, Hà Nội","Cầu Giấy, Hà Nội"
"số 8 , ngách 193/1 cầu cốc, Phường Tây Mỗ, Hà Nội","Nam Từ Liêm, Hà Nội"
"Ngõ 1150 đường Láng Phố Láng Hạ, Phường Láng, Hà Nội","Đống Đa, Hà Nội"
"148 ngõ 139 Phố Nguyễn Ngọc Vũ, Xã Trung Giã, Hà Nội","Cầu Giấy, Hà Nội"
"16, 332/11A Hoàng Công Chất Đường Hoàng Công Chất, Hà Nội","Bắc Từ Liêm, Hà Nội"
"62/637 Đường Trương Định, Phường Hoàng Mai, Hà Nội","Hoàng Mai, Hà Nội"
"Ngõ 99 Đường Định Công Hạ, Phường Định Công, Hà Nội","Hoàng Mai, Hà Nội"
"Số nhà 18E - ngõ 230 Phố Lạc Trung, Phường Vĩnh Tuy, Hà Nội","Hai Bà Trưng, Hà Nội"
"hpc landmark 105 Đường Tố Hữu, Phường Hà Đông, Hà Nội","Hà Đông, Hà Nội"
"50B Đường Hồ Tùng Mậu, Phường Cầu Giấy, Hà Nội","Cầu Giấy, Hà Nội"
"ngõ 651 Đường Minh Khai, Phường Vĩnh Tuy, Hà Nội","Hai Bà Trưng, Hà Nội"
"19B ngõ 235 ngách 15 Đường Yên Hòa, Phường Cầu Giấy, Hà Nội","Cầu Giấy, Hà Nội"
"Sô 9 ngõ 68 Mễ trì Thượng, Phường Từ Liêm, Hà Nội","Nam Từ Liêm, Hà Nội"
"10 ngõ Trung Tả Phố Khâm Thiên, Phường Văn Miếu - Quốc Tử Giám, Hà Nội","Đống Đa, Hà Nội"
"16 Đường Khuyến Lương, Phường Lĩnh Nam, Hà Nội","Hoàng Mai, Hà Nội"
"số 15 tổ 2 ngõ 129 Đường Nguyễn Trãi, Phường Khương Đình, Hà Nội","Thanh Xuân, Hà Nội"
"Xã Vĩnh Thanh, Hà Nội","Đông Anh, Hà Nội"
"26/94/33 Phố Ngọc Khánh, Phường Giảng Võ, Hà Nội","Ba Đình, Hà Nội"
"32 Đường Văn Phú, Hà Nội","Hà Đông, Hà Nội"
"Đường Ngọc Hồi, Xã Ngọc Hồi, Hà Nội","Thanh Trì, Hà Nội"
"Xã Lạc Phượng, Hà Nội","Nam Từ Liêm, Hà Nội"
"120 Đường Hoàng Quốc Việt, Phường Nghĩa Đô, Hà Nội","Cầu Giấy, Hà Nội"
"15a ngõ 61 Phố Thái Thịnh, Phường Đống Đa, Hà Nội","Đống Đa, Hà Nội"
"Lô 15, Phường Từ Liêm, Hà Nội","Nam Từ Liêm, Hà Nội"
"20 Đường Phú Diễn, Phường Phú Diễn, Hà Nội","Bắc Từ Liêm, Hà Nội"
"Số 2 nghach 437 Đường Nguyễn Khang, Phường Cầu Giấy, Hà Nội","Cầu Giấy, Hà Nội"
"Số 57 ngõ 32/48 Đường Đỗ Đức Dục, Phường Từ Liêm, Hà Nội","Nam Từ Liêm, Hà Nội"
"Ngõ Yên Lạc Đường Kim Ngưu, Phường Vĩnh Tuy, Hà Nội","Hai Bà Trưng, Hà Nội"
"193 Đường Nam Dư, Xã Bát Tràng, Hà Nội","Hoàng Mai, Hà Nội"
"595/7 linh nam Đường Lĩnh Nam, Xã Bát Tràng, Hà Nội","Hoàng Mai, Hà Nội"
"8 Phố Yên Lạc, Phường Vĩnh Tuy, Hà Nội","Hai Bà Trưng, Hà Nội"
"6A, ngõ 23 Đường Nguyễn Thị Định, Xã Trung Giã, Hà Nội","Cầu Giấy, Hà Nội"
"22 NGÕ 161 THÁI HÀ, ĐỐNG ĐA, HÀ NỘI Phố Thái Hà, Phường Láng, Hà Nội","Đống Đa, Hà Nội"
"Sn11, Phường Hà Đông, Hà Nội","Hà Đông, Hà Nội"
"89 Đường Bùi Huy Bích, Phường Hoàng Liệt, Hà Nội","Hoàng Mai, Hà Nội"
"10 Đường Vương Thừa Vũ, Phường Khương Đình, Hà Nội","Thanh Xuân, Hà Nội"
"23/210 Đường Đội Cấn, Phường Ba Đình, Hà Nội","Ba Đình, Hà Nội"
"21, Phường Từ Liêm, Hà Nội","Nam Từ Liêm, Hà Nội"
"Số nhà 16 ngõ 328/48/1 Phố Lê Trọng Tấn, Phường Định Công, Hà Nội","Hoàng Mai, Hà Nội"
"22 Ngách 3 Ngõ 260 Tân Mai Đường Tân Mai, Phường Hoàng Mai, Hà Nội","Hoàng Mai, Hà Nội"
"61 Phố Ngụy Như Kon Tum, Phường Thanh Xuân, Hà Nội","Thanh Xuân, Hà Nội"
"6 Đường Duy Tân, Phường Cầu Giấy, Hà Nội","Cầu Giấy, Hà Nội"
"ngõ 204/5 Đường Trần Duy Hưng, Xã Trung Giã, Hà Nội","Cầu Giấy, Hà Nội"
"ngõ Hòa Bình 7 Đường Minh Khai, Phường Bạch Mai, Hà Nội","Hai Bà Trưng, Hà Nội"
"5/274 Phố Lê Trọng Tấn, Phường Phương Liệt, Hà Nội","Thanh Xuân, Hà Nội"
"105 Phố Láng Hạ, Phường Láng, Hà Nội","Đống Đa, Hà Nội"
"Số 8 ngõ 189/61/6 Đường Hoàng Hoa Thám, Phường Ngọc Hà, Hà Nội","Ba Đình, Hà Nội"
"15/185 Phố Chùa Láng, Phường Láng, Hà Nội","Đống Đa, Hà Nội"
"số 16 ngõ 1 Đường Phạm Văn Đồng, Phường Phú Diễn, Hà Nội","Cầu Giấy, Hà Nội"
"số 42 ngõ 32 Đường Đỗ Đức Dục, Phường Từ Liêm, Hà Nội","Nam Từ Liêm, Hà Nội"
"Số 61 Ngõ Hoàng Bình Phố Khâm Thiên, Phường Văn Miếu - Quốc Tử Giám, Hà Nội","Đống Đa, Hà Nội"
"Số nhà 7 ngõ 158/60 phố chùa láng Phố Chùa Láng, Phường Láng, Hà Nội","Đống Đa, Hà Nội"
"38/158 Đường Trương Định, Xã Phù Đổng, Hà Nội","Hai Bà Trưng, Hà Nội"
"8 trong ngõ 87/43/14, Hà Nội","Hà Đông, Hà Nội"
"171 ngõ 90 Đường Hoàng Ngân, Xã Trung Giã, Hà Nội","Cầu Giấy, Hà Nội"
"Ngõ 92 Sn 25D Đường Nguyễn Khánh Toàn, Phường Nghĩa Đô, Hà Nội","Cầu Giấy, Hà Nội"
"524 Đường Trường Chinh, Phường Kim Liên, Hà Nội","Đống Đa, Hà Nội"
"Số nhà 23A, Phường Cầu Giấy, Hà Nội","Cầu Giấy, Hà Nội"
"9 ngõ 254/7 Đường Minh Khai, Phường Vĩnh Tuy, Hà Nội","Hoàng Mai, Hà Nội"
"Ngõ 105 Đường Yên Hòa, Phường Cầu Giấy, Hà Nội","Cầu Giấy, Hà Nội"
"12 Đường Gia Quất, Phường Hồng Hà, Hà Nội","Long Biên, Hà Nội"
"18, nghách 322/158/20 đường Mỹ Đình, Phường Từ Liêm, Hà Nội","Nam Từ Liêm, Hà Nội"
"30 Đường Cổ Nhuế, Phường Đông Ngạc, Hà Nội","Bắc Từ Liêm, Hà Nội"
"55 ngõ 258 Đường Tân Mai, Phường Hoàng Mai, Hà Nội","Hoàng Mai, Hà Nội"
"Số 6 ngõ 56 Đường Phú Kiều, Phường Phú Diễn, Hà Nội","Bắc Từ Liêm, Hà Nội"
"Số 19 ngõ 84/4 Đường Yên Hòa, Phường Cầu Giấy, Hà Nội","Cầu Giấy, Hà Nội"
"48 Phố Trung Liệt, Phường Đống Đa, Hà Nội","Đống Đa, Hà Nội"
"Đường Đại Mỗ, Hà Nội","Nam Từ Liêm, Hà Nội"
"Phường Đại Mỗ, Hà Nội","Nam Từ Liêm, Hà Nội"
"234 Đường Phạm Văn Đồng, Phường Phú Diễn, Hà Nội","Cầu Giấy, Hà Nội"
"Ngõ 2 Đường Tân Triều, Phường Thanh Liệt, Hà Nội","Thanh Trì, Hà Nội"
"Ngõ 50 Phố Chính Kinh, Phường Thanh Xuân, Hà Nội","Thanh Xuân, Hà Nội"
"20 Đường Giáp Nhị, Phường Hoàng Mai, Hà Nội","Hoàng Mai, Hà Nội"
"176 Đường Đội Cấn, Phường Ba Đình, Hà Nội","Ba Đình, Hà Nội"
"355 Đường Xuân Đỉnh, Phường Xuân Đỉnh, Hà Nội","Bắc Từ Liêm, Hà Nội"
"Số 14 ngõ 4 Đường Yên Phúc, Phường Hà Đông, Hà Nội","Hà Đông, Hà Nội"
"số 1 nghách 109/4 Phố Trung Liệt, Phường Đống Đa, Hà Nội","Đống Đa, Hà Nội"
"15/82 Đường Phú Kiều, Phường Phú Diễn, Hà Nội","Bắc Từ Liêm, Hà Nội"
"73 Đường Hoàng Ngân, Xã Trung Giã, Hà Nội","Cầu Giấy, Hà Nội"
"Đường Đại Kim, Phường Định Công, Hà Nội","Hoàng Mai, Hà Nội"
"67, Phường Tây Mỗ, Hà Nội","Nam Từ Liêm, Hà Nội"
"23C ngõ 12 Phố Chính Kinh, Phường Thanh Xuân, Hà Nội","Thanh Xuân, Hà Nội"
"ngõ 1 Đường Nguyễn Thị Định, Xã Trung Giã, Hà Nội","Cầu Giấy, Hà Nội"
"số 9 ngõ 79 Đường Cầu Giấy, Phường Nghĩa Đô, Hà Nội","Cầu Giấy, Hà Nội"
"12 Đường Dương Quảng Hàm, Phường Nghĩa Đô, Hà Nội","Cầu Giấy, Hà Nội"
"36, Hà Nội","Nam Từ Liêm, Hà Nội"
"32/49/20 Đường Đỗ Đức Dục, Phường Từ Liêm, Hà Nội","Nam Từ Liêm, Hà Nội"
"15 Đường Đại Mỗ, Phường Tây Mỗ, Hà Nội","Nam Từ Liêm, Hà Nội"
"Đường Mễ Trì Hạ, Phường Từ Liêm, Hà Nội","Nam Từ Liêm, Hà Nội"
"Số 18 ngõ 1 ngách 8, Phố Đình Thôn, Phường Từ Liêm, Hà Nội","Nam Từ Liêm, Hà Nội"
"87 Đường Lĩnh Nam, Xã Bát Tràng, Hà Nội","Hoàng Mai, Hà Nội"
"ngõ 92, Xã Phù Đổng, Hà Nội","Hai Bà Trưng, Hà Nội"
"27 Đường Cát Linh, Phường Ô Chợ Dừa, Hà Nội","Đống Đa, Hà Nội"
"29 ngõ 1 Đồng Me, Nam Từ Liêm, Hà Nội Đường Mễ Trì Thượng, Phường Từ Liêm, Hà Nội","Nam Từ Liêm, Hà Nội"
"51 ngõ 59 Đường Mễ Trì Hạ, Phường Từ Liêm, Hà Nội","Nam Từ Liêm, Hà Nội"
"50 Đường Hoà Bình 7, Phường Bạch Mai, Hà Nội","Hai Bà Trưng, Hà Nội"
"Đường Nguyễn Xiển, Phường Thanh Xuân, Hà Nội","Thanh Xuân, Hà Nội"
"ngõ 36 vũ trọng phung Đường Vũ Trọng Phụng, Phường Thanh Xuân, Hà Nội","Thanh Xuân, Hà Nội"
"76/28 xuân la, Phường Tây Hồ, Hà Nội","Tây Hồ, Hà Nội"
"8AM8 Đường Nguyễn An Ninh, Phường Thượng Cát, Hà Nội","Hoàng Mai, Hà Nội"
"Ngõ 22 Đường Tôn Thất Tùng, Phường Kim Liên, Hà Nội","Đống Đa, Hà Nội"
"Ngõ 45 Đường Linh Đường, Phường Hoàng Liệt, Hà Nội","Hoàng Mai, Hà Nội"
"6 ngõ 23 Đường Nguyễn Thị Định, Xã Trung Giã, Hà Nội","Cầu Giấy, Hà Nội"
"Ngõ 467 Đường Hoàng Hoa Thám, Phường Ngọc Hà, Hà Nội","Ba Đình, Hà Nội"
"số nhà 02, ngách 97/25, ngõ 97 Đường Khương Trung, Phường Khương Đình, Hà Nội","Thanh Xuân, Hà Nội"
"Đường Lê Văn Lương, Phường Yên Nghĩa, Hà Nội","Hà Đông, Hà Nội"
"nhà 3 ngõ 10 Đường Thịnh Liệt, Phường Hoàng Mai, Hà Nội","Hoàng Mai, Hà Nội"
"Số 18 ngõ 49 Đường Lê Đức Thọ, Xã Lạc Phượng, Hà Nội","Nam Từ Liêm, Hà Nội"
"103 D3 Phố Phương Mai, Phường Kim Liên, Hà Nội","Đống Đa, Hà Nội"
"308 Đường Đại Mỗ, Hà Nội","Nam Từ Liêm, Hà Nội"
"54 Ngõ 482 Đường Kim Giang, Phường Khương Đình, Hà Nội","Thanh Xuân, Hà Nội"
"18/9/77/207 Đường Bùi Xương Trạch, Phường Khương Đình, Hà Nội","Thanh Xuân, Hà Nội"
"7 Ngõ 22 Đường Tôn Thất Tùng, Phường Kim Liên, Hà Nội","Đống Đa, Hà Nội"
"19 Đường Mễ Trì Hạ, Phường Từ Liêm, Hà Nội","Nam Từ Liêm, Hà Nội"
"Số 100 Phố Lê Thanh Nghị, Phường Bạch Mai, Hà Nội","Hai Bà Trưng, Hà Nội"
"6, ngách 13, ngõ 279 Đường Hoàng Mai, Phường Tương Mai, Hà Nội","Hoàng Mai, Hà Nội"
"37b ngõ 1 Đường Phạm Văn Đồng, Phường Phú Diễn, Hà Nội","Cầu Giấy, Hà Nội"
"Số nhà 107, Hà Nội","Bắc Từ Liêm, Hà Nội"
"Ngõ 331 Đường Nguyễn Khang, Phường Cầu Giấy, Hà Nội","Cầu Giấy, Hà Nội"
"31 ngõ 27 Phố Xã Đàn, Phường Ô Chợ Dừa, Hà Nội","Đống Đa, Hà Nội"
"51 Đường Lương Khánh Thiện, Phường Thượng Cát, Hà Nội","Hoàng Mai, Hà Nội"
"70 Phố Thái Hà, Phường Đống Đa, Hà Nội","Đống Đa, Hà Nội"
"Ngõ 896/53 số 2A Đường Nguyễn Khoái, Phường Vĩnh Hưng, Hà Nội","Hoàng Mai, Hà Nội"
"49 Phố Quốc Tử Giám, Phường Văn Miếu - Quốc Tử Giám, Hà Nội","Đống Đa, Hà Nội"
"51 Đường Lãng Yên, Phường Vĩnh Tuy, Hà Nội","Hai Bà Trưng, Hà Nội"
"16 Đường Ngõ Trạm, Phường Hoàn Kiếm, Hà Nội","Hoàn Kiếm, Hà Nội"
"SN 75 Tổ 13 Võ Chí Công Đường Hoàng Quốc Việt, Phường Nghĩa Đô, Hà Nội","Cầu Giấy, Hà Nội"
"Ngõ 191A đại la, ngách 15 số nhà 17 Phố Đại La, Phường Bạch Mai, Hà Nội","Hai Bà Trưng, Hà Nội"
"30 Phố Lò Sũ, Phường Hoàn Kiếm, Hà Nội","Hoàn Kiếm, Hà Nội"
"Ngõ 79 Đường Cầu Giấy, Phường Cầu Giấy, Hà Nội","Cầu Giấy, Hà Nội"
"17 Đường Cầu Giấy, Phường Nghĩa Đô, Hà Nội","Cầu Giấy, Hà Nội"
"11 nghách 21 ngõ 241 Phố chợ Khâm Thiên Phố Chợ Khâm Thiên, Phường Văn Miếu - Quốc Tử Giám, Hà Nội","Đống Đa, Hà Nội"
"102 Đường Mễ Trì Hạ, Phường Từ Liêm, Hà Nội","Nam Từ Liêm, Hà Nội"
"324 Đường Cao Lỗ, Xã Đông Anh, Hà Nội","Đông Anh, Hà Nội"
"1 ngõ 166 Phố Kim Mã Thượng, Phường Giảng Võ, Hà Nội","Ba Đình, Hà Nội"
"Tập thể Nhà máy In tiền, 30 Đường Phạm Văn Đồng, Phường Cầu Giấy, Hà Nội","Cầu Giấy, Hà Nội"
"Số nhà 71 - ngõ 58 Phố Trần Bình, Phường Phú Diễn, Hà Nội","Cầu Giấy, Hà Nội"
"84 ngõ thống nhất Phố Đại La, Phường Bạch Mai, Hà Nội","Hai Bà Trưng, Hà Nội"
"51 Đường Linh Quang A, Phường Ô Chợ Dừa, Hà Nội","Đống Đa, Hà Nội"
"506 Đường Kim Giang, Phường Vĩnh Hưng, Hà Nội","Hoàng Mai, Hà Nội"
"3 Đường Hoàng Quốc Việt, Phường Nghĩa Đô, Hà Nội","Cầu Giấy, Hà Nội"
"148 ngõ 139 Đường Nguyễn Thị Định, Xã Trung Giã, Hà Nội","Cầu Giấy, Hà Nội"
"Tầng 3 Tập thể trường Múa VN gần đại học Thương Mại, Mai Dịch, Cầu giấy, HN Đường Hồ Tùng Mậu, Phường Phú Diễn, Hà Nội","Cầu Giấy, Hà Nội"
"187 Phố Bà Triệu, Phường Hai Bà Trưng, Hà Nội","Hai Bà Trưng, Hà Nội"
"52 Ngõ 79 Đường Cầu Giấy, Phường Cầu Giấy, Hà Nội","Cầu Giấy, Hà Nội"
"Đường Kim Giang, Phường Vĩnh Hưng, Hà Nội","Hoàng Mai, Hà Nội"
"ngõ 110 Phố Trung Kính, Phường Cầu Giấy, Hà Nội","Cầu Giấy, Hà Nội"
"Phố Cự Lộc, Hà Nội","Thanh Xuân, Hà Nội"
"220 Đường Cổ Nhuế, Phường Nghĩa Đô, Hà Nội","Bắc Từ Liêm, Hà Nội"
"18 ngõ 102/44/49 Phố Pháo Đài Láng, Phường Láng, Hà Nội","Đống Đa, Hà Nội"
"số 30B ngõ 192 Đường Kim Giang, Phường Định Công, Hà Nội","Hoàng Mai, Hà Nội"
"176 Đường Đội Cấn, Phường Giảng Võ, Hà Nội","Ba Đình, Hà Nội"
"P407A3 KT Đường Tôn Thất Tùng, Phường Văn Miếu - Quốc Tử Giám, Hà Nội","Đống Đa, Hà Nội"
"11b ngõ 27 Đường Hoàng Như Tiếp, Phường Bồ Đề, Hà Nội","Long Biên, Hà Nội"
"11 ngõ 60/26 Đường Hoàng Tăng Bí, Phường Đông Ngạc, Hà Nội","Bắc Từ Liêm, Hà Nội"
"28/8 Đường Đại Linh, Phường Đại Mỗ, Hà Nội","Nam Từ Liêm, Hà Nội"
"số 15, ngách 144/4 Phố Quan Nhân, Phường Thanh Xuân, Hà Nội","Thanh Xuân, Hà Nội"
"Số 06 - Ngõ 65 - Lương Định Của - Đống Đa - Hà Nội Phố Lương Định Của, Phường Kim Liên, Hà Nội","Đống Đa, Hà Nội"
"1368 Đường Cầu Giấy, Phường Cầu Giấy, Hà Nội","Cầu Giấy, Hà Nội"
"25 Phố Doãn Kế Thiện, Phường Phú Diễn, Hà Nội","Cầu Giấy, Hà Nội"
"68 Đường Mễ Trì Hạ, Phường Từ Liêm, Hà Nội","Nam Từ Liêm, Hà Nội"
"Ngõ 627 Đường Giải Phóng, Phường Tương Mai, Hà Nội","Hoàng Mai, Hà Nội"
"202 Đường Hoàng Đạo Thành, Phường Khương Đình, Hà Nội","Thanh Xuân, Hà Nội"
"423 Đường Thanh Bình, Phường Hà Đông, Hà Nội","Hà Đông, Hà Nội"
"92 Đường Tư Đình, Phường Long Biên, Hà Nội","Long Biên, Hà Nội"
"37 Đường Nguyễn Khang, Phường Cầu Giấy, Hà Nội","Cầu Giấy, Hà Nội"
"ngách 1/10/2A Đường Thúy Lĩnh, Xã Bát Tràng, Hà Nội","Hoàng Mai, Hà Nội"
"76, Phường Cầu Giấy, Hà Nội","Cầu Giấy, Hà Nội"
"37, Phường Văn Miếu - Quốc Tử Giám, Hà Nội","Đống Đa, Hà Nội"
"Phố Chính Kinh, Hà Nội","Thanh Xuân, Hà Nội"
"35 Đường Đường Láng, Phường Láng, Hà Nội","Đống Đa, Hà Nội"
"46, ngõ 109 Đường Hoàng Ngân, Phường Thanh Xuân, Hà Nội","Thanh Xuân, Hà Nội"
"Số 4 Đường Phú Diễn, Phường Phú Diễn, Hà Nội","Bắc Từ Liêm, Hà Nội"
"455 Phố Kim Mã, Phường Giảng Võ, Hà Nội","Ba Đình, Hà Nội"
"Tầng 4 , Tập thể 242 , Đường Minh Khai, Phường Bạch Mai, Hà Nội","Hai Bà Trưng, Hà Nội"
"Số 33 ngách 11, ngõ 1295 Đường Giải Phóng, Phường Hoàng Mai, Hà Nội","Hoàng Mai, Hà Nội"
"186 Đường Văn Cao, Phường Ngọc Hà, Hà Nội","Ba Đình, Hà Nội"
"ngõ 57, đường trung văn, Phường Đại Mỗ, Hà Nội","Nam Từ Liêm, Hà Nội"
"Ngõ 29 đường yên xá Đường Yên Xá, Phường Thanh Liệt, Hà Nội","Thanh Trì, Hà Nội"
"175A Đường Nguyễn Khang, Phường Cầu Giấy, Hà Nội","Cầu Giấy, Hà Nội"
"Ngõ 96 Phố Phùng Hưng, Hà Nội","Đan Phượng, Hà Nội"
"23 ngõ 12 Đường Phan Đình Giót, Phường Phương Liệt, Hà Nội","Thanh Xuân, Hà Nội"
"Số 7, ngách 354/137 Trường Chinh, Đống Đa, Hà Nội Phố Khương Thượng, Phường Kim Liên, Hà Nội","Đống Đa, Hà Nội"
"Đường Tam Trinh, Phường Tương Mai, Hà Nội","Hoàng Mai, Hà Nội"
"Ngõ 211, Phường Khương Đình, Hà Nội","Thanh Xuân, Hà Nội"
"25 Đường Mễ Trì Hạ, Phường Từ Liêm, Hà Nội","Nam Từ Liêm, Hà Nội"
"NGO 529 Đường Ngô Gia Tự, Phường Xuân Đỉnh, Hà Nội","Long Biên, Hà Nội"
"Tại số 5, ngõ 24/3 Hoàng Quốc Việt, Q. Cầu Giấy, Hà Nội Đường Hoàng Quốc Việt, Phường Nghĩa Đô, Hà Nội","Cầu Giấy, Hà Nội"
"29, Phường Từ Liêm, Hà Nội","Nam Từ Liêm, Hà Nội"
"111 Đường Lê Quang Đạo, Phường Từ Liêm, Hà Nội","Nam Từ Liêm, Hà Nội"
"06 Đường Ngô Quyền, Phường Hà Đông, Hà Nội","Hà Đông, Hà Nội"
"127 ngõ 8 lê quang đạo Đường Lê Quang Đạo, Phường Từ Liêm, Hà Nội","Nam Từ Liêm, Hà Nội"
"162B Phố Tôn Đức Thắng, Phường Văn Miếu - Quốc Tử Giám, Hà Nội","Đống Đa, Hà Nội"
"17 ngõ 61 Đường Tây Sơn, Phường Kim Liên, Hà Nội","Đống Đa, Hà Nội"
"55/358 Đường Bùi Xương Trạch, Phường Khương Đình, Hà Nội","Thanh Xuân, Hà Nội"
"Số nhà 61 Ngõ 42 Đường Triều Khúc, Phường Thanh Xuân, Hà Nội","Thanh Xuân, Hà Nội"
"45B Phố Nguyễn Ngọc Vũ, Xã Trung Giã, Hà Nội","Cầu Giấy, Hà Nội"
"Đường Phan Đình Giót, Phường Hà Đông, Hà Nội","Hà Đông, Hà Nội"
"91 Ngõ 634 kim giang( n 8m ôtô tránh) Đường Cầu Dậu, Hà Nội","Thanh Trì, Hà Nội"
"86 Đường Âu Cơ, Phường Hồng Hà, Hà Nội","Tây Hồ, Hà Nội"
"14B ngách 76 ngõ 124 Đường Âu Cơ, Phường Hồng Hà, Hà Nội","Tây Hồ, Hà Nội"
"1074 Đường Đường Láng, Phường Láng, Hà Nội","Đống Đa, Hà Nội"
"số 11, ngõ 89 Đường Mễ Trì Thượng, Phường Từ Liêm, Hà Nội","Nam Từ Liêm, Hà Nội"
"số 5 ngõ 229 Đường Nguyễn Văn Linh, Phường Phúc Lợi, Hà Nội","Long Biên, Hà Nội"
"15 ngách 1 ngõ 260 Phố Chợ Khâm Thiên, Phường Văn Miếu - Quốc Tử Giám, Hà Nội","Đống Đa, Hà Nội"
"Số 24 ngách 65 ngõ 77 Phố số 8/3, Phường Bạch Mai, Hà Nội","Hai Bà Trưng, Hà Nội"
"164 Đường Vương Thừa Vũ, Phường Khương Đình, Hà Nội","Thanh Xuân, Hà Nội"
"số 18/62/108 đường Nghi Tàm, Phường Hồng Hà, Hà Nội","Tây Hồ, Hà Nội"
"24 ngõ 192 Phố Kim Mã, Phường Giảng Võ, Hà Nội","Ba Đình, Hà Nội"
"27 Phố Chùa Láng, Phường Láng, Hà Nội","Đống Đa, Hà Nội"
"nhà 52 ngõ 171 Nguyễn ngọc vũ Phố Nguyễn Ngọc Vũ, Xã Trung Giã, Hà Nội","Cầu Giấy, Hà Nội"
"Nhà 22, ngách 1, ngõ 162 Khương Đình Đường Khương Đình, Phường Khương Đình, Hà Nội","Thanh Xuân, Hà Nội"
"Ngõ 515/3/2 Đường Hoàng Hoa Thám, Phường Ngọc Hà, Hà Nội","Ba Đình, Hà Nội"
"24A ngõ 562 Thuỵ Khuê, Tây Hồ, Hà Nội đường Thụy Khuê, Phường Tây Hồ, Hà Nội","Tây Hồ, Hà Nội"
"Đường số 19/5, Phường Hà Đông, Hà Nội","Hà Đông, Hà Nội"
"59c Ngõ 194/45 Đường Đội Cấn, Phường Ba Đình, Hà Nội","Ba Đình, Hà Nội"
"Phố Trần Vỹ, Phường Phú Diễn, Hà Nội","Cầu Giấy, Hà Nội"
"Ngõ36, số nhà 17 Đường Đông Thiên, Phường Vĩnh Hưng, Hà Nội","Hoàng Mai, Hà Nội"
"Xóm 3 - Xuân Dục Đường Yên Khê, Xã Phù Đổng, Hà Nội","Gia Lâm, Hà Nội"
"89-91 Đường Kim Giang, Hà Nội","Thanh Trì, Hà Nội"
"11 Đường Phú Diễn, Phường Phú Diễn, Hà Nội","Bắc Từ Liêm, Hà Nội"
"14b ngách 76 ngõ 124 Đường Âu Cơ, Phường Hồng Hà, Hà Nội","Tây Hồ, Hà Nội"
"Số 3 ngách 347/57 Đường Cổ Nhuế, Phường Đông Ngạc, Hà Nội","Bắc Từ Liêm, Hà Nội"
"Số 9 ngách 639/39/31 Đường Hoàng Hoa Thám, Phường Ngọc Hà, Hà Nội","Ba Đình, Hà Nội"
"Đường Đỗ Đức Dục, Phường Từ Liêm, Hà Nội","Nam Từ Liêm, Hà Nội"
"Đường Ngọc Hồi, Xã Thanh Trì, Hà Nội","Thanh Trì, Hà Nội"
"8 Đường Nguyễn Khang, Phường Cầu Giấy, Hà Nội","Cầu Giấy, Hà Nội"
"Đường Cốm Vòng, Phường Cầu Giấy, Hà Nội","Cầu Giấy, Hà Nội"
"212 Phố Vũ Hữu, Phường Thanh Xuân, Hà Nội","Thanh Xuân, Hà Nội"
"Đường Tống Duy Tân, Phường Hoàn Kiếm, Hà Nội","Hoàn Kiếm, Hà Nội"
"19 ngõ 103 Đường Giáp Bát, Phường Tương Mai, Hà Nội","Hoàng Mai, Hà Nội"
"23 Đường Nguyễn Khuyến, Phường Hà Đông, Hà Nội","Hà Đông, Hà Nội"
"số 191/63 Phố Khương Thượng, Phường Kim Liên, Hà Nội","Đống Đa, Hà Nội"
"160 Phố Quan Nhân, Phường Thanh Xuân, Hà Nội","Thanh Xuân, Hà Nội"
"32 ngõ 6 Đường Quần Ngựa, Phường Ngọc Hà, Hà Nội","Ba Đình, Hà Nội"
"Số 2 nguyễn hoàng, Xã Lạc Phượng, Hà Nội","Nam Từ Liêm, Hà Nội"
"62/333 Đường Xuân Đỉnh, Phường Xuân Đỉnh, Hà Nội","Bắc Từ Liêm, Hà Nội"
"Số 138, ngõ 141 Đường Giáp Nhị, Hà Nội","Hoàng Mai, Hà Nội"
"250/106/02 Kim Giang Đường Kim Giang, Phường Định Công, Hà Nội","Hoàng Mai, Hà Nội"
"11 Đường Đông Thiên, Phường Vĩnh Hưng, Hà Nội","Hoàng Mai, Hà Nội"
"Số nhà 6 ngõ 189 giáp nhất Đường Giáp Nhất, Phường Khương Đình, Hà Nội","Thanh Xuân, Hà Nội"
"Phố Yên Lạc, Phường Vĩnh Tuy, Hà Nội","Hai Bà Trưng, Hà Nội"
"Ngõ 5 Đường Hoàng Quốc Việt, Phường Nghĩa Đô, Hà Nội","Cầu Giấy, Hà Nội"
"7 Đường Đê La Thành, Phường Giảng Võ, Hà Nội","Ba Đình, Hà Nội"
"19E Đường Tân Phong, Phường Đông Ngạc, Hà Nội","Bắc Từ Liêm, Hà Nội"
"70 - X5 Đường Hồ Tùng Mậu, Phường Phú Diễn, Hà Nội","Cầu Giấy, Hà Nội"
"84 Đường Tứ Hiệp, Xã Thanh Trì, Hà Nội","Thanh Trì, Hà Nội"
"594 Đường Láng, Phường Láng, Hà Nội","Đống Đa, Hà Nội"
"NO24 Đường Hà Trì, Phường Hà Đông, Hà Nội","Hà Đông, Hà Nội"
"119 Đường Tam Trinh, Phường Vĩnh Tuy, Hà Nội","Hoàng Mai, Hà Nội"
"73 Đường Nguyễn Trãi, Phường Khương Đình, Hà Nội","Thanh Xuân, Hà Nội"
"Chung cư Nơ2 Đường Linh Đàm, Phường Hoàng Liệt, Hà Nội","Hoàng Mai, Hà Nội"
"Ngách 144/8 Phố Quan Nhân, Phường Thanh Xuân, Hà Nội","Thanh Xuân, Hà Nội"
"68 Ngõ Hòa Bình Phố Khâm Thiên, Phường Văn Miếu - Quốc Tử Giám, Hà Nội","Đống Đa, Hà Nội"
"54 ngõ 121 Phố Chùa Láng, Phường Láng, Hà Nội","Đống Đa, Hà Nội"
"Đường Cổ Nhuế, Phường Nghĩa Đô, Hà Nội","Bắc Từ Liêm, Hà Nội"
"ngõ 65 Đường Khương Đình, Phường Khương Đình, Hà Nội","Thanh Xuân, Hà Nội"
"17 Phố Pháo Đài Láng, Phường Láng, Hà Nội","Đống Đa, Hà Nội"
"Ngõ 56 Phố Doãn Kế Thiện, Phường Phú Diễn, Hà Nội","Cầu Giấy, Hà Nội"
"Phòng 9, F5, ngõ 40/60/11 Tạ Quang Bửu, Bách Khoa, Hà Nội Phố Tạ Quang Bửu, Phường Bạch Mai, Hà Nội","Hai Bà Trưng, Hà Nội"
"Số 8, ngõ 81 xóm lẻ Đường Triều Khúc, Phường Thanh Liệt, Hà Nội","Thanh Trì, Hà Nội"
"số 14 ngõ 93 Phố Trung Kính, Phường Cầu Giấy, Hà Nội","Cầu Giấy, Hà Nội"
"11ngõ145 Phố Quan Nhân, Phường Thanh Xuân, Hà Nội","Thanh Xuân, Hà Nội"
"260 Đường Cầu Giấy, Phường Nghĩa Đô, Hà Nội","Cầu Giấy, Hà Nội"
"55E ngo 67 Nguyễn Văn Cừ Đường Nguyễn Văn Cừ, Phường Bồ Đề, Hà Nội","Long Biên, Hà Nội"
"10 Đường Nguyễn Trung Trực, Phường Ba Đình, Hà Nội","Ba Đình, Hà Nội"
"296 Đường Lĩnh Nam, Xã Bát Tràng, Hà Nội","Hoàng Mai, Hà Nội"
"1/318/160 Đường Cổ Linh, Phường Long Biên, Hà Nội","Long Biên, Hà Nội"
"18 ngõ 44 Phố Hào Nam, Phường Ô Chợ Dừa, Hà Nội","Đống Đa, Hà Nội"
"Số 74, ngõ 180A/3 Đường Nguyễn Lương Bằng, Phường Kim Liên, Hà Nội","Đống Đa, Hà Nội"
"19/162 Đường Cổ Nhuế, Phường Đông Ngạc, Hà Nội","Bắc Từ Liêm, Hà Nội"
"ngõ 77 Đường Hồ Ba Mẫu, Phường Kim Liên, Hà Nội","Đống Đa, Hà Nội"
"Số nhà 15 ngõ 157/23/9 Phố Chùa Láng, Phường Láng, Hà Nội","Đống Đa, Hà Nội"
"ngõ 28/8 Đường Đại Linh, Phường Đại Mỗ, Hà Nội","Nam Từ Liêm, Hà Nội"
"số 42 ngõ 32 đỗ đức dục Đường Đỗ Đức Dục, Phường Từ Liêm, Hà Nội","Nam Từ Liêm, Hà Nội"
"Nhà số 6 nghách 18 ngõ 133 Đường Xuân Thủy, Phường Cầu Giấy, Hà Nội","Cầu Giấy, Hà Nội"
"105 Đường Nguyễn Khang, Phường Cầu Giấy, Hà Nội","Cầu Giấy, Hà Nội"
"53 Đường Hoa Lâm, Phường Việt Hưng, Hà Nội","Long Biên, Hà Nội"
"OCT 3D Đường Phạm Văn Đồng, Phường Xuân Đỉnh, Hà Nội","Bắc Từ Liêm, Hà Nội"
"Nhà số 6, Ngách 42/1, Ngõ 106 Đường Hoàng Quốc Việt, Phường Nghĩa Đô, Hà Nội","Cầu Giấy, Hà Nội"
"16 Đường Bưởi, Phường Nghĩa Đô, Hà Nội","Cầu Giấy, Hà Nội"
"Ngõ 143 ngõ chợ khâm thiên Phố Khâm Thiên, Phường Văn Miếu - Quốc Tử Giám, Hà Nội","Đống Đa, Hà Nội"
"Đường Tân Xuân, Phường Xuân Đỉnh, Hà Nội","Bắc Từ Liêm, Hà Nội"
"sau cây xăng 74 Đường Ngọc Hồi, Xã Thanh Trì, Hà Nội","Thanh Trì, Hà Nội"
"21A ngõ 49 Đường Triều Khúc, Phường Thanh Liệt, Hà Nội","Thanh Trì, Hà Nội"
"Nhà 2 ngõ 452 Đường Trương Định, Phường Hoàng Mai, Hà Nội","Hoàng Mai, Hà Nội"
"Số 11 ngõ 97/1 Đường Khương Trung, Phường Khương Đình, Hà Nội","Thanh Xuân, Hà Nội"
"Đường số 69, Phường Đông Ngạc, Hà Nội","Bắc Từ Liêm, Hà Nội"
"76 Đường Duy Tân, Phường Cầu Giấy, Hà Nội","Cầu Giấy, Hà Nội"
"Số 36b ngõ 255 Đường Nguyễn Khang, Phường Cầu Giấy, Hà Nội","Cầu Giấy, Hà Nội"
"A34TT11 Đường Nguyễn Khuyến, Phường Hà Đông, Hà Nội","Hà Đông, Hà Nội"
"Số 42E ngách 37 ngõ 924 Đường Nguyễn Khoái, Phường Vĩnh Hưng, Hà Nội","Hoàng Mai, Hà Nội"
"1A ngõ 154 Đường Trần Duy Hưng, Xã Trung Giã, Hà Nội","Cầu Giấy, Hà Nội"
"số 3 ngõ 14/27 Mễ Trì Hạ, Phường Từ Liêm, Hà Nội","Nam Từ Liêm, Hà Nội"
"số 53 ngách 5 ngõ 204 Đường Trần Duy Hưng, Xã Trung Giã, Hà Nội","Cầu Giấy, Hà Nội"
"Ngõ 55 Đường Tân Xuân, Phường Xuân Đỉnh, Hà Nội","Bắc Từ Liêm, Hà Nội"
"So 78, Vo Chi Cong Đường Hoàng Quốc Việt, Phường Nghĩa Đô, Hà Nội","Cầu Giấy, Hà Nội"
"Phố Đình Thôn, Phường Từ Liêm, Hà Nội","Nam Từ Liêm, Hà Nội"
"35 Phố Kim Mã Thượng, Phường Ngọc Hà, Hà Nội","Ba Đình, Hà Nội"
"21, Phường Hoàn Kiếm, Hà Nội","Hoàn Kiếm, Hà Nội"
"888 Đường Cao tốc Nhật Tân Nội Bài, Xã Vĩnh Thanh, Hà Nội","Đông Anh, Hà Nội"
"Số 17 ngách 63/33/71 Đường Lê Đức Thọ, Xã Lạc Phượng, Hà Nội","Nam Từ Liêm, Hà Nội"
"Ngách 61 Ngõ 67 Đường Phùng Khoang, Phường Thanh Xuân, Hà Nội","Thanh Xuân, Hà Nội"
"22 Phố Quan Nhân, Phường Thanh Xuân, Hà Nội","Thanh Xuân, Hà Nội"
"44b/207/103 Đường Xuân Đỉnh, Phường Xuân Đỉnh, Hà Nội","Bắc Từ Liêm, Hà Nội"
"10 Đường Đại Linh, Phường Từ Liêm, Hà Nội","Nam Từ Liêm, Hà Nội"
"Số 27 ngõ 14 Đường Mễ Trì Hạ, Phường Từ Liêm, Hà Nội","Nam Từ Liêm, Hà Nội"
"63 trần quốc vượng Đường Xuân Thủy, Phường Cầu Giấy, Hà Nội","Cầu Giấy, Hà Nội"
"16 Ngõ 26 Phố Chùa Hà, Phường Cầu Giấy, Hà Nội","Cầu Giấy, Hà Nội"
"Số 6/65 ngõ 401 Xuân Đỉnh , Bắc Từ Liêm Đường Xuân Đỉnh, Phường Xuân Đỉnh, Hà Nội","Bắc Từ Liêm, Hà Nội"
"34 Đường Vũ Phạm Hàm, Xã Trung Giã, Hà Nội","Cầu Giấy, Hà Nội"
"số 11, ngõ 91, Phường Phú Diễn, Hà Nội","Bắc Từ Liêm, Hà Nội"
"6A/219/75 Phố Nguyễn Ngọc Vũ, Xã Trung Giã, Hà Nội","Cầu Giấy, Hà Nội"
"8c Phố Trung Kính, Phường Cầu Giấy, Hà Nội","Cầu Giấy, Hà Nội"
"Số 16 ngõ 69B ngách 45 hẻm 16 Đường Hoàng Văn Thái, Phường Khương Đình, Hà Nội","Thanh Xuân, Hà Nội"
"34 ngõ 197 Đường Trần Phú, Phường Hà Đông, Hà Nội","Hà Đông, Hà Nội"
"Số 113 Ngõ 68 Đường Đội Cấn, Hà Nội","Ba Đình, Hà Nội"
"Số nhà 9 ngách 34 ngõ 105 Đường Yên Hòa, Phường Cầu Giấy, Hà Nội","Cầu Giấy, Hà Nội"
"số 5 Đường Lê Đức Thọ, Xã Lạc Phượng, Hà Nội","Nam Từ Liêm, Hà Nội"
"64 ngõ 100 Đường Nguyễn Chí Thanh, Phường Láng, Hà Nội","Đống Đa, Hà Nội"
"1 Ngõ 83 Phố Xã Đàn, Phường Kim Liên, Hà Nội","Đống Đa, Hà Nội"
"1293 Đường Giải Phóng, Phường Phương Liệt, Hà Nội","Thanh Xuân, Hà Nội"
"36 Đường Mỗ Lao, Phường Hà Đông, Hà Nội","Hà Đông, Hà Nội"
"68 Đường Triều Khúc, Phường Thanh Xuân, Hà Nội","Thanh Xuân, Hà Nội"
"số 12, ngách 43/99/7, ngõ 110 Đường Trần Duy Hưng, Xã Trung Giã, Hà Nội","Cầu Giấy, Hà Nội"
"23 ngõ 12 Nguyễn phúc Lai Phố Nguyễn Phúc Lai, Hà Nội","Đống Đa, Hà Nội"
"Ngõ 116 Đường Lương Thế Vinh, Phường Thanh Xuân, Hà Nội","Thanh Xuân, Hà Nội"
"E3 Phố Phương Mai, Phường Kim Liên, Hà Nội","Đống Đa, Hà Nội"
"Số 8, ngách 14/30/36 Đường Mễ Trì Hạ, Phường Từ Liêm, Hà Nội","Nam Từ Liêm, Hà Nội"
"21A/67 Đường Nguyễn Văn Cừ, Phường Bồ Đề, Hà Nội","Long Biên, Hà Nội"
"609,ct7b Khu Đô thị Dương Nội 2 Hà Nội Đường Lê Văn Lương, Phường Dương Nội, Hà Nội","Hà Đông, Hà Nội"
"605 Đường Nguyễn Văn Cừ, Phường Đông Ngạc, Hà Nội","Long Biên, Hà Nội"
"11 ngõ 357 Phố Bạch Mai, Phường Bạch Mai, Hà Nội","Hai Bà Trưng, Hà Nội"
"124 Đường Âu Cơ, Phường Hồng Hà, Hà Nội","Tây Hồ, Hà Nội"
"5/14 Phố Thạch Cầu, Phường Long Biên, Hà Nội","Long Biên, Hà Nội"
"Ngõ 321 Phố Vũ Tông Phan, Phường Khương Đình, Hà Nội","Thanh Xuân, Hà Nội"
"số 7 ngách 276/45 Đường Đại Từ, Phường Định Công, Hà Nội","Hoàng Mai, Hà Nội"
"42 ngõ 61 Đường Hoàng Quốc Việt, Phường Nghĩa Đô, Hà Nội","Bắc Từ Liêm, Hà Nội"
"44B Đường Cầu Đất, Phường Hồng Hà, Hà Nội","Hoàn Kiếm, Hà Nội"
"Số 1,Tổ 15,Tứ Kỳ Đường Ngọc Hồi, Phường Hoàng Liệt, Hà Nội","Hoàng Mai, Hà Nội"
"Số 1 C9 Ngõ Tự Do Phố Trần Đại Nghĩa, Phường Bạch Mai, Hà Nội","Hai Bà Trưng, Hà Nội"
"số 5A, ngách 43/10/3, ngõ 43, Trung Kinh street ( ngõ 110, Tran Duy Hung street), Hanoi, Vi Đường Trần Duy Hưng, Xã Trung Giã, Hà Nội","Cầu Giấy, Hà Nội"
"số nhà 79 ngõ 36 Phố Dịch Vọng Hậu, Phường Cầu Giấy, Hà Nội","Cầu Giấy, Hà Nội"
"Đường Hoàng Hoa Thám, Phường Ba Đình, Hà Nội","Ba Đình, Hà Nội"
"121 Đường Kim Ngưu, Phường Vĩnh Tuy, Hà Nội","Hai Bà Trưng, Hà Nội"
"Số nhà 14 ngõ 144/40 Phố Quan Nhân, Phường Thanh Xuân, Hà Nội","Thanh Xuân, Hà Nội"
"164A Đường Yên Bình, Phường Hà Đông, Hà Nội","Hà Đông, Hà Nội"
"21 a ngo 67 Nguyễn van cu Đường Nguyễn Văn Cừ, Phường Bồ Đề, Hà Nội","Long Biên, Hà Nội"
"110 ngõ 59 Đường Mễ Trì Hạ, Phường Từ Liêm, Hà Nội","Nam Từ Liêm, Hà Nội"
"25 ngõ 259, Phường Phú Diễn, Hà Nội","Bắc Từ Liêm, Hà Nội"
"11/1395 Đường Giải Phóng, Phường Hoàng Liệt, Hà Nội","Hoàng Mai, Hà Nội"
"19, Hà Nội","Hà Đông, Hà Nội"
"ngõ 467 Đường Lĩnh Nam, Xã Bát Tràng, Hà Nội","Hoàng Mai, Hà Nội"
"678 Đường Đê La Thành, Phường Giảng Võ, Hà Nội","Ba Đình, Hà Nội"
"8 Đường Cổ Nhuế, Hà Nội","Bắc Từ Liêm, Hà Nội"
"117 Đường Phú Viên, Phường Bồ Đề, Hà Nội","Long Biên, Hà Nội"
"Số 21 ngõ 641 Phạm Văn Đồng Đường Phạm Văn Đồng, Phường Đông Ngạc, Hà Nội","Bắc Từ Liêm, Hà Nội"
"16 ngõ 321 Đường Vĩnh Hưng, Phường Vĩnh Hưng, Hà Nội","Hoàng Mai, Hà Nội"
"Ngõ 61 Phố Hoàng Cầu, Phường Ô Chợ Dừa, Hà Nội","Đống Đa, Hà Nội"
"251 Phố Kim Mã, Phường Giảng Võ, Hà Nội","Ba Đình, Hà Nội"
"15 Ngách 279/23 Ngõ 279 Đường Hoàng Mai, Phường Tương Mai, Hà Nội","Hoàng Mai, Hà Nội"
"Số nhà 23 Đường Minh Khai, Phường Tương Mai, Hà Nội","Hoàng Mai, Hà Nội"
"37 Đường Hoa Bằng, Phường Cầu Giấy, Hà Nội","Cầu Giấy, Hà Nội"
"2A Phố Quan Nhân, Phường Thanh Xuân, Hà Nội","Thanh Xuân, Hà Nội"
"Ngõ 312 Đường Kim Giang, Phường Định Công, Hà Nội","Hoàng Mai, Hà Nội"
"K7 Đường Hoàng Quốc Việt, Phường Nghĩa Đô, Hà Nội","Cầu Giấy, Hà Nội"
"18, Phường Đông Ngạc, Hà Nội","Bắc Từ Liêm, Hà Nội"
"131 Đường Nguyễn Chính, Phường Hoàng Mai, Hà Nội","Hoàng Mai, Hà Nội"
"111 Đường Triều Khúc, Phường Thanh Xuân, Hà Nội","Thanh Xuân, Hà Nội"
"Nhà vườn 1.1 lô 27 gelexia, ngõ 885 Tam Trinh Đường Tam Trinh, Phường Yên Sở, Hà Nội","Hoàng Mai, Hà Nội"
"Số 17H, ngách 211/17, ngõ 211 Đường Khương Trung, Phường Khương Đình, Hà Nội","Thanh Xuân, Hà Nội"
"3 ngách 101 ngõ 254 Đường Minh Khai, Phường Vĩnh Tuy, Hà Nội","Hoàng Mai, Hà Nội"
"15 ngõ Phố Bạch Mai, Xã Phù Đổng, Hà Nội","Hai Bà Trưng, Hà Nội"
"Số 11 Ngõ 488 Đường Bạch Đằng, Phường Hồng Hà, Hà Nội","Hoàn Kiếm, Hà Nội"
"316 Đường Tựu Liệt, Phường Hoàng Liệt, Hà Nội","Thanh Trì, Hà Nội"
"Số nhà 37 Đường Quỳnh Lôi, Phường Bạch Mai, Hà Nội","Hai Bà Trưng, Hà Nội"
"Số 27 Ngõ 29 đường Võng Thị, Phường Tây Hồ, Hà Nội","Tây Hồ, Hà Nội"
"6 Đường Đặng Văn Ngữ, Phường Kim Liên, Hà Nội","Đống Đa, Hà Nội"
"4/54 Đường Kim Quan, Phường Việt Hưng, Hà Nội","Long Biên, Hà Nội"
"470 Đường Đại Mỗ, Hà Nội","Nam Từ Liêm, Hà Nội"
"8 Phố Phùng Hưng, Phường Hà Đông, Hà Nội","Hà Đông, Hà Nội"
"315 Đường Hoàng Mai, Phường Tương Mai, Hà Nội","Hoàng Mai, Hà Nội"
"Đường Nguyễn Chánh, Xã Trung Giã, Hà Nội","Cầu Giấy, Hà Nội"
"Số 3 ngõ 358 , tdp viên 5 Đường Cổ Nhuế, Phường Đông Ngạc, Hà Nội","Bắc Từ Liêm, Hà Nội"
"36 Đường Âu Cơ, Phường Tây Hồ, Hà Nội","Tây Hồ, Hà Nội"
"1b, ngõ 102 Đường Khương Trung, Phường Khương Đình, Hà Nội","Thanh Xuân, Hà Nội"
"30 ngõ 32/84/27 Đường Đỗ Đức Dục, Phường Từ Liêm, Hà Nội","Nam Từ Liêm, Hà Nội"
"ngõ 93, Phường Từ Liêm, Hà Nội","Nam Từ Liêm, Hà Nội"
"47 Phố Chính Kinh, Phường Thanh Xuân, Hà Nội","Thanh Xuân, Hà Nội"
"76 đường An Dương, Phường Tây Hồ, Hà Nội","Tây Hồ, Hà Nội"
"Số nhà 57, ngõ 115 Đường Chiến Thắng, Phường Hà Đông, Hà Nội","Hà Đông, Hà Nội"
"Ngõ 71 Đường Tân Ấp, Phường Hồng Hà, Hà Nội","Ba Đình, Hà Nội"
"8, Phường Phú Thượng, Hà Nội","Tây Hồ, Hà Nội"
"24 Phố Kim Mã, Phường Giảng Võ, Hà Nội","Ba Đình, Hà Nội"
"82 Đường Kim Giang, Phường Định Công, Hà Nội","Hoàng Mai, Hà Nội"
"86, Xã Lạc Phượng, Hà Nội","Nam Từ Liêm, Hà Nội"
"322 Đường Mỹ Đình, Xã Lạc Phượng, Hà Nội","Nam Từ Liêm, Hà Nội"
"199 Phố Đình Thôn, Phường Từ Liêm, Hà Nội","Nam Từ Liêm, Hà Nội"
"số 51 tổ 50 ngõ 193 Phố Trung Kính, Phường Cầu Giấy, Hà Nội","Cầu Giấy, Hà Nội"
"Ngõ 100 ngách 25 số nhà 22 Phố Chợ Khâm Thiên, Phường Văn Miếu - Quốc Tử Giám, Hà Nội","Đống Đa, Hà Nội"
"29 Đường Linh Đường, Phường Hoàng Liệt, Hà Nội","Hoàng Mai, Hà Nội"
"Số 10, ngách 236/17/18, ngõ 236 Đường Khương Đình, Phường Khương Đình, Hà Nội","Thanh Xuân, Hà Nội"
"8/308 Phố Xã Đàn, Hà Nội","Đống Đa, Hà Nội"
"số 17/18, Phường Cầu Giấy, Hà Nội","Cầu Giấy, Hà Nội"
"79 ngõ 121 Đường Kim Ngưu, Phường Vĩnh Tuy, Hà Nội","Hai Bà Trưng, Hà Nội"
"Ngõ 102 Đường Bờ Sông, Phường Nghĩa Đô, Hà Nội","Cầu Giấy, Hà Nội"
"Nhà số 5, Ngõ 120 Hoàng Mai Đường Hoàng Mai, Phường Tương Mai, Hà Nội","Hoàng Mai, Hà Nội"
"LK 20AB - ngõ 50 Phố Lê Trọng Tấn, Phường Dương Nội, Hà Nội","Hà Đông, Hà Nội"
"Số 16 ngõ 77/5 Đường Bùi Xương Trạch, Phường Khương Đình, Hà Nội","Thanh Xuân, Hà Nội"
"4b Đường Vĩnh Hưng, Phường Vĩnh Hưng, Hà Nội","Hoàng Mai, Hà Nội"
"Số 63 Ngõ 243 Đường Ngọc Thụy, Phường Hồng Hà, Hà Nội","Long Biên, Hà Nội"
"ngõ 15 Đường Phú Kiều, Phường Phú Diễn, Hà Nội","Bắc Từ Liêm, Hà Nội"
"Nhà số 1 ngõ 180 Đường Kim Đồng, Phường Tương Mai, Hà Nội","Hoàng Mai, Hà Nội"
"42 Phố Chùa Láng, Phường Láng, Hà Nội","Đống Đa, Hà Nội"
"37M Phố Phố Vọng, Phường Bạch Mai, Hà Nội","Hai Bà Trưng, Hà Nội"
"Đường Hoàng Quốc Việt, Phường Nghĩa Đô, Hà Nội","Bắc Từ Liêm, Hà Nội"
"1/460 Đường Hoàng Hoa Thám, Phường Tây Hồ, Hà Nội","Tây Hồ, Hà Nội"
"460 Phố Vũ Tông Phan, Phường Khương Đình, Hà Nội","Thanh Xuân, Hà Nội"
"40c Đường Trần Duy Hưng, Xã Trung Giã, Hà Nội","Cầu Giấy, Hà Nội"
"2 Đường Đại Linh, Phường Đại Mỗ, Hà Nội","Nam Từ Liêm, Hà Nội"
"29 Ngõ 145 Phố Quan Nhân, Phường Khương Đình, Hà Nội","Thanh Xuân, Hà Nội"
"2B Đường Cầu Dậu, Hà Nội","Thanh Trì, Hà Nội"
"Số 16 ngõ 45 Đường Võ Chí Công, Phường Nghĩa Đô, Hà Nội","Cầu Giấy, Hà Nội"
"25 Phố Hàng Mắm, Phường Hoàn Kiếm, Hà Nội","Hoàn Kiếm, Hà Nội"
"Ngõ 213 Phố Trần Đại Nghĩa, Phường Bạch Mai, Hà Nội","Hai Bà Trưng, Hà Nội"
"Số 86 ngõ 150 Phố Kim Hoa, Phường Kim Liên, Hà Nội","Đống Đa, Hà Nội"
"Ngõ 158 Ngọc Hà, Phường Ba Đình, Hà Nội","Ba Đình, Hà Nội"
"506 Đường Kim Giang, Hà Nội","Thanh Trì, Hà Nội"
"406 Đường Âu Cơ, Phường Hồng Hà, Hà Nội","Tây Hồ, Hà Nội"
"Số 52 ngõ 406 Đường Âu Cơ, Phường Hồng Hà, Hà Nội","Tây Hồ, Hà Nội"
"ngõ 55 Phố Chính Kinh, Phường Thanh Xuân, Hà Nội","Thanh Xuân, Hà Nội"
"Số nhà 5, ngõ Tiên Phong, Thôn Dền Đường Quốc lộ 32, Hà Nội","Hoài Đức, Hà Nội"
"Đường Ngọc Lâm, Hà Nội","Long Biên, Hà Nội"
"129 Đường Nguyễn Trãi, Phường Khương Đình, Hà Nội","Thanh Xuân, Hà Nội"
"151 Đường Nguyễn Đức Cảnh, Phường Thượng Cát, Hà Nội","Hoàng Mai, Hà Nội"
"267 Đường Hoàng Hoa Thám, Phường Ngọc Hà, Hà Nội","Ba Đình, Hà Nội"
"6 Phố Mai Dịch, Phường Phú Diễn, Hà Nội","Cầu Giấy, Hà Nội"
"Tập thể Hồ Việt Xô nhà E1 Đường Tây Kết, Phường Hồng Hà, Hà Nội","Hai Bà Trưng, Hà Nội"
"7 ngõ 68 ngách 53/16 Đường Cầu Giấy, Phường Nghĩa Đô, Hà Nội","Cầu Giấy, Hà Nội"
"Nhà số 06, Ngõ 197, Phố Yên Hòa, Q. Đường Yên Hòa, Phường Cầu Giấy, Hà Nội","Cầu Giấy, Hà Nội"
"Viện điều tra quy hoach Đường số 1A, Xã Đại Thanh, Hà Nội","Thanh Trì, Hà Nội"
"Số 37 ngõ 103 Đường Giáp Bát, Phường Tương Mai, Hà Nội","Hoàng Mai, Hà Nội"
"Phường Hà Đông, Hà Nội","Hà Đông, Hà Nội"
"34 Đường Âu Cơ, Phường Tây Hồ, Hà Nội","Tây Hồ, Hà Nội"
"16, Phường Định Công, Hà Nội","Hoàng Mai, Hà Nội"
"56 Ngõ 26 Đường Hoàng Quốc Việt, Phường Nghĩa Đô, Hà Nội","Cầu Giấy, Hà Nội"
"Phường Tây Tựu, Hà Nội","Long Biên, Hà Nội"
"327 Đường Hoàng Mai, Phường Tương Mai, Hà Nội","Hoàng Mai, Hà Nội"
"140 Đường Vương Thừa Vũ, Phường Khương Đình, Hà Nội","Thanh Xuân, Hà Nội"
"Ngõ 67 Đường Phùng Khoang, Phường Thanh Xuân, Hà Nội","Thanh Xuân, Hà Nội"
"34 Ngách 29 ngõ 89 Đường Lạc Long Quân, Phường Nghĩa Đô, Hà Nội","Cầu Giấy, Hà Nội"
"91 Phố Lý Thường Kiệt, Phường Cửa Nam, Hà Nội","Hoàn Kiếm, Hà Nội"
"Số 2, ngõ 24 Phố Quan Nhân, Xã Trung Giã, Hà Nội","Cầu Giấy, Hà Nội"
"số 3 ngách 1/4 - ngõ 1 Đường Lĩnh Nam, Phường Vĩnh Tuy, Hà Nội","Hoàng Mai, Hà Nội"
"6 Đường Nguyễn Khang, Phường Cầu Giấy, Hà Nội","Cầu Giấy, Hà Nội"
"12 ngõ 109/72/6 Đường Hoàng Ngân, Phường Thanh Xuân, Hà Nội","Thanh Xuân, Hà Nội"
"Ngõ 88 Đường Trần Duy Hưng, Xã Trung Giã, Hà Nội","Cầu Giấy, Hà Nội"
"246 Đường Mỹ Đình, Phường Từ Liêm, Hà Nội","Nam Từ Liêm, Hà Nội"
"204 Đường Trần Duy Hưng, Xã Trung Giã, Hà Nội","Cầu Giấy, Hà Nội"
"26, Phường Ô Chợ Dừa, Hà Nội","Đống Đa, Hà Nội"
"Số 32 ngõ 460 Đường Khương Đình, Phường Khương Đình, Hà Nội","Thanh Xuân, Hà Nội"
"Ngõ 9 Đường Lê Đức Thọ, Phường Phú Diễn, Hà Nội","Cầu Giấy, Hà Nội"
"Ngõ Xóm Chùa, nằm cạnh cổng chính Khu chung cư cho cán bộ Viện 103 trong khu đô thị Văn Quán Đường Nguyễn Khuyến, Phường Hà Đông, Hà Nội","Hà Đông, Hà Nội"
"259 Đường Tân Mai, Phường Hoàng Mai, Hà Nội","Hoàng Mai, Hà Nội"
"C25 Đường Ngọc Hồi, Xã Đại Thanh, Hà Nội","Thanh Trì, Hà Nội"
"82 Phố Trần Cung, Phường Nghĩa Đô, Hà Nội","Cầu Giấy, Hà Nội"
"Số 8, Ngõ 35, 7 Ngách 27, Phố Bạch Mai, Phường Bạch Mai, Hà Nội","Hai Bà Trưng, Hà Nội"
"số 09 ngõ 898 Đường Láng, Phường Láng, Hà Nội","Đống Đa, Hà Nội"
"38 hem 107/60/16 Linh Nam, Hoang Mai Đường Lĩnh Nam, Phường Vĩnh Hưng, Hà Nội","Hoàng Mai, Hà Nội"
"16 ngõ 312/1/4 Đường Kim Giang, Phường Định Công, Hà Nội","Hoàng Mai, Hà Nội"
"29 Phố Khương Hạ, Phường Khương Đình, Hà Nội","Thanh Xuân, Hà Nội"
"17/128 Đường Bắc Cầu, Phường Long Biên, Hà Nội","Long Biên, Hà Nội"
"09 Phố Hào Nam, Phường Ô Chợ Dừa, Hà Nội","Đống Đa, Hà Nội"
"Số 6 Ngõ 73 Đường Hoàng Ngân, Xã Trung Giã, Hà Nội","Cầu Giấy, Hà Nội"
"43 Vọng Hà Đường Hàm Tử Quan, Phường Hồng Hà, Hà Nội","Hoàn Kiếm, Hà Nội"
"1395 Đường Giải Phóng, Phường Hoàng Liệt, Hà Nội","Hoàng Mai, Hà Nội"
"58 Đường Nguyễn Khánh Toàn, Phường Nghĩa Đô, Hà Nội","Cầu Giấy, Hà Nội"
"Số 50, ngõ 317 Đường Tây Sơn, Phường Kim Liên, Hà Nội","Đống Đa, Hà Nội"
"63 Đường Lê Đức Thọ, Xã Lạc Phượng, Hà Nội","Nam Từ Liêm, Hà Nội"
"91 Đường Nhật Chiêu, Phường Hồng Hà, Hà Nội","Tây Hồ, Hà Nội"
"Đường Vương Thừa Vũ, Phường Thanh Xuân, Hà Nội","Thanh Xuân, Hà Nội"
"Ngõ 118, ngách 56, số nhà 80 Đường Đào Tấn, Phường Ngọc Hà, Hà Nội","Ba Đình, Hà Nội"
"Vinhome smarcity, Phường Tây Mỗ, Hà Nội","Nam Từ Liêm, Hà Nội"
"TÒA O9/S2 VINHOMES OCEAN PARK Đường An Đào, Xã Gia Lâm, Hà Nội","Gia Lâm, Hà Nội"
"NGO 529 Đường Thanh Am, Phường Xuân Đỉnh, Hà Nội","Long Biên, Hà Nội"
"31 Đường Tân Hồng, Phường Khương Đình, Hà Nội","Thanh Xuân, Hà Nội"
"Số 1A, ngõ 49 Đường Triều Khúc, Phường Thanh Xuân, Hà Nội","Thanh Xuân, Hà Nội"
"20 Đường Mỹ Đình, Phường Từ Liêm, Hà Nội","Nam Từ Liêm, Hà Nội"
"391 Đường An Dương Vương, Phường Hồng Hà, Hà Nội","Tây Hồ, Hà Nội"
"84 Đường Hoàng Ngân, Xã Trung Giã, Hà Nội","Cầu Giấy, Hà Nội"
"16 Ngõ 4 Đại Lộ Thăng Long, Phường Từ Liêm, Hà Nội","Nam Từ Liêm, Hà Nội"
"254 Đường Nguyễn Khoái, Phường Vĩnh Tuy, Hà Nội","Hai Bà Trưng, Hà Nội"
"143 đường Yên Phụ, Phường Hồng Hà, Hà Nội","Tây Hồ, Hà Nội"
"Ngõ 130 Đường Mậu Lương, Phường Kiến Hưng, Hà Nội","Hà Đông, Hà Nội"
"Phố Hàng Nón, Phường Hoàn Kiếm, Hà Nội","Hoàn Kiếm, Hà Nội"
"381 Đường Bắc Cầu, Phường Hồng Hà, Hà Nội","Long Biên, Hà Nội"
"15 ngõ 65 Đường Khương Đình, Phường Khương Đình, Hà Nội","Thanh Xuân, Hà Nội"
"305/8 Đường Bắc Biên, Phường Hồng Hà, Hà Nội","Long Biên, Hà Nội"
"Đường Giáp Bát, Phường Hoàng Mai, Hà Nội","Hoàng Mai, Hà Nội"
"5/3/7/409 Đường An Dương Vương, Phường Phú Thượng, Hà Nội","Tây Hồ, Hà Nội"
"23, Ngõ 532/23, tổ 20, Ngọc Thuỵ, Long Biên, Hà Nội Đường Ngọc Thụy, Phường Hồng Hà, Hà Nội","Long Biên, Hà Nội"
"Số 11 ngõ 460/7/15 đường Thụy Khuê, Phường Tây Hồ, Hà Nội","Tây Hồ, Hà Nội"
"5, Phường Nghĩa Đô, Hà Nội","Bắc Từ Liêm, Hà Nội"
"6D/9/184 Đường Đê Trần Khát Chân, Phường Vĩnh Tuy, Hà Nội","Hai Bà Trưng, Hà Nội"
"26B7 khu 918, Phường Phúc Lợi, Hà Nội","Long Biên, Hà Nội"
"302 Đường Láng, Phường Đống Đa, Hà Nội","Đống Đa, Hà Nội"
"ngõ 44 Đường Trần Thái Tông, Phường Cầu Giấy, Hà Nội","Cầu Giấy, Hà Nội"
"460 đường Thụy Khuê, Phường Tây Hồ, Hà Nội","Tây Hồ, Hà Nội"
"37/183 Đường Đặng Tiến Đông, Phường Kim Liên, Hà Nội","Đống Đa, Hà Nội"
"147A Đường Hoàng Ngân, Xã Trung Giã, Hà Nội","Cầu Giấy, Hà Nội"
"CT2C1 Đường Trần Hữu Dực, Phường Xuân Phương, Hà Nội","Nam Từ Liêm, Hà Nội"
"27 Đường Hoa Bằng, Phường Cầu Giấy, Hà Nội","Cầu Giấy, Hà Nội"
"124 Đường Phạm Văn Đồng, Phường Phú Diễn, Hà Nội","Cầu Giấy, Hà Nội"
"số nhà 12 ngõ 163/ Đường Tư Đình, Phường Long Biên, Hà Nội","Long Biên, Hà Nội"
"Xóm 1 Đường Vĩnh Quỳnh, Xã Đại Thanh, Hà Nội","Thanh Trì, Hà Nội"
"số nhà 70,ngõ 89,ngách 38 Đường Lạc Long Quân, Phường Nghĩa Đô, Hà Nội","Cầu Giấy, Hà Nội"
"P14 - Ngõ 33 Đường Lương Ngọc Quyến, Phường Hà Đông, Hà Nội","Hà Đông, Hà Nội"
"số 1 Đường Thanh Bình, Hà Nội","Hà Đông, Hà Nội"
"70 ngõ 179 Trương Định Đường Trương Định, Phường Thượng Cát, Hà Nội","Hoàng Mai, Hà Nội"
"387 Phố Vũ Tông Phan, Phường Khương Đình, Hà Nội","Thanh Xuân, Hà Nội"
"24 Đường Mỗ Lao, Phường Hà Đông, Hà Nội","Hà Đông, Hà Nội"
"Thôn Lạc Thị xã Ngọc Hồi thanh trì HN Đường Lạc Thị, Xã Ngọc Hồi, Hà Nội","Thanh Trì, Hà Nội"
"15 Phố Phương Mai, Phường Kim Liên, Hà Nội","Đống Đa, Hà Nội"
"Số 22 ngõ 686/27 đường kim giang Đường Kim Giang, Hà Nội","Thanh Trì, Hà Nội"
"3/219 Phố Nguyễn Ngọc Vũ, Xã Trung Giã, Hà Nội","Cầu Giấy, Hà Nội"
"10 ngõ 162/28/12 Đường Khương Đình, Phường Khương Đình, Hà Nội","Thanh Xuân, Hà Nội"
"Số nhà 20 - Hẻm 358/25/38 Đường Bùi Xương Trạch, Phường Khương Đình, Hà Nội","Thanh Xuân, Hà Nội"
"75 Đường Cầu Đất, Phường Hồng Hà, Hà Nội","Hoàn Kiếm, Hà Nội"
"37/183 Đường Đặng Tiến Đông, Phường Láng, Hà Nội","Đống Đa, Hà Nội"
"18 Đường Mễ Trì Thượng, Phường Từ Liêm, Hà Nội","Nam Từ Liêm, Hà Nội"
"Số nhà 1A, ngõ 333, ngách 33, Đường Xuân Đỉnh, Phường Xuân Đỉnh, Hà Nội","Bắc Từ Liêm, Hà Nội"
"418/75 Đường Đê La Thành, Phường Ô Chợ Dừa, Hà Nội","Đống Đa, Hà Nội"
"số 2 hem 1194 Phố Chùa Láng, Phường Láng, Hà Nội","Đống Đa, Hà Nội"
"Số 6 ngách 8 Đường Nguyễn Khánh Toàn, Phường Nghĩa Đô, Hà Nội","Cầu Giấy, Hà Nội"
"Đường số 70, Phường Kiến Hưng, Hà Nội","Hà Đông, Hà Nội"
"76/42 Đường Cầu vượt Mai Dịch, Phường Phú Diễn, Hà Nội","Cầu Giấy, Hà Nội"
"531 Kim Ngưu Đường Kim Ngưu, Phường Vĩnh Tuy, Hà Nội","Hai Bà Trưng, Hà Nội"
"Đường Văn Chương, Phường Văn Miếu - Quốc Tử Giám, Hà Nội","Đống Đa, Hà Nội"
"12/63 Đường Trần Quốc Vượng, Phường Cầu Giấy, Hà Nội","Cầu Giấy, Hà Nội"
"180 Đường Hoàng Quốc Việt, Phường Nghĩa Đô, Hà Nội","Cầu Giấy, Hà Nội"
"110 dãy C Phố Lê Gia Định, Xã Phù Đổng, Hà Nội","Hai Bà Trưng, Hà Nội"
"số 11a ngách 43/66 ngõ 110 Đường Trần Duy Hưng, Xã Trung Giã, Hà Nội","Cầu Giấy, Hà Nội"
"18 Đường Đại Linh, Phường Đại Mỗ, Hà Nội","Nam Từ Liêm, Hà Nội"
"số 24 ngõ 87/59 Đường Yên Xá, Phường Hà Đông, Hà Nội","Hà Đông, Hà Nội"
"84 Đường Hoàng Ngân, Hà Nội","Cầu Giấy, Hà Nội"
"Ngõ hoà bình 7 Đường Minh Khai, Phường Bạch Mai, Hà Nội","Hai Bà Trưng, Hà Nội"
"420 Đường Nguyễn Trãi, Phường Thanh Xuân, Hà Nội","Thanh Xuân, Hà Nội"
"110 Đường Trần Duy Hưng, Xã Trung Giã, Hà Nội","Cầu Giấy, Hà Nội"
"Ngách 268/84 Đường Ngọc Thụy, Phường Hồng Hà, Hà Nội","Long Biên, Hà Nội"
"Ngõ 292 Đường Kim Giang, Phường Khương Đình, Hà Nội","Thanh Xuân, Hà Nội"
"18 Đường số 70, Hà Nội","Thanh Trì, Hà Nội"
"17 Đường Bằng A, Phường Vĩnh Hưng, Hà Nội","Hoàng Mai, Hà Nội"
"Đường Lê Quang Đạo, Phường Từ Liêm, Hà Nội","Nam Từ Liêm, Hà Nội"
"35 Đường Đại Linh, Phường Đại Mỗ, Hà Nội","Nam Từ Liêm, Hà Nội"
"236 Đường Hoàng Quốc Việt, Phường Nghĩa Đô, Hà Nội","Bắc Từ Liêm, Hà Nội"
"103 Đường Lâm Hạ, Phường Đông Ngạc, Hà Nội","Long Biên, Hà Nội"
"08 Phố Ô Quan Chưởng, Phường Hoàn Kiếm, Hà Nội","Hoàn Kiếm, Hà Nội"
"1219 Giải Phóng Đường Giải Phóng, Phường Hoàng Mai, Hà Nội","Hoàng Mai, Hà Nội"
"177/158 Đường Ngọc Hà, Phường Ba Đình, Hà Nội","Ba Đình, Hà Nội"
"Phố Trần Quý Kiên, Phường Cầu Giấy, Hà Nội","Cầu Giấy, Hà Nội"
"Số nhà 9 Đường Trần Thái Tông, Phường Cầu Giấy, Hà Nội","Cầu Giấy, Hà Nội"
"26 Đường Nguyễn Khánh Toàn, Phường Nghĩa Đô, Hà Nội","Cầu Giấy, Hà Nội"
"C3 Phố Thái Thịnh, Phường Kim Liên, Hà Nội","Đống Đa, Hà Nội"
"21 ngõ 41 Đường Đông Tác, Phường Kim Liên, Hà Nội","Đống Đa, Hà Nội"
"Ngõ 197 Đường Trần Phú, Phường Hà Đông, Hà Nội","Hà Đông, Hà Nội"
"42 Đường Vĩnh Phúc, Phường Ngọc Hà, Hà Nội","Ba Đình, Hà Nội"
"20 Đường Tân Triều, Phường Thanh Liệt, Hà Nội","Thanh Trì, Hà Nội"
"Số 49 Ngõ 199 Đường Hồ Tùng Mậu, Phường Từ Liêm, Hà Nội","Nam Từ Liêm, Hà Nội"
"9 ngách 17 ngõ 445 Đường Lạc Long Quân, Phường Tây Hồ, Hà Nội","Tây Hồ, Hà Nội"
"70 Phố Trần Bình, Phường Phú Diễn, Hà Nội","Cầu Giấy, Hà Nội"
"Số 15 ngõ 154 Phố Chợ Khâm Thiên, Phường Văn Miếu - Quốc Tử Giám, Hà Nội","Đống Đa, Hà Nội"
"30 Đường Lương Khánh Thiện, Phường Thượng Cát, Hà Nội","Hoàng Mai, Hà Nội"
"Nhà C1, dự án 15 Đông Quan Đường Đông Quan, Phường Nghĩa Đô, Hà Nội","Cầu Giấy, Hà Nội"
"201 Đường Cầu Giấy, Phường Cầu Giấy, Hà Nội","Cầu Giấy, Hà Nội"
"109 Bằng Liệt Đường Bằng A, Phường Hoàng Liệt, Hà Nội","Hoàng Mai, Hà Nội"
"136 Đường Mậu Lương, Phường Kiến Hưng, Hà Nội","Hà Đông, Hà Nội"
"Số 29 nghõ 60 linh lang Đường Đội Cấn, Phường Ngọc Hà, Hà Nội","Ba Đình, Hà Nội"
"45 Đường Hồ Ba Mẫu, Phường Văn Miếu - Quốc Tử Giám, Hà Nội","Đống Đa, Hà Nội"
"148/90 Đường Hoàng Ngân, Xã Trung Giã, Hà Nội","Cầu Giấy, Hà Nội"
"9 ngõ 678 Đường Đường Láng, Phường Láng, Hà Nội","Đống Đa, Hà Nội"
"Xã Đại Thanh, Hà Nội","Thanh Trì, Hà Nội"
"Nhà vườn 1.1.27 (nhà liền kề) ở gần gelexia Riverside 885 Tam Trinh Đường Nguyễn Tam Trinh, Phường Yên Sở, Hà Nội","Hoàng Mai, Hà Nội"
"số 8 TT hóa chất Đường Cầu Vồng, Hà Nội","Nam Từ Liêm, Hà Nội"
"208 Đường Trần Cung, Phường Nghĩa Đô, Hà Nội","Bắc Từ Liêm, Hà Nội"
"Số 41, ngõ 920 Bạch Đằng Đường Bạch Đằng, Phường Vĩnh Tuy, Hà Nội","Hai Bà Trưng, Hà Nội"
"177 Đường Cầu Diễn, Phường Từ Liêm, Hà Nội","Nam Từ Liêm, Hà Nội"
"Sn 23 Đường Độc Lập, Phường Long Biên, Hà Nội","Long Biên, Hà Nội"
"60 phố Phú Thượng Đường An Dương Vương, Phường Phú Thượng, Hà Nội","Tây Hồ, Hà Nội"
"177 Cầu Diễn , Bắc Từ Liêm HN Đường Cầu Diễn, Phường Phú Diễn, Hà Nội","Bắc Từ Liêm, Hà Nội"
"20 Đường Nguyễn Văn Huyên, Phường Nghĩa Đô, Hà Nội","Cầu Giấy, Hà Nội"
"44, Phường Từ Liêm, Hà Nội","Nam Từ Liêm, Hà Nội"
"254 Đường Minh Khai, Phường Vĩnh Tuy, Hà Nội","Hai Bà Trưng, Hà Nội"
"68 ngõ 82 Phố Kim Mã, Hà Nội","Ba Đình, Hà Nội"
"Số 78 ngõ 282 Đường Minh Khai, Phường Bạch Mai, Hà Nội","Hai Bà Trưng, Hà Nội"
"Số 7, ngõ 31/7 Phan Đình Giót, Phương Liệt, Thanh Xuân, Hà Nội Đường Phan Đình Giót, Phường Phương Liệt, Hà Nội","Thanh Xuân, Hà Nội"
"145 Đường Cầu Noi, Phường Nghĩa Đô, Hà Nội","Bắc Từ Liêm, Hà Nội"
"55 Đường Nguyễn Lương Bằng, Phường Đống Đa, Hà Nội","Đống Đa, Hà Nội"
"477 Phố Kim Mã, Phường Giảng Võ, Hà Nội","Ba Đình, Hà Nội"
"64 Phố Chợ Khâm Thiên, Phường Văn Miếu - Quốc Tử Giám, Hà Nội","Đống Đa, Hà Nội"
"127 ngõ 79 Đường Cầu Giấy, Phường Cầu Giấy, Hà Nội","Cầu Giấy, Hà Nội"
"207/11 Đường Bùi Xương Trạch, Phường Khương Đình, Hà Nội","Thanh Xuân, Hà Nội"
"261 Đường Nguyễn Văn Trỗi, Phường Hà Đông, Hà Nội","Hà Đông, Hà Nội"
"180 Hoàng Quốc Việt Đường Hoàng Quốc Việt, Phường Nghĩa Đô, Hà Nội","Cầu Giấy, Hà Nội"
"310 đường Nghi Tàm, Phường Hồng Hà, Hà Nội","Tây Hồ, Hà Nội"
"Địa chỉ: Số nhà 51 ngõ 159 Phùng Khoang Đường Nguyễn Trãi, Hà Nội","Hà Đông, Hà Nội"
"Số 07 Ngõ 66 Đường Kim Giang, Phường Khương Đình, Hà Nội","Thanh Xuân, Hà Nội"
"15 ngõ 329 Đường Cầu Giấy, Phường Cầu Giấy, Hà Nội","Cầu Giấy, Hà Nội"
"20 Đường Ba La, Hà Nội","Hà Đông, Hà Nội"
"50 Phố Đình Thôn, Phường Từ Liêm, Hà Nội","Nam Từ Liêm, Hà Nội"
"80 Phố Bà Triệu, Hà Nội","Hà Đông, Hà Nội"
"số 84 ngõ 44 Đường Trần Thái Tông, Phường Cầu Giấy, Hà Nội","Cầu Giấy, Hà Nội"
"37/61 Đường Bằng A, Phường Hoàng Liệt, Hà Nội","Hoàng Mai, Hà Nội"
"Ngõ 32/49 Đường Đỗ Đức Dục, Phường Từ Liêm, Hà Nội","Nam Từ Liêm, Hà Nội"
"Ngõ 32/49 Đường Đỗ Đức Dục, Hà Nội","Nam Từ Liêm, Hà Nội"
"159 Đường Lâm Du, Phường Bồ Đề, Hà Nội","Long Biên, Hà Nội"
"ngõ 378 Đường Mỹ Đình, Phường Từ Liêm, Hà Nội","Nam Từ Liêm, Hà Nội"
"Số 25B, ngõ 41/66 Đường Đông Tác, Phường Kim Liên, Hà Nội","Đống Đa, Hà Nội"
"378 Đường Mỹ Đình, Phường Từ Liêm, Hà Nội","Nam Từ Liêm, Hà Nội"
"4/66 ngõ Thống Nhất Phố Đại La, Xã Phù Đổng, Hà Nội","Hai Bà Trưng, Hà Nội"
"Đường Mỹ Đình, Xã Lạc Phượng, Hà Nội","Nam Từ Liêm, Hà Nội"
"N01T1 Ngoại Giao Đoàn Đường Xuân Đỉnh, Hà Nội","Bắc Từ Liêm, Hà Nội"
"116 Đường Cầu Noi, Phường Đông Ngạc, Hà Nội","Bắc Từ Liêm, Hà Nội"
"21 Ngõ 59/77 Đường Mễ Trì Hạ, Phường Từ Liêm, Hà Nội","Nam Từ Liêm, Hà Nội"
"Số nhà 16 khu tập thể công ty xây dựng số 2 Đường Cổ Nhuế, Phường Đông Ngạc, Hà Nội","Bắc Từ Liêm, Hà Nội"
"số 5 ngách 111/22 Đường Cù Chính Lan, Phường Phương Liệt, Hà Nội","Thanh Xuân, Hà Nội"
"168 Đường Ngọc Hà, Phường Ba Đình, Hà Nội","Ba Đình, Hà Nội"
"612 Đường Lạc Long Quân, Phường Hồng Hà, Hà Nội","Tây Hồ, Hà Nội"
"Số 27 Ngõ 18 Định Công Thượng Đường Cầu Lủ, Phường Định Công, Hà Nội","Hoàng Mai, Hà Nội"
"ngõ 603 Đường Lạc Long Quân, Phường Tây Hồ, Hà Nội","Tây Hồ, Hà Nội"
"ngõ 26 Hồ Tùng Mậu Đường Hồ Tùng Mậu, Phường Phú Diễn, Hà Nội","Cầu Giấy, Hà Nội"
"4 Đường Cù Chính Lan, Phường Phương Liệt, Hà Nội","Thanh Xuân, Hà Nội"
"Đường Mậu Lương, Phường Kiến Hưng, Hà Nội","Hà Đông, Hà Nội"
"142 Đường Đại Từ, Phường Định Công, Hà Nội","Hoàng Mai, Hà Nội"
"603 Đường Lạc Long Quân, Phường Tây Hồ, Hà Nội","Tây Hồ, Hà Nội"
"Ngõ 152 Đường Nguyễn Đình Hoàn, Phường Nghĩa Đô, Hà Nội","Cầu Giấy, Hà Nội"
"31 Đường Nguyễn Văn Trỗi, Phường Phương Liệt, Hà Nội","Thanh Xuân, Hà Nội"
"157 Phố Chùa Láng, Phường Láng, Hà Nội","Đống Đa, Hà Nội"
"21, ngõ 41 Đường Đông Tác, Phường Kim Liên, Hà Nội","Đống Đa, Hà Nội"
"Số 66 ngõ 125 Phố Nguyễn Ngọc Vũ, Xã Trung Giã, Hà Nội","Cầu Giấy, Hà Nội"
"số 14a ngách 1 ngõ 3, Phường Hà Đông, Hà Nội","Hà Đông, Hà Nội"
"124 Đường Phan Đình Giót, Phường Hà Đông, Hà Nội","Hà Đông, Hà Nội"
"173 Đường Định Công, Phường Định Công, Hà Nội","Hoàng Mai, Hà Nội"
"Ngõ 54 đường An Dương, Phường Hồng Hà, Hà Nội","Tây Hồ, Hà Nội"
"40/30 Phố Tạ Quang Bửu, Phường Bạch Mai, Hà Nội","Hai Bà Trưng, Hà Nội"
"Số nhà 48, ngõ 858 Đường Kim Giang, Hà Nội","Thanh Trì, Hà Nội"
"6/171 Phố Nguyễn Ngọc Vũ, Xã Trung Giã, Hà Nội","Cầu Giấy, Hà Nội"
"Số nhà 58 ngách 25 ngõ 354 Đường Trần Cung, Phường Nghĩa Đô, Hà Nội","Bắc Từ Liêm, Hà Nội"
"81 ngõ 18 Định Công Thượng Đường Cầu Lủ, Phường Định Công, Hà Nội","Hoàng Mai, Hà Nội"
"260 Đường Mỹ Đình, Phường Từ Liêm, Hà Nội","Nam Từ Liêm, Hà Nội"
"35 Đường Mỗ Lao, Hà Nội","Hà Đông, Hà Nội"
"số 154 ngõ 205 Đường Xuân Đỉnh, Phường Xuân Đỉnh, Hà Nội","Bắc Từ Liêm, Hà Nội"
"103 ngõ 28 Đường Đại Linh, Phường Đại Mỗ, Hà Nội","Nam Từ Liêm, Hà Nội"
"Đường Đại Linh, Phường Đại Mỗ, Hà Nội","Nam Từ Liêm, Hà Nội"
"16 Phố Dịch Vọng Hậu, Phường Cầu Giấy, Hà Nội","Cầu Giấy, Hà Nội"
"20 Đường Kim Giang, Phường Khương Đình, Hà Nội","Thanh Xuân, Hà Nội"
"Nơ 2 Đơn Nguyên 2 Đường Linh Đàm, Phường Hoàng Liệt, Hà Nội","Hoàng Mai, Hà Nội"
"105 A5B tập thể 128C Phố Đại La, Phường Bạch Mai, Hà Nội","Hai Bà Trưng, Hà Nội"
"Ngõ 277, ngách 277/3, số nhà 6 Phố Vũ Tông Phan, Hà Nội","Thanh Xuân, Hà Nội"
"Số 25 ngõ 90 chính kinh Phố Chính Kinh, Phường Thanh Xuân, Hà Nội","Thanh Xuân, Hà Nội"
"23, ngách 23, ngõ 532 Đường Ngọc Thụy, Phường Hồng Hà, Hà Nội","Long Biên, Hà Nội"
"Nhà vườn 1.1.27 (nhà liền kề) ở gần Gelexia Riverside, 885 Tam Trinh, Hoàng Mai, Hà Nội. Đường Tam Trinh, Phường Yên Sở, Hà Nội","Hoàng Mai, Hà Nội"
"44 Phố Chùa Láng, Phường Láng, Hà Nội","Đống Đa, Hà Nội"
"số 26 ngõ 17 Đường Phú Kiều, Phường Phú Diễn, Hà Nội","Bắc Từ Liêm, Hà Nội"
"Số nhà 7, ngách 30, ngõ 35 Đường Ngô Thì Sỹ, Phường Hà Đông, Hà Nội","Hà Đông, Hà Nội"
"Số 25 ngõ 61/17 Phố Phùng Chí Kiên, Phường Nghĩa Đô, Hà Nội","Cầu Giấy, Hà Nội"
"319 Phố Vũ Hữu, Phường Thanh Xuân, Hà Nội","Thanh Xuân, Hà Nội"
"21 Ngách 33 Ngõ 63 Đường Lê Đức Thọ, Xã Lạc Phượng, Hà Nội","Nam Từ Liêm, Hà Nội"
"44 ngõ 207/103 Đường Xuân Đỉnh, Phường Xuân Đỉnh, Hà Nội","Bắc Từ Liêm, Hà Nội"
"100 Đường Tây Sơn, Phường Kim Liên, Hà Nội","Đống Đa, Hà Nội"
"2/583 Phố Vũ Tông Phan, Phường Khương Đình, Hà Nội","Thanh Xuân, Hà Nội"
"33/63 Đường Lê Đức Thọ, Phường Từ Liêm, Hà Nội","Nam Từ Liêm, Hà Nội"
"462 Đường Đội Cấn, Phường Ba Đình, Hà Nội","Ba Đình, Hà Nội"
"10A, Ngõ 138 Phố Kim Hoa, Phường Kim Liên, Hà Nội","Đống Đa, Hà Nội"
"24 ngõ 5 ngách 72 Đường Hoàng Quốc Việt, Phường Nghĩa Đô, Hà Nội","Cầu Giấy, Hà Nội"
"SỐ 37, ngõ 103, Đường Giáp Bát, Phường Tương Mai, Hà Nội","Hoàng Mai, Hà Nội"
"số 27c ngách 63 ngõ 96 Đường Đại Từ, Phường Định Công, Hà Nội","Hoàng Mai, Hà Nội"
"394 mỹ đình Đường Mỹ Đình, Phường Từ Liêm, Hà Nội","Nam Từ Liêm, Hà Nội"
"16A Phố Dịch Vọng Hậu, Phường Cầu Giấy, Hà Nội","Cầu Giấy, Hà Nội"
"Nhà số 4, ngõ 262 Đường Khương Đình, Phường Khương Đình, Hà Nội","Thanh Xuân, Hà Nội"
"Tập thể 128C Đại La Phố Đại La, Phường Bạch Mai, Hà Nội","Hai Bà Trưng, Hà Nội"
"Số 14 Ngõ 376/29 Đường Bưởi, Phường Ngọc Hà, Hà Nội","Ba Đình, Hà Nội"
"số 3,nghách 22, ngõ 85 Đường Xuân Thủy, Phường Cầu Giấy, Hà Nội","Cầu Giấy, Hà Nội"
"Đường Trần Cung, Phường Nghĩa Đô, Hà Nội","Bắc Từ Liêm, Hà Nội"
"19 Đường Xuân Đỉnh, Hà Nội","Bắc Từ Liêm, Hà Nội"
"177 Đường Cầu Diễn, Phường Phú Diễn, Hà Nội","Bắc Từ Liêm, Hà Nội"
"Số 28 Ngõ 63 Đường Lê Đức Thọ, Xã Lạc Phượng, Hà Nội","Nam Từ Liêm, Hà Nội"
"Số 59 - Ngõ 154, ngách 402/42 Đường Mỹ Đình, Phường Từ Liêm, Hà Nội","Nam Từ Liêm, Hà Nội"
"210 Phố Lê Trọng Tấn, Phường Phương Liệt, Hà Nội","Thanh Xuân, Hà Nội"
"Số 9 ngõ 77 Đường Hồ Ba Mẫu, Phường Kim Liên, Hà Nội","Đống Đa, Hà Nội"
"20A ngách 354/144 Đường Trường Chinh, Phường Kim Liên, Hà Nội","Đống Đa, Hà Nội"
"12, Phường Khương Đình, Hà Nội","Thanh Xuân, Hà Nội"
"14 144/8/19 Phố Quan Nhân, Phường Thanh Xuân, Hà Nội","Thanh Xuân, Hà Nội"
"34 ngõ 113 Phố Thái Thịnh, Phường Đống Đa, Hà Nội","Đống Đa, Hà Nội"
"SN 26 Khu tập thể bệnh viện g1 Đường Tựu Liệt, Phường Hoàng Liệt, Hà Nội","Thanh Trì, Hà Nội"
"28 Đường Tứ Liên, Phường Hồng Hà, Hà Nội","Tây Hồ, Hà Nội"
"6A ngõ 322/125 Đường Mỹ Đình, Phường Từ Liêm, Hà Nội","Nam Từ Liêm, Hà Nội"
"126 ngõ 1/62/23 Đường Bùi Xương Trạch, Phường Khương Đình, Hà Nội","Thanh Xuân, Hà Nội"
"Nhà 8, hẻm 3, ngách 42 Đường Cầu Giấy, Phường Nghĩa Đô, Hà Nội","Cầu Giấy, Hà Nội"
"Đường Ba La, Hà Nội","Hà Đông, Hà Nội"
"15 ngõ 73 Đường Hoa Lâm, Phường Việt Hưng, Hà Nội","Long Biên, Hà Nội"
"Nhà 5 ngõ 24/3 Đường Hoàng Quốc Việt, Phường Nghĩa Đô, Hà Nội","Cầu Giấy, Hà Nội"
"38, Phường Từ Liêm, Hà Nội","Nam Từ Liêm, Hà Nội"
"Ngõ 35 Phố Đại La, Xã Phù Đổng, Hà Nội","Hai Bà Trưng, Hà Nội"
"Số 12 ngõ 8 Đường Kim Giang, Phường Khương Đình, Hà Nội","Thanh Xuân, Hà Nội"
"SN53 ngõ 50/71 Đường Mễ Trì Thượng, Phường Từ Liêm, Hà Nội","Nam Từ Liêm, Hà Nội"
"175 Đường số 422, Xã Sơn Đồng, Hà Nội","Hoài Đức, Hà Nội"
"46 Phố Trần Quốc Hoàn, Phường Cầu Giấy, Hà Nội","Cầu Giấy, Hà Nội"
"số 15 Đường Ngô Quyền, Phường Hà Đông, Hà Nội","Hà Đông, Hà Nội"
"Số nhà 13, ngõ 12, viện rau quả Đường An Lạc, Xã Gia Lâm, Hà Nội","Gia Lâm, Hà Nội"
"884 Đường Kim Giang, Hà Nội","Thanh Trì, Hà Nội"
"Ngõ 1395 Đường Giải Phóng, Phường Hoàng Liệt, Hà Nội","Hoàng Mai, Hà Nội"
"14E Ngách 90 Ngõ 1194 Láng Đường Láng, Phường Láng, Hà Nội","Đống Đa, Hà Nội"
"Phố Quốc Tử Giám, Phường Văn Miếu - Quốc Tử Giám, Hà Nội","Đống Đa, Hà Nội"
"số nhà 7c1 Đường Xuân Thủy, Phường Cầu Giấy, Hà Nội","Cầu Giấy, Hà Nội"
"Đường Tố Hữu, Phường Yên Nghĩa, Hà Nội","Hà Đông, Hà Nội"
"Số 5 ngách 2/1 ngõ 2 Đường Vũ Thạnh, Phường Ô Chợ Dừa, Hà Nội","Đống Đa, Hà Nội"
"12A, Ngõ 119 Đường Âu Cơ, Phường Hồng Hà, Hà Nội","Tây Hồ, Hà Nội"
"248A Phố Tôn Đức Thắng, Hà Nội","Đống Đa, Hà Nội"
"Số 15 ngách 5 /28 ngõ 1002 đường láng Đường Láng, Phường Láng, Hà Nội","Đống Đa, Hà Nội"
"3 Phố Lê Trọng Tấn, Phường Phương Liệt, Hà Nội","Thanh Xuân, Hà Nội"
"Số nhà 55 ngõ 165 Phố Khương Thượng, Phường Kim Liên, Hà Nội","Đống Đa, Hà Nội"
"số 12, Phường Cầu Giấy, Hà Nội","Cầu Giấy, Hà Nội"
"5/481 Phố Vũ Tông Phan, Phường Khương Đình, Hà Nội","Thanh Xuân, Hà Nội"
"205 Đường Lương Thế Vinh, Phường Thanh Xuân, Hà Nội","Thanh Xuân, Hà Nội"
"96 Đường Định Công, Phường Định Công, Hà Nội","Hoàng Mai, Hà Nội"
"Đường Tứ Liên, Phường Hồng Hà, Hà Nội","Tây Hồ, Hà Nội"
"64 Đường Tứ Liên, Phường Hồng Hà, Hà Nội","Tây Hồ, Hà Nội"
"74/ 176 Đường Trương Định, Xã Phù Đổng, Hà Nội","Hai Bà Trưng, Hà Nội"
"16/121 Đường Thịnh Quang, Phường Kim Liên, Hà Nội","Đống Đa, Hà Nội"
"430, Phường Nghĩa Đô, Hà Nội","Bắc Từ Liêm, Hà Nội"
"6 ngách 9 ngõ 77 bùi xương trach thanh xuân Đường Bùi Xương Trạch, Phường Khương Đình, Hà Nội","Thanh Xuân, Hà Nội"
"42/211 Đường Vĩnh Hưng, Phường Vĩnh Hưng, Hà Nội","Hoàng Mai, Hà Nội"
"số 53 ngõ 51 Phố Trần Điền, Phường Định Công, Hà Nội","Hoàng Mai, Hà Nội"
"14A Ngõ 140 Đường Vương Thừa Vũ, Phường Khương Đình, Hà Nội","Thanh Xuân, Hà Nội"
"149 Phố Bà Triệu, Phường Hai Bà Trưng, Hà Nội","Hai Bà Trưng, Hà Nội"
"Số 31 ngõ 292 Đường Kim Giang, Phường Định Công, Hà Nội","Hoàng Mai, Hà Nội"
"430 trần cung, cổ nhuế 1, bắc từ liêm, hà nội, Phường Nghĩa Đô, Hà Nội","Bắc Từ Liêm, Hà Nội"
"24, ngách 130, ngõ 162 Đường Khương Trung, Phường Khương Đình, Hà Nội","Thanh Xuân, Hà Nội"
"6B Ngõ 690 Đường Lạc Long Quân, Phường Hồng Hà, Hà Nội","Tây Hồ, Hà Nội"
"Ngõ 9 Đường Yên Phúc, Phường Hà Đông, Hà Nội","Hà Đông, Hà Nội"
"số 34, ngách 42, ngõ 175 Đường Lạc Long Quân, Phường Nghĩa Đô, Hà Nội","Cầu Giấy, Hà Nội"
"23 Phố Đại La, Phường Bạch Mai, Hà Nội","Hai Bà Trưng, Hà Nội"
"94 Đường Đại Từ, Phường Định Công, Hà Nội","Hoàng Mai, Hà Nội"
"133 Đường Nguyễn Trãi, Phường Khương Đình, Hà Nội","Thanh Xuân, Hà Nội"
"225 Đường Lạc Long Quân, Phường Nghĩa Đô, Hà Nội","Cầu Giấy, Hà Nội"
"58 Đường Đào Tấn, Phường Ngọc Hà, Hà Nội","Ba Đình, Hà Nội"
"327 Đường Âu Cơ, Phường Hồng Hà, Hà Nội","Tây Hồ, Hà Nội"
"Ngõ58 đường Thanh Bình Đường Trần Phú, Phường Hà Đông, Hà Nội","Hà Đông, Hà Nội"
"70 ngõ 61 Phùng Chí Kiên - Cầu Giấy Phố Phùng Chí Kiên, Phường Nghĩa Đô, Hà Nội","Cầu Giấy, Hà Nội"
"số 32 ngõ 360 Đường Khương Đình, Phường Khương Đình, Hà Nội","Thanh Xuân, Hà Nội"
"Đường Quốc lộ 32, Xã Ô Diên, Hà Nội","Đan Phượng, Hà Nội"
"24, ngách 2,218 Phạm Văn Đồng Đường Phạm Văn Đồng, Phường Đông Ngạc, Hà Nội","Bắc Từ Liêm, Hà Nội"
"Nhà A-KTT Đình trung tự Đường Đào Duy Anh, Phường Kim Liên, Hà Nội","Đống Đa, Hà Nội"
"16/68 Ngõ Chùa Liên Phố Bạch Mai, Phường Bạch Mai, Hà Nội","Hai Bà Trưng, Hà Nội"
"ngách 43/66, ngõ 110 đường Trần Duy Hưng, Trung Hòa, Cầu Giấy Đường Trần Duy Hưng, Xã Trung Giã, Hà Nội","Cầu Giấy, Hà Nội"
"213 Đường Giáp Nhất, Phường Thanh Xuân, Hà Nội","Thanh Xuân, Hà Nội"
"6 ngõ 224 Đường Hoàng Mai, Phường Hoàng Mai, Hà Nội","Hoàng Mai, Hà Nội"
"24 Đường Nguyễn Trãi, Phường Hà Đông, Hà Nội","Hà Đông, Hà Nội"
"41 Phố Linh Lang, Phường Ngọc Hà, Hà Nội","Ba Đình, Hà Nội"
"Số 22/49 ngõ Hoà Bình 4 Đường Minh Khai, Phường Bạch Mai, Hà Nội","Hai Bà Trưng, Hà Nội"
"36 Đường Mỹ Đình, Phường Từ Liêm, Hà Nội","Nam Từ Liêm, Hà Nội"
"thôn Thượng, Hà Nội","Gia Lâm, Hà Nội"
"Phố Bát Đàn, Phường Hoàn Kiếm, Hà Nội","Hoàn Kiếm, Hà Nội"
"Đường Hoàng Tăng Bí, Phường Đông Ngạc, Hà Nội","Bắc Từ Liêm, Hà Nội"
"81C đường Thụy Khuê, Phường Tây Hồ, Hà Nội","Tây Hồ, Hà Nội"
"5 ngach 169/52 duong Hoang Mai, Phường Tương Mai, Hà Nội","Hoàng Mai, Hà Nội"
"123 Phố Trung Kính, Xã Trung Giã, Hà Nội","Cầu Giấy, Hà Nội"
"Ngõ 444 đường Thụy Khuê, Phường Tây Hồ, Hà Nội","Tây Hồ, Hà Nội"
"Phố Linh Lang, Phường Ngọc Hà, Hà Nội","Ba Đình, Hà Nội"
"ngách 4/17, nhà 22 Đường Thanh Bình, Hà Nội","Hà Đông, Hà Nội"
"71 ngõ 119 đường giáp bát quận hoàng mai hà nội Đường Giáp Bát, Phường Tương Mai, Hà Nội","Hoàng Mai, Hà Nội"
"79 phố lạc nghiệp Đường Trần Khát Chân, Phường Bạch Mai, Hà Nội","Hai Bà Trưng, Hà Nội"
"B3 Phố Mai Dịch, Phường Phú Diễn, Hà Nội","Cầu Giấy, Hà Nội"
"191, Phường Phú Lương, Hà Nội","Hà Đông, Hà Nội"
"325 Đường Kim Ngưu, Phường Vĩnh Tuy, Hà Nội","Hai Bà Trưng, Hà Nội"
"Số nhà 10, ngõ 40 Đường Phú Kiều, Phường Phú Diễn, Hà Nội","Bắc Từ Liêm, Hà Nội"
"275 Đường Nguyễn Trãi, Phường Khương Đình, Hà Nội","Thanh Xuân, Hà Nội"
"14 ngõ 10 Đường Đại Linh, Phường Đại Mỗ, Hà Nội","Nam Từ Liêm, Hà Nội"
"Số 34 – Ngõ Ngoài – Tổ 10 – Phúc La – Hà Đông - Hà Nội Đường Xa La, Phường Hà Đông, Hà Nội","Hà Đông, Hà Nội"
"71/71 Đường Tân Ấp, Phường Hồng Hà, Hà Nội","Ba Đình, Hà Nội"
"91 Đường Yên Phúc, Phường Hà Đông, Hà Nội","Hà Đông, Hà Nội"
"24 ngõ 165 Đường Giáp Bát, Phường Tương Mai, Hà Nội","Hoàng Mai, Hà Nội"
"Đường Quán Thánh, Phường Ba Đình, Hà Nội","Ba Đình, Hà Nội"
"Ngõ 111 Đường Triều Khúc, Phường Thanh Xuân, Hà Nội","Thanh Xuân, Hà Nội"
"Ngõ 6 Đường Đặng Văn Ngữ, Phường Kim Liên, Hà Nội","Đống Đa, Hà Nội"
"Số nhà 4, ngõ 129 Đường Ngô Thì Sỹ, Phường Hà Đông, Hà Nội","Hà Đông, Hà Nội"
"7B Đường Kim Giang, Phường Khương Đình, Hà Nội","Thanh Xuân, Hà Nội"
"8/18/72/145, Phường Đông Ngạc, Hà Nội","Bắc Từ Liêm, Hà Nội"
"15 ngõ 459 Phố Bạch Mai, Phường Bạch Mai, Hà Nội","Hai Bà Trưng, Hà Nội"
"Ngõ 123 đường Thụy Khuê, Phường Tây Hồ, Hà Nội","Tây Hồ, Hà Nội"
"số 27 ngõ 29 đường Võng Thị, Phường Tây Hồ, Hà Nội","Tây Hồ, Hà Nội"
"2/55 trần hòa Đường Trần Hòa, Phường Định Công, Hà Nội","Hoàng Mai, Hà Nội"
"314 đê la thành nhỏ Đường Đê La Thành, Phường Ô Chợ Dừa, Hà Nội","Đống Đa, Hà Nội"
"Ngõ 20 Đường Mỹ Đình, Xã Lạc Phượng, Hà Nội","Nam Từ Liêm, Hà Nội"
"ngõ 141/172/20 phố Giáp Nhị Đường Thịnh Liệt, Phường Hoàng Mai, Hà Nội","Hoàng Mai, Hà Nội"
"51 Phố Thái Thịnh, Phường Kim Liên, Hà Nội","Đống Đa, Hà Nội"
"4, Ngõ 2 Đường An Dương Vương, Phường Phú Thượng, Hà Nội","Tây Hồ, Hà Nội"
"91 Đường Yên Phúc, Phường Phúc La, Quận Hà Đông, Hà Nội Đường Yên Phúc, Phường Hà Đông, Hà Nội","Hà Đông, Hà Nội"
"9/29/62 Phố Khương Hạ, Phường Khương Đình, Hà Nội","Thanh Xuân, Hà Nội"
"Số 55 ngõ 165 Phố Khương Thượng, Phường Kim Liên, Hà Nội","Đống Đa, Hà Nội"
"207 Phố Phùng Hưng, Phường Hà Đông, Hà Nội","Hà Đông, Hà Nội"
"số 22 ngõ 79/40/22 Đường Dương Quảng Hàm, Phường Nghĩa Đô, Hà Nội","Cầu Giấy, Hà Nội"
"5 ngõ 23 Phố Quốc Tử Giám, Phường Văn Miếu - Quốc Tử Giám, Hà Nội","Đống Đa, Hà Nội"
"350 Đường Bưởi Đường Bưởi, Phường Ngọc Hà, Hà Nội","Ba Đình, Hà Nội"
"40C, ngách 5/204 Trần Duy Hưng Đường Nguyễn Chánh, Xã Trung Giã, Hà Nội","Cầu Giấy, Hà Nội"
"5 Đường Ỷ La, Phường Dương Nội, Hà Nội","Hà Đông, Hà Nội"
"30b ngõ 192 Đường Kim Giang, Phường Định Công, Hà Nội","Hoàng Mai, Hà Nội"
"43 Phố Hàng Quạt, Phường Hoàn Kiếm, Hà Nội","Hoàn Kiếm, Hà Nội"
"2 Phố Lê Văn Thiêm, Phường Thanh Xuân, Hà Nội","Thanh Xuân, Hà Nội"
"Đường Nguyễn Hoàng Tôn, Hà Nội","Bắc Từ Liêm, Hà Nội"
"Ngách 24 ngõ 79 Đường Dương Quảng Hàm, Phường Nghĩa Đô, Hà Nội","Cầu Giấy, Hà Nội"
"Đường Cát Linh, Hà Nội","Đống Đa, Hà Nội"
"52 Đường Nguyễn Khang, Phường Cầu Giấy, Hà Nội","Cầu Giấy, Hà Nội"
"Số 17 nghách 20 ngõ gốc đề, Minh khai Đường Minh Khai, Phường Bạch Mai, Hà Nội","Hai Bà Trưng, Hà Nội"
"Ngõ 1333 Đường Giải Phóng, Phường Hoàng Liệt, Hà Nội","Hoàng Mai, Hà Nội"
"số nhà 62, ngõ 54 Đường Lê Quang Đạo, Phường Từ Liêm, Hà Nội","Nam Từ Liêm, Hà Nội"
"Số 8 ngách 28/132A Đường Đại Linh, Phường Đại Mỗ, Hà Nội","Nam Từ Liêm, Hà Nội"
"21 Đường Lê Văn Lương, Phường Thanh Xuân, Hà Nội","Thanh Xuân, Hà Nội"
"174 Đường Lê Quang Đạo, Phường Từ Liêm, Hà Nội","Nam Từ Liêm, Hà Nội"
"96 Đường Đê La Thành, Phường Kim Liên, Hà Nội","Đống Đa, Hà Nội"
"154 Phố Đình Thôn, Phường Từ Liêm, Hà Nội","Nam Từ Liêm, Hà Nội"
"14 Đường Khương Đình, Phường Khương Đình, Hà Nội","Thanh Xuân, Hà Nội"
"89 Đường Lê Đức Thọ, Xã Lạc Phượng, Hà Nội","Nam Từ Liêm, Hà Nội"
"506 Kim Giang Đường Kim Giang, Phường Vĩnh Hưng, Hà Nội","Hoàng Mai, Hà Nội"
"32 Đường Cầu Giấy, Phường Nghĩa Đô, Hà Nội","Cầu Giấy, Hà Nội"
"8 ngách 4, ngõ 816 Đường Kim Giang, Hà Nội","Thanh Trì, Hà Nội"
"Khu B TĐại Học Mỏ-Địa chất Đường Cầu Noi, Phường Đông Ngạc, Hà Nội","Bắc Từ Liêm, Hà Nội"
"43 ngách 63/180 Đường Lê Đức Thọ, Xã Lạc Phượng, Hà Nội","Nam Từ Liêm, Hà Nội"
"45A đường Võng Thị, Phường Tây Hồ, Hà Nội","Tây Hồ, Hà Nội"
"9 Phố Kim Mã, Phường Giảng Võ, Hà Nội","Ba Đình, Hà Nội"
"Số 2 Ngõ 79/40/22 Đường Dương Quảng Hàm, Phường Nghĩa Đô, Hà Nội","Cầu Giấy, Hà Nội"
"134 Đường Hoa Bằng, Phường Cầu Giấy, Hà Nội","Cầu Giấy, Hà Nội"
"7 ngõ 251 Phố Kim Mã, Phường Giảng Võ, Hà Nội","Ba Đình, Hà Nội"
"Ngõ 1 Đường Nguyễn Thị Định, Xã Trung Giã, Hà Nội","Cầu Giấy, Hà Nội"
"ngách 418/75 Đường Đê La Thành, Phường Ô Chợ Dừa, Hà Nội","Đống Đa, Hà Nội"
"275 Đường Nguyễn Trãi, Phường Thanh Xuân, Hà Nội","Thanh Xuân, Hà Nội"
"10 Đường Cầu Bươu, Xã Đại Thanh, Hà Nội","Thanh Trì, Hà Nội"
"số 4, ngõ 76 Phố Mai Dịch, Phường Phú Diễn, Hà Nội","Cầu Giấy, Hà Nội"
"Số nhà 29 ngõ 136 Đường Trần Phú, Phường Hà Đông, Hà Nội","Hà Đông, Hà Nội"
"95 Đường Tân Phong, Hà Nội","Nam Từ Liêm, Hà Nội"
"số 25 Đường Trần Phú, Phường Hà Đông, Hà Nội","Hà Đông, Hà Nội"
"06 ngõ 72 Đường Miếu Đầm, Phường Từ Liêm, Hà Nội","Nam Từ Liêm, Hà Nội"
"Ngõ 39 Đường Yên Xá, Phường Thanh Liệt, Hà Nội","Thanh Trì, Hà Nội"
"24/106 Đường Nguyễn Ngọc Nại, Phường Phương Liệt, Hà Nội","Thanh Xuân, Hà Nội"
"467 Đường Lĩnh Nam, Xã Bát Tràng, Hà Nội","Hoàng Mai, Hà Nội"
"5/15 ngõ 349 Đường Minh Khai, Phường Vĩnh Tuy, Hà Nội","Hai Bà Trưng, Hà Nội"
"Số 25 Phố Ngọc Khánh, Phường Giảng Võ, Hà Nội","Ba Đình, Hà Nội"
"Ngõ 28/66 Đường Tứ Liên, Phường Hồng Hà, Hà Nội","Tây Hồ, Hà Nội"
"17 ngách 102/44 Phố Pháo Đài Láng, Hà Nội","Đống Đa, Hà Nội"
"75/35 Đường Đặng Thai Mai, Hà Nội","Tây Hồ, Hà Nội"
"115/1/623 Bùi xương trạch Thanh Xuân Hà Nội Đường Bùi Xương Trạch, Phường Khương Đình, Hà Nội","Thanh Xuân, Hà Nội"
"10a Đường Thạch Bàn, Phường Long Biên, Hà Nội","Long Biên, Hà Nội"
"119 Đường Bùi Xương Trạch, Phường Khương Đình, Hà Nội","Thanh Xuân, Hà Nội"
"8 Đường Trương Định, Xã Phù Đổng, Hà Nội","Hai Bà Trưng, Hà Nội"
"Số 7 ngõ 108 Đường Đông Thiên, Xã Bát Tràng, Hà Nội","Hoàng Mai, Hà Nội"
"Xã Đan Phượng, Hà Nội","Đan Phượng, Hà Nội"
"Đường Đại lộ Thăng Long, Xã An Khánh, Hà Nội","Hoài Đức, Hà Nội"
"Ngách 43/98/31 ngõ 110 Đường Trần Duy Hưng, Xã Trung Giã, Hà Nội","Cầu Giấy, Hà Nội"
"Ngõ 35 Đường Trần Thái Tông, Hà Nội","Cầu Giấy, Hà Nội"
"11 ngõ 299/56 Đường Hoàng Mai, Phường Tương Mai, Hà Nội","Hoàng Mai, Hà Nội"
"Số 2 ngõ 163/45 Đường Đại Mỗ, Hà Nội","Nam Từ Liêm, Hà Nội"
"144 nguyễn đình hoàn Đường Nguyễn Đình Hoàn, Phường Nghĩa Đô, Hà Nội","Cầu Giấy, Hà Nội"
"10c ngõ 24 Đường Hoàng Quốc Việt, Phường Nghĩa Đô, Hà Nội","Cầu Giấy, Hà Nội"
"17 ngách 102/44 Phố Pháo Đài Láng, Phường Láng, Hà Nội","Đống Đa, Hà Nội"
"12A ngõ 119 Đường Âu Cơ, Phường Hồng Hà, Hà Nội","Tây Hồ, Hà Nội"
"Ngõ 91 Đường Cầu Diễn, Phường Phú Diễn, Hà Nội","Bắc Từ Liêm, Hà Nội"
"Ngõ 379 Đường Đội Cấn, Phường Ngọc Hà, Hà Nội","Ba Đình, Hà Nội"
"Ngõ 140 Đường Trần Phú, Phường Hà Đông, Hà Nội","Hà Đông, Hà Nội"
"22/15/117 Đường Trần Cung, Phường Nghĩa Đô, Hà Nội","Bắc Từ Liêm, Hà Nội"
"22a, ngõ 6, tổ 12 Đường Ngô Quyền, Phường Hà Đông, Hà Nội","Hà Đông, Hà Nội"
"Số 1 Đường Thanh Bình, Phường Hà Đông, Hà Nội","Hà Đông, Hà Nội"
"số 1 ngách 27 ngõ 350 Đường Kim Giang, Phường Định Công, Hà Nội","Hoàng Mai, Hà Nội"
"31/67 Phố Đình Thôn, Phường Từ Liêm, Hà Nội","Nam Từ Liêm, Hà Nội"
"nhà số 9 nghách 102 ngõ 192 Phố Lê Trọng Tấn, Phường Phương Liệt, Hà Nội","Thanh Xuân, Hà Nội"
"04 Phố Vũ Tông Phan, Phường Khương Đình, Hà Nội","Thanh Xuân, Hà Nội"
"430 Đường Trần Cung, Phường Nghĩa Đô, Hà Nội","Bắc Từ Liêm, Hà Nội"
"75/35 Đường Đặng Thai Mai, Phường Tây Hồ, Hà Nội","Tây Hồ, Hà Nội"
"ngõ 75 Đường Nguyễn Xiển, Phường Khương Đình, Hà Nội","Thanh Xuân, Hà Nội"
"22 Đường Nghiêm Xuân Yêm, Hà Nội","Thanh Trì, Hà Nội"
"54 Đường Cốm Vòng, Phường Cầu Giấy, Hà Nội","Cầu Giấy, Hà Nội"
"50c Đường Hoà Bình 7, Phường Bạch Mai, Hà Nội","Hai Bà Trưng, Hà Nội"
"nghách 67 Đường Gốc Đề, Phường Bạch Mai, Hà Nội","Hai Bà Trưng, Hà Nội"
"76/254 Đường Minh Khai, Phường Vĩnh Tuy, Hà Nội","Hoàng Mai, Hà Nội"
"21 Đường Yên Xá, Hà Nội","Hà Đông, Hà Nội"
"118 đường Yên Phụ, Phường Hồng Hà, Hà Nội","Tây Hồ, Hà Nội"
"Số 4, Ngách 21, Ngõ 482 Đường Kim Giang, Hà Nội","Thanh Trì, Hà Nội"
"4 Đường Khương Trung, Phường Khương Đình, Hà Nội","Thanh Xuân, Hà Nội"
"Ngõ 387 Phố Vũ Tông Phan, Phường Khương Đình, Hà Nội","Thanh Xuân, Hà Nội"
"ngõ 181 Đường Nguyễn Trãi, Phường Khương Đình, Hà Nội","Thanh Xuân, Hà Nội"
"192/236 Phố Lê Trọng Tấn, Phường Phương Liệt, Hà Nội","Thanh Xuân, Hà Nội"
"Ngõ 20 Đường Mỹ Đình, Hà Nội","Nam Từ Liêm, Hà Nội"
"18 ngõ 90 Phố Ngụy Như Kon Tum, Phường Thanh Xuân, Hà Nội","Thanh Xuân, Hà Nội"
"170 Đường Đại Linh, Phường Đại Mỗ, Hà Nội","Nam Từ Liêm, Hà Nội"
"75 Đường Nguyễn Xiển, Phường Khương Đình, Hà Nội","Thanh Xuân, Hà Nội"
"Phố Cửa Nam, Hà Nội","Hoàn Kiếm, Hà Nội"
"91 Đường Nguyễn Hữu Huân, Phường Hoàn Kiếm, Hà Nội","Hoàn Kiếm, Hà Nội"
"27 ngõ 46 Đường Đặng Văn Ngữ, Phường Kim Liên, Hà Nội","Đống Đa, Hà Nội"
"số 32 ngõ 6 Đường Quần Ngựa, Phường Ngọc Hà, Hà Nội","Ba Đình, Hà Nội"
"28 Đường Cầu Vĩnh Tuy, Phường Vĩnh Tuy, Hà Nội","Hai Bà Trưng, Hà Nội"
"8/18/72/1458 Đường Cầu Noi, Phường Đông Ngạc, Hà Nội","Bắc Từ Liêm, Hà Nội"
"117 Đường Nguyễn Sơn, Phường Bồ Đề, Hà Nội","Long Biên, Hà Nội"
"18N04 Đường Triều Khúc, Phường Thanh Xuân, Hà Nội","Thanh Xuân, Hà Nội"
"18 Đường Nguyễn Khuyến, Phường Hà Đông, Hà Nội","Hà Đông, Hà Nội"
"16 Đường Triều Khúc, Phường Thanh Liệt, Hà Nội","Thanh Trì, Hà Nội"
"19 Đường Tân Triều, Phường Thanh Liệt, Hà Nội","Thanh Trì, Hà Nội"
"114 Đường Thanh Bình, Phường Hà Đông, Hà Nội","Hà Đông, Hà Nội"
"Số nhà 6, ngách 41, ngõ 116 miếu đầm Đường Miếu Đầm, Phường Từ Liêm, Hà Nội","Nam Từ Liêm, Hà Nội"
"10 Đường Kim Ngưu, Phường Vĩnh Tuy, Hà Nội","Hai Bà Trưng, Hà Nội"
"69 Đường Tân Mai, Phường Hoàng Mai, Hà Nội","Hoàng Mai, Hà Nội"
"Số 12/17 Ngõ 201 Đường Cầu Giấy, Phường Cầu Giấy, Hà Nội","Cầu Giấy, Hà Nội"
"68 Đường Xuân Thủy, Phường Cầu Giấy, Hà Nội","Cầu Giấy, Hà Nội"
"29/295 Đường Bùi Xương Trạch, Phường Khương Đình, Hà Nội","Thanh Xuân, Hà Nội"
"25 Ngõ 28/28 Đường Đại Linh, Phường Đại Mỗ, Hà Nội","Nam Từ Liêm, Hà Nội"
"3 Đường Ngô Gia Tự, Phường Việt Hưng, Hà Nội","Long Biên, Hà Nội"
"24 ngách 27 ngõ 116 Đường Miếu Đầm, Phường Từ Liêm, Hà Nội","Nam Từ Liêm, Hà Nội"
"9A Đường Vĩnh Hưng, Phường Vĩnh Hưng, Hà Nội","Hoàng Mai, Hà Nội"
"Số 47/86/16 Đường Tô Vĩnh Diện, Phường Khương Đình, Hà Nội","Thanh Xuân, Hà Nội"
"173 Đường Xuân Thủy, Phường Cầu Giấy, Hà Nội","Cầu Giấy, Hà Nội"
"số 9 ngách 35 ngõ Văn Hương, Tôn Đức Thắng, Hàng Bột, Đống Đa, Hà Nội Phố Tôn Đức Thắng, Hà Nội","Đống Đa, Hà Nội"
"6 ngõ 1 Phố Lê Văn Thiêm, Phường Thanh Xuân, Hà Nội","Thanh Xuân, Hà Nội"
"Đường Yên Vĩnh, Xã Hoài Đức, Hà Nội","Hoài Đức, Hà Nội"
"1 Ngõ 96/71 Đường Thượng Thanh, Phường Xuân Đỉnh, Hà Nội","Long Biên, Hà Nội"
"7 Phố Trần Bình, Phường Phú Diễn, Hà Nội","Cầu Giấy, Hà Nội"
"84 Đường An Dương Vương, Phường Phú Thượng, Hà Nội","Tây Hồ, Hà Nội"
"165 Đường Dương Quảng Hàm, Phường Nghĩa Đô, Hà Nội","Cầu Giấy, Hà Nội"
"49c ngõ 46 Đường Phạm Ngọc Thạch, Phường Kim Liên, Hà Nội","Đống Đa, Hà Nội"
"7 Đường Nguyễn Chí Thanh, Phường Láng, Hà Nội","Đống Đa, Hà Nội"
"23 Đường Võ Văn Dũng, Phường Ô Chợ Dừa, Hà Nội","Đống Đa, Hà Nội"
"586G Đường Minh Khai, Phường Vĩnh Tuy, Hà Nội","Hai Bà Trưng, Hà Nội"
"78 ngõ 219 Phố Trung Kính, Phường Cầu Giấy, Hà Nội","Cầu Giấy, Hà Nội"
"15 Đường Quan Hoa, Phường Nghĩa Đô, Hà Nội","Cầu Giấy, Hà Nội"
"5 Đường Mỹ Đình, Phường Từ Liêm, Hà Nội","Nam Từ Liêm, Hà Nội"
"CT2A Đường Trần Hữu Dực, Phường Xuân Phương, Hà Nội","Nam Từ Liêm, Hà Nội"
"3 Đường Ngô Quyền, Phường Hà Đông, Hà Nội","Hà Đông, Hà Nội"
"Đường Yên Xá, Phường Thanh Liệt, Hà Nội","Thanh Trì, Hà Nội"
"Phố Hoàng Cầu, Phường Ô Chợ Dừa, Hà Nội","Đống Đa, Hà Nội"
"401 Đường Xuân Đỉnh, Phường Xuân Đỉnh, Hà Nội","Bắc Từ Liêm, Hà Nội"
"262 Đường Khương Đình, Phường Khương Đình, Hà Nội","Thanh Xuân, Hà Nội"
"Đường Tôn Quang Phiệt, Phường Nghĩa Đô, Hà Nội","Bắc Từ Liêm, Hà Nội"
"334 Đường Phạm Văn Đồng, Phường Đông Ngạc, Hà Nội","Bắc Từ Liêm, Hà Nội"
"ngõ 392 Phố Bạch Mai, Phường Bạch Mai, Hà Nội","Hai Bà Trưng, Hà Nội"
"Đường Phạm Hùng, Xã Trung Giã, Hà Nội","Cầu Giấy, Hà Nội"
"Ngõ 143 Đường Quan Hoa, Phường Nghĩa Đô, Hà Nội","Cầu Giấy, Hà Nội"
"2/24/73 Đường Nguyễn Lương Bằng, Phường Đống Đa, Hà Nội","Đống Đa, Hà Nội"
"số 26 ngõ 5 Đường Phạm Thận Duật, Phường Phú Diễn, Hà Nội","Cầu Giấy, Hà Nội"
"số 3 ngõ 544 Đường Đê La Thành, Phường Giảng Võ, Hà Nội","Ba Đình, Hà Nội"
"39 ngõ 93 Đường Hoàng Văn Thái, Phường Phương Liệt, Hà Nội","Thanh Xuân, Hà Nội"
"Số 36, Ngõ 1 phố Tân Khai, Đường Lĩnh Nam, Phường Vĩnh Hưng, Hà Nội","Hoàng Mai, Hà Nội"
"75 Phố Trung Kính, Xã Trung Giã, Hà Nội","Cầu Giấy, Hà Nội"
"83 Đường Đỗ Nhuận, Phường Xuân Đỉnh, Hà Nội","Bắc Từ Liêm, Hà Nội"
"Ngõ 1 Nguyễn Thị Định, Trung Hòa, Cầu Giấy, Hà Nội Đường Nguyễn Thị Định, Xã Trung Giã, Hà Nội","Cầu Giấy, Hà Nội"
"Số 18, ngõ 62 Đường Ngọc Hà, Phường Ba Đình, Hà Nội","Ba Đình, Hà Nội"
"số 14 ngõ 142 Đường Nguyễn Đình Hoàn, Phường Nghĩa Đô, Hà Nội","Cầu Giấy, Hà Nội"
"10c ngõ 63 Đường Lê Đức Thọ, Xã Lạc Phượng, Hà Nội","Nam Từ Liêm, Hà Nội"
"Đường Dã Tượng, Phường Cửa Nam, Hà Nội","Hoàn Kiếm, Hà Nội"
"34 Đường Âu Cơ, Phường Hồng Hà, Hà Nội","Tây Hồ, Hà Nội"
"Đường Nguyễn Hữu Huân, Phường Hoàn Kiếm, Hà Nội","Hoàn Kiếm, Hà Nội"
"Số 6 ngo 942 Đường Nguyễn Khoái, Phường Vĩnh Hưng, Hà Nội","Hoàng Mai, Hà Nội"
"Khu chung cư Cầu Bươu Đường Phan Trọng Tuệ, Phường Thanh Liệt, Hà Nội","Thanh Trì, Hà Nội"
"Xã Thanh Trì, Hà Nội","Thanh Trì, Hà Nội"
"Sô 130, tổ 2, phú đô, Phường Từ Liêm, Hà Nội","Nam Từ Liêm, Hà Nội"
"Khu b đại học mỏ địa chất Đường Phạm Văn Nghị, Phường Đông Ngạc, Hà Nội","Bắc Từ Liêm, Hà Nội"
"602 Đường Kim Giang, Hà Nội","Thanh Trì, Hà Nội"
"21 ngõ 26a Mỹ Đình, Hà Nội","Cầu Giấy, Hà Nội"
"12B ngõ 79 Đường Thổ Quan, Phường Văn Miếu - Quốc Tử Giám, Hà Nội","Đống Đa, Hà Nội"
"16/183 Đường Hoàng Văn Thái, Phường Khương Đình, Hà Nội","Thanh Xuân, Hà Nội"
"Số 2c ngõ 583 Phố Vũ Tông Phan, Phường Khương Đình, Hà Nội","Thanh Xuân, Hà Nội"
"126a/509 Phố Vũ Tông Phan, Phường Khương Đình, Hà Nội","Thanh Xuân, Hà Nội"
"Phường Xuân Phương, Hà Nội","Nam Từ Liêm, Hà Nội"
"Ngõ 21 Đường Yên Xá, Phường Thanh Liệt, Hà Nội","Thanh Trì, Hà Nội"
"Đường Thanh Liệt, Hà Nội","Thanh Trì, Hà Nội"
"5 Đường Vũ Trọng Phụng, Phường Thanh Xuân, Hà Nội","Thanh Xuân, Hà Nội"
"Nhà 11 ngách 72/82 ngõ 72 Đường Tôn Thất Tùng, Phường Kim Liên, Hà Nội","Đống Đa, Hà Nội"
"86 Đường Phú Diễn, Phường Phú Diễn, Hà Nội","Bắc Từ Liêm, Hà Nội"
"Số 6, Ngách 2, Ngõ 84 Đường Đàm Quang Trung, Phường Long Biên, Hà Nội","Long Biên, Hà Nội"
"112 Đường Định Công Thượng, Phường Định Công, Hà Nội","Hoàng Mai, Hà Nội"
"2 Đường Vũ Thạnh, Phường Ô Chợ Dừa, Hà Nội","Đống Đa, Hà Nội"
"số 6 ngõ 182 Đường Bồ Đề, Phường Bồ Đề, Hà Nội","Long Biên, Hà Nội"
"Số 1 ngách 56 ngõ Gốc Đề Đường Minh Khai, Phường Tương Mai, Hà Nội","Hoàng Mai, Hà Nội"
"Số 50 ngõ 53 Phố Quan Nhân, Phường Thanh Xuân, Hà Nội","Thanh Xuân, Hà Nội"
"đường Nguyễn Hoàng Tôn, Xã Lạc Phượng, Hà Nội","Nam Từ Liêm, Hà Nội"
"Đường Hoàng Quốc Việt, Hà Nội","Nam Từ Liêm, Hà Nội"
"Đường Nhổn, Phường Tây Tựu, Hà Nội","Bắc Từ Liêm, Hà Nội"
"77, Ngõ 67 Văn Cao, Phố Liễu Giai, Phường Ngọc Hà, Hà Nội","Ba Đình, Hà Nội"
"45 ngõ 4 Đồng Me Đường Mễ Trì Thượng, Phường Từ Liêm, Hà Nội","Nam Từ Liêm, Hà Nội"
"17 Phố Trần Bình, Phường Phú Diễn, Hà Nội","Cầu Giấy, Hà Nội"
"Số 1 hẻm 10 ngách 64 ngõ 44 Trần thái tông Đường Cầu Giấy, Phường Cầu Giấy, Hà Nội","Cầu Giấy, Hà Nội"
"Ngõ 42 Đường Thịnh Liệt, Phường Hoàng Mai, Hà Nội","Hoàng Mai, Hà Nội"
"15C Đường Xa La, Phường Hà Đông, Hà Nội","Hà Đông, Hà Nội"
"Đường Tú Mỡ, Xã Trung Giã, Hà Nội","Cầu Giấy, Hà Nội"
"Đường Đỗ Nhuận, Phường Xuân Đỉnh, Hà Nội","Bắc Từ Liêm, Hà Nội"
"Đường Phạm Văn Đồng, Phường Nghĩa Đô, Hà Nội","Bắc Từ Liêm, Hà Nội"
"Ngõ 26 Đường Trần Thái Tông, Hà Nội","Cầu Giấy, Hà Nội"
"51 Đường Yên Phúc, Phường Hà Đông, Hà Nội","Hà Đông, Hà Nội"
"412 Đường Ngọc Thụy, Phường Hồng Hà, Hà Nội","Long Biên, Hà Nội"
"254 Đường Vĩnh Hưng, Phường Vĩnh Hưng, Hà Nội","Hoàng Mai, Hà Nội"
"40 Đường Nguyễn Văn Trỗi, Phường Hà Đông, Hà Nội","Hà Đông, Hà Nội"
"Phường Vĩnh Tuy, Hà Nội","Hai Bà Trưng, Hà Nội"
"Số 31 Ngách 23 Ngõ 256 Đường Xuân Đỉnh, Phường Xuân Đỉnh, Quận Bắc Từ Liêm, Hà Nội Đường Xuân Đỉnh, Phường Xuân Đỉnh, Hà Nội","Bắc Từ Liêm, Hà Nội"
"9/79 Đường Mễ Trì Thượng, Phường Từ Liêm, Hà Nội","Nam Từ Liêm, Hà Nội"
"19 Đường Hoàng Hoa Thám, Hà Nội","Hà Đông, Hà Nội"
"89 Đường Phan Kế Bính, Phường Ngọc Hà, Hà Nội","Ba Đình, Hà Nội"
"363 Đường Nam Dư, Phường Lĩnh Nam, Hà Nội","Hoàng Mai, Hà Nội"
"số 43 bt 4 Đường Cầu Bươu, Phường Thanh Liệt, Hà Nội","Thanh Trì, Hà Nội"
"Số nhà 82 ngõ 235 Đường Yên Hòa, Phường Cầu Giấy, Hà Nội","Cầu Giấy, Hà Nội"
"112 Phố Ngọc Khánh, Phường Giảng Võ, Hà Nội","Ba Đình, Hà Nội"
"ngõ 20 Đường Mỹ Đình, Xã Lạc Phượng, Hà Nội","Nam Từ Liêm, Hà Nội"
"P414 Đường Vũ Thạnh, Phường Ô Chợ Dừa, Hà Nội","Đống Đa, Hà Nội"
"36/23/29 Đường Miếu Đầm, Phường Từ Liêm, Hà Nội","Nam Từ Liêm, Hà Nội"
"139 Đường Nguyễn Thái Học, Phường Ba Đình, Hà Nội","Ba Đình, Hà Nội"
"772 Đường Kim Giang, Hà Nội","Thanh Trì, Hà Nội"
"61 Đường Ngõ Huyện, Phường Hoàn Kiếm, Hà Nội","Hoàn Kiếm, Hà Nội"
"số 15 ngõ 58 Phố Mai Dịch, Phường Phú Diễn, Hà Nội","Cầu Giấy, Hà Nội"
"Đường Mỹ Đình, Phường Từ Liêm, Hà Nội","Nam Từ Liêm, Hà Nội"
"139 ngõ 5 Đường Quang Trung, Phường Cửa Nam, Hà Nội","Hoàn Kiếm, Hà Nội"
"ngõ 2 Đường Hoàng Tăng Bí, Phường Đông Ngạc, Hà Nội","Bắc Từ Liêm, Hà Nội"
"01 ngõ 168/85 Đường Kim Giang, Phường Định Công, Hà Nội","Hoàng Mai, Hà Nội"
"307 Phố Giảng Võ, Phường Ô Chợ Dừa, Hà Nội","Đống Đa, Hà Nội"
"Số nhà 7A, ngõ 213/29/17 Đường Giáp Nhất, Phường Thanh Xuân, Hà Nội","Thanh Xuân, Hà Nội"
"Ngõ 98 Đường Nguyễn Văn Giáp, Phường Từ Liêm, Hà Nội","Nam Từ Liêm, Hà Nội"
"10C Q27 Đường Nguyễn An Ninh, Phường Thượng Cát, Hà Nội","Hoàng Mai, Hà Nội"
"Đội 2 Thôn Lạc Thị Đường Ngọc Hồi, Xã Ngọc Hồi, Hà Nội","Thanh Trì, Hà Nội"
"khu đô thị hud Đường số 70, Xã Sơn Đồng, Hà Nội","Hoài Đức, Hà Nội"
"Số nhà 26, ngách 151/77 , ngõ 190 Đường Hoàng Mai, Phường Thượng Cát, Hà Nội","Hoàng Mai, Hà Nội"
"158, Xã Phù Đổng, Hà Nội","Hai Bà Trưng, Hà Nội"
"Đối diện Viện K Tân Triều Đường số 70, Phường Hà Đông, Hà Nội","Hà Đông, Hà Nội"
"45 Đường Chương Dương Độ, Phường Hồng Hà, Hà Nội","Hoàn Kiếm, Hà Nội"
"Ngõ 6 Đường Trần Hữu Dực, Phường Từ Liêm, Hà Nội","Nam Từ Liêm, Hà Nội"
"14 ngõ 99 Phố Trung Kính, Xã Trung Giã, Hà Nội","Cầu Giấy, Hà Nội"
"Phường Xuân Đỉnh, Hà Nội","Bắc Từ Liêm, Hà Nội"
"Ngõ 190 Đường Nguyễn Trãi, Phường Khương Đình, Hà Nội","Thanh Xuân, Hà Nội"
"32/117 Đường Mễ Trì Hạ, Phường Từ Liêm, Hà Nội","Nam Từ Liêm, Hà Nội"
"Đường Yên Xá, Phường Hà Đông, Hà Nội","Hà Đông, Hà Nội"
"lô 8 Đường Hoàng Mai, Phường Tương Mai, Hà Nội","Hoàng Mai, Hà Nội"
"211 Đường Hoàng Mai, Phường Tương Mai, Hà Nội","Hoàng Mai, Hà Nội"
"32/117 Đường Đỗ Đức Dục, Phường Từ Liêm, Hà Nội","Nam Từ Liêm, Hà Nội"
"số nhà 10. ngõ 61 đường An Thọ Đường Đại lộ Thăng Long, Xã An Khánh, Hà Nội","Hoài Đức, Hà Nội"
"27c ngách 63 ngõ 96 Đường Đại Từ, Phường Định Công, Hà Nội","Hoàng Mai, Hà Nội"
"Số 27c ngách 63 ngõ 96 Đường Đại Từ, Phường Định Công, Hà Nội","Hoàng Mai, Hà Nội"
"282/6 Đường Kim Giang, Phường Định Công, Hà Nội","Hoàng Mai, Hà Nội"
"55 Đường Trần Phú, Phường Hà Đông, Hà Nội","Hà Đông, Hà Nội"
"109 Đường Nguyễn Văn Trỗi, Phường Hà Đông, Hà Nội","Hà Đông, Hà Nội"
"Ngõ 55 Đường Trần Phú, Phường Hà Đông, Hà Nội","Hà Đông, Hà Nội"
"112 Phố Bà Triệu, Phường Hà Đông, Hà Nội","Hà Đông, Hà Nội"
"Đường Ao Sen, Phường Hà Đông, Hà Nội","Hà Đông, Hà Nội"
"P106 Nhà A1,Tổ 15, Ngõ 72, Đường Dương Quảng Hàm, Phường Nghĩa Đô, Hà Nội","Cầu Giấy, Hà Nội"
"233 Đường Chiến Thắng, Phường Thanh Liệt, Hà Nội","Thanh Trì, Hà Nội"
"29 Đường Dịch Vọng, Phường Cầu Giấy, Hà Nội","Cầu Giấy, Hà Nội"
"Ngõ 97 Phố Chính Kinh, Phường Thanh Xuân, Hà Nội","Thanh Xuân, Hà Nội"
"47/203 Đường Hồng Hà, Phường Hồng Hà, Hà Nội","Hoàn Kiếm, Hà Nội"
"5 Đường Cầu Giấy, Phường Nghĩa Đô, Hà Nội","Cầu Giấy, Hà Nội"
"5 ngõ 192 phố Đại Từ Đường Linh Đàm, Phường Định Công, Hà Nội","Hoàng Mai, Hà Nội"
"31 Đường Minh Khai, Phường Bạch Mai, Hà Nội","Hai Bà Trưng, Hà Nội"
"5/487 Đường Hoàng Quốc Việt, Phường Nghĩa Đô, Hà Nội","Bắc Từ Liêm, Hà Nội"
"6A Đường Mỗ Lao, Phường Hà Đông, Hà Nội","Hà Đông, Hà Nội"
"169 Đường Bùi Xương Trạch, Phường Khương Đình, Hà Nội","Thanh Xuân, Hà Nội"
"105 Phố Doãn Kế Thiện, Phường Phú Diễn, Hà Nội","Cầu Giấy, Hà Nội"
"82 Ngõ 235 Đường Yên Hòa, Phường Cầu Giấy, Hà Nội","Cầu Giấy, Hà Nội"
"3 Đường Cầu vượt Mai Dịch, Hà Nội","Cầu Giấy, Hà Nội"
"Số nhà 71 - ngõ 58 (ngã ba giao với ngõ 59 Dương Khuê Phố Trần Bình, Phường Phú Diễn, Hà Nội","Cầu Giấy, Hà Nội"
"26 NGÕ 241 Đường Chiến Thắng, Phường Hà Đông, Hà Nội","Hà Đông, Hà Nội"
"số 45 ngách 52/25 mỹ đình Đường Mỹ Đình, Phường Từ Liêm, Hà Nội","Nam Từ Liêm, Hà Nội"
"số 3 ngách 19 ngõ 259 phú diễn Đường Phú Diễn, Phường Phú Diễn, Hà Nội","Bắc Từ Liêm, Hà Nội"
"số 22 ngõ 127 ngách 38 Phố Hào Nam, Phường Ô Chợ Dừa, Hà Nội","Đống Đa, Hà Nội"
"số 39 đường Đầm hồng ngõ 93 Hoàng Văn Thái Đường Hoàng Văn Thái, Phường Phương Liệt, Hà Nội","Thanh Xuân, Hà Nội"
"Số 30 ngõ 124 Đường Triều Khúc, Phường Thanh Liệt, Hà Nội","Thanh Trì, Hà Nội"
"63 ngõ 16 Phố Thái Hà, Phường Đống Đa, Hà Nội","Đống Đa, Hà Nội"
"477 Đường Xuân Đỉnh, Phường Xuân Đỉnh, Hà Nội","Bắc Từ Liêm, Hà Nội"
"26 ngõ 266 Phố Lê Thanh Nghị, Phường Bạch Mai, Hà Nội","Hai Bà Trưng, Hà Nội"
"8/18/72/1458 cầu noi, Phường Đông Ngạc, Hà Nội","Bắc Từ Liêm, Hà Nội"
"ngõ B1 Đường Tôn Thất Tùng, Phường Kim Liên, Hà Nội","Đống Đa, Hà Nội"
"15 Phố Nguyễn Phúc Lai, Phường Ô Chợ Dừa, Hà Nội","Đống Đa, Hà Nội"
"Số nhà 52, Ngõ 136, Đường Cầu Diễn, Phường Tây Tựu, Hà Nội","Bắc Từ Liêm, Hà Nội"
"305/ A7/ ngách 3/199 trần quốc hoàn, ầu Phố Trần Quốc Hoàn, Hà Nội","Cầu Giấy, Hà Nội"
"Số nhà 11, ngõ 18 Đường Thanh Bình, Phường Hà Đông, Hà Nội","Hà Đông, Hà Nội"
"Số nhà 3/32/5/204 Đường Trần Duy Hưng, Xã Trung Giã, Hà Nội","Cầu Giấy, Hà Nội"
"Số 2 ngõ 144/2 Phố Quan Nhân, Phường Thanh Xuân, Hà Nội","Thanh Xuân, Hà Nội"
"38 Đường Đào Tấn, Phường Ngọc Hà, Hà Nội","Ba Đình, Hà Nội"
"381 Đường Cầu Giấy, Phường Cầu Giấy, Hà Nội","Cầu Giấy, Hà Nội"
"Số 1 đường Mỹ Đình, phường Mỹ Đình 2, Nam Từ Liêm, Hà Nội, Hà Nội","Nam Từ Liêm, Hà Nội"
"Số 2 ngõ 72 đường Miếu đầm, nam từ Liêm, hà Nội, Hà Nội","Nam Từ Liêm, Hà Nội"
"354 Đường Trường Chinh, Phường Kim Liên, Hà Nội","Đống Đa, Hà Nội"
"276 Đường Mỹ Đình, Phường Từ Liêm, Hà Nội","Nam Từ Liêm, Hà Nội"
"181/4 Đường Trần Phú, Phường Hà Đông, Hà Nội","Hà Đông, Hà Nội"
"Đội 15 Thôn Khoan Tế Đường Đa Tốn, Hà Nội","Gia Lâm, Hà Nội"
"127 Phố Sở Thượng, Phường Yên Sở, Hà Nội","Hoàng Mai, Hà Nội"
"Đường Kim Giang, Hà Nội","Thanh Trì, Hà Nội"
"Đường Phan Trọng Tuệ, Xã Thanh Trì, Hà Nội","Thanh Trì, Hà Nội"
"Số 2 ngách 35/66 Đường Hồ Tùng Mậu, Phường Phú Diễn, Hà Nội","Cầu Giấy, Hà Nội"
"Số 7 ngõ 130 đường An Dương, Phường Hồng Hà, Hà Nội","Tây Hồ, Hà Nội"
"49 ngõ 167 Đường Thanh Nhàn, Phường Bạch Mai, Hà Nội","Hai Bà Trưng, Hà Nội"
"số 12a ngách 66 ngõ 73 Đường Hoàng Ngân, Phường Cầu Giấy, Hà Nội","Cầu Giấy, Hà Nội"
"1c, 189/81 Đường Hoàng Hoa Thám, Phường Ba Đình, Hà Nội","Ba Đình, Hà Nội"
"số 2 ngách 54/16 Đường Tôn Thất Tùng, Phường Kim Liên, Hà Nội","Đống Đa, Hà Nội"
"73 Đường Kim Giang, Phường Khương Đình, Hà Nội","Thanh Xuân, Hà Nội"
"Số 25 ngõ 90 Phố Chính Kinh, Phường Thanh Xuân, Hà Nội","Thanh Xuân, Hà Nội"
"Số 24 ngách 66/68 Đường Ngọc Lâm, Phường Bồ Đề, Hà Nội","Long Biên, Hà Nội"
"35 Đường Láng, Phường Láng, Hà Nội","Đống Đa, Hà Nội"
"Số 20 ngõ 181 Đường Đê La Thành, Phường Ô Chợ Dừa, Hà Nội","Đống Đa, Hà Nội"
"Phố Liễu Giai, Phường Ngọc Hà, Hà Nội","Ba Đình, Hà Nội"
"6 Đường Mỹ Đình, Xã Lạc Phượng, Hà Nội","Nam Từ Liêm, Hà Nội"
"133 Đường Nguyễn Văn Trỗi, Phường Hà Đông, Hà Nội","Hà Đông, Hà Nội"
"241 Đường Chiến Thắng, Phường Hà Đông, Hà Nội","Hà Đông, Hà Nội"
"14 ngõ 1194/90 Đường Láng, Phường Láng, Hà Nội","Đống Đa, Hà Nội"
"số 11 ngõ 2 tập thể tăng thiết giáp Đường Cầu Noi, Phường Đông Ngạc, Hà Nội","Bắc Từ Liêm, Hà Nội"
"Số 2 149/285 Đường Đội Cấn, Phường Ngọc Hà, Hà Nội","Ba Đình, Hà Nội"
"số 23 ngõ 32/36 đường An Dương, Phường Hồng Hà, Hà Nội","Tây Hồ, Hà Nội"
"Đường Phú Diễn, Phường Phú Diễn, Hà Nội","Bắc Từ Liêm, Hà Nội"
"Đường Phạm Văn Đồng, Phường Xuân Đỉnh, Hà Nội","Bắc Từ Liêm, Hà Nội"
"4/44 Đường Đại Linh, Phường Đại Mỗ, Hà Nội","Nam Từ Liêm, Hà Nội"
"68 ngõ Hòa Bình Phố Khâm Thiên, Phường Văn Miếu - Quốc Tử Giám, Hà Nội","Đống Đa, Hà Nội"
"41 Đường Bằng A, Phường Hoàng Liệt, Hà Nội","Hoàng Mai, Hà Nội"
"79 Đường Cầu Giấy, Phường Cầu Giấy, Hà Nội","Cầu Giấy, Hà Nội"
"43 ngách 180 ngõ 63 Đường Lê Đức Thọ, Xã Lạc Phượng, Hà Nội","Nam Từ Liêm, Hà Nội"
"số 4/8 ngõ 255 Đường Cầu Giấy, Phường Cầu Giấy, Hà Nội","Cầu Giấy, Hà Nội"
"Số 67, ngõ 54 Đường Ngọc Hồi, Xã Thanh Trì, Hà Nội","Thanh Trì, Hà Nội"
"Số 6 ngõ 217 Phố Mai Dịch, Phường Phú Diễn, Hà Nội","Cầu Giấy, Hà Nội"
"12 Đường Định Công Thượng, Phường Định Công, Hà Nội","Hoàng Mai, Hà Nội"
"177 Đường Thịnh Quang, Phường Đống Đa, Hà Nội","Đống Đa, Hà Nội"
"312 Đường Kim Giang, Phường Khương Đình, Hà Nội","Thanh Xuân, Hà Nội"
"69 Đường Vân Hồ III, Phường Hai Bà Trưng, Hà Nội","Hai Bà Trưng, Hà Nội"
"261 Phố Trần Quốc Hoàn, Phường Cầu Giấy, Hà Nội","Cầu Giấy, Hà Nội"
"Số 102 Mễ Trì Thượng, Phường Từ Liêm, Hà Nội","Nam Từ Liêm, Hà Nội"
"số 8 Đường Nguyễn Quý Đức, Phường Thanh Xuân, Hà Nội","Thanh Xuân, Hà Nội"
"Số 4 ngách 402/42/14 Đường Mỹ Đình, Phường Từ Liêm, Hà Nội","Nam Từ Liêm, Hà Nội"
"47 ngõ 148 Phố Mai Anh Tuấn, Phường Ô Chợ Dừa, Hà Nội","Đống Đa, Hà Nội"
"36 Phố Doãn Kế Thiện, Phường Phú Diễn, Hà Nội","Cầu Giấy, Hà Nội"
"số 2 ngõ 320 Đường Định Công, Phường Phương Liệt, Hà Nội","Thanh Xuân, Hà Nội"
"107 Đường Nguyễn Chí Thanh, Phường Láng, Hà Nội","Đống Đa, Hà Nội"
"Ngõ Hòa Bình 4 Đường Minh Khai, Phường Bạch Mai, Hà Nội","Hai Bà Trưng, Hà Nội"
"26/78/562 Đường Trần Cung, Phường Nghĩa Đô, Hà Nội","Bắc Từ Liêm, Hà Nội"
"số 9, ngõ 467/68i Đường Lĩnh Nam, Xã Bát Tràng, Hà Nội","Hoàng Mai, Hà Nội"
"112 Đường Mễ Trì Thượng, Phường Từ Liêm, Hà Nội","Nam Từ Liêm, Hà Nội"
"282 Phố Lê Trọng Tấn, Phường Hà Đông, Hà Nội","Hà Đông, Hà Nội"
"Số 12, TT6, Lô 7.3, Xã Lạc Phượng, Hà Nội","Nam Từ Liêm, Hà Nội"
"850 Đường Láng, Phường Láng, Hà Nội","Đống Đa, Hà Nội"
"26/78/562 Đường Trần Cung, Hà Nội","Bắc Từ Liêm, Hà Nội"
"52, hẻm 34/232/18 Đường Dương Văn Bé, Phường Vĩnh Tuy, Hà Nội","Hai Bà Trưng, Hà Nội"
"6a ngõ 41/58 Phố Thái Hà, Phường Đống Đa, Hà Nội","Đống Đa, Hà Nội"
"Số 12, ngõ 1002 Đường Láng, Phường Láng, Hà Nội","Đống Đa, Hà Nội"
"66 Đường Triều Khúc, Phường Thanh Xuân, Hà Nội","Thanh Xuân, Hà Nội"
"39 Đường Xa La, Phường Hà Đông, Hà Nội","Hà Đông, Hà Nội"
"14/177 Đường Thịnh Quang, Phường Đống Đa, Hà Nội","Đống Đa, Hà Nội"
"123/17/10 Đường Võ Chí Công, Phường Tây Hồ, Hà Nội","Tây Hồ, Hà Nội"
"số 23 ngõ 75 Đường Hồ Tùng Mậu, Phường Phú Diễn, Hà Nội","Cầu Giấy, Hà Nội"
"300 Đường Nguyễn Xiển, Phường Thanh Xuân, Hà Nội","Thanh Xuân, Hà Nội"
"286 Đường Nguyễn Xiển, Phường Thanh Xuân, Hà Nội","Thanh Xuân, Hà Nội"
"111 Đường Triều Khúc, Phường Thanh Liệt, Hà Nội","Thanh Trì, Hà Nội"
"233 Đường Chiến Thắng, Phường Hà Đông, Hà Nội","Hà Đông, Hà Nội"
"Số 4, Ngách 90, Ngõ 445 Đường Nguyễn Khang, Phường Cầu Giấy, Hà Nội","Cầu Giấy, Hà Nội"
"32 Phố Chùa Láng, Phường Láng, Hà Nội","Đống Đa, Hà Nội"
"63 ngõ 221 Phố Tôn Đức Thắng, Hà Nội","Đống Đa, Hà Nội"
"Ngõ 230 Định Công hạ số nhà 113, Phường Khương Đình, Hà Nội","Thanh Xuân, Hà Nội"
"12,239 Lạc Long Quân- Nghĩa Đô-Cầu Giấy-Hà Nội Đường Lạc Long Quân, Phường Nghĩa Đô, Hà Nội","Cầu Giấy, Hà Nội"
"số nhà 23 ngõ 32/36 đường An Dương, Phường Hồng Hà, Hà Nội","Tây Hồ, Hà Nội"
"7A Đường Cầu Thanh Trì, Xã Bát Tràng, Hà Nội","Hoàng Mai, Hà Nội"
"16 Đường Đỗ Đức Dục, Phường Từ Liêm, Hà Nội","Nam Từ Liêm, Hà Nội"
"32 Đường Mễ Trì Hạ, Phường Từ Liêm, Hà Nội","Nam Từ Liêm, Hà Nội"
"394 Đường Mỹ Đình, Phường Từ Liêm, Hà Nội","Nam Từ Liêm, Hà Nội"
"Nhà thuốc nghi Phố Bạch Mai, Phường Bạch Mai, Hà Nội","Hai Bà Trưng, Hà Nội"
"số 52 ngõ 482 kim giang Đường Cầu Dậu, Xã Đại Thanh, Hà Nội","Thanh Trì, Hà Nội"
"44/64/10 Đường Trần Thái Tông, Phường Cầu Giấy, Hà Nội","Cầu Giấy, Hà Nội"
"430 trần cung, cổ nhuế 1, bắc từ liêm, hà nội Đường Trần Cung, Phường Nghĩa Đô, Hà Nội","Bắc Từ Liêm, Hà Nội"
"283 Phố Yên Duyên, Phường Yên Sở, Hà Nội","Hoàng Mai, Hà Nội"
"30 Phố Chùa Láng, Phường Láng, Hà Nội","Đống Đa, Hà Nội"
"Số 8 ngõ 175 ngách 5/20, Phường Định Công, Hà Nội","Hoàng Mai, Hà Nội"
"86 Đường Bạch Thái Bưởi, Phường Hà Đông, Hà Nội","Hà Đông, Hà Nội"
"Nhà 22, ngách 17, ngõ 4 Đường Thanh Bình, Phường Hà Đông, Hà Nội","Hà Đông, Hà Nội"
"ngách 61, ngõ 189 Đường Hoàng Hoa Thám, Phường Ngọc Hà, Hà Nội","Ba Đình, Hà Nội"
"12B ngõ 79 Thổ Quan Phố Xã Đàn, Phường Văn Miếu - Quốc Tử Giám, Hà Nội","Đống Đa, Hà Nội"
"151A Đường Nguyễn Đức Cảnh, Phường Thượng Cát, Hà Nội","Hoàng Mai, Hà Nội"
"Số 29, ngõ 162B Phố Tôn Đức Thắng, Hà Nội","Đống Đa, Hà Nội"
"76 khu tái định cư x2a Phố Hưng Phúc, Phường Yên Sở, Hà Nội","Hoàng Mai, Hà Nội"
"Đường Hoàng Quốc Việt, Phường Cầu Giấy, Hà Nội","Cầu Giấy, Hà Nội"
"Đường An Dương Vương, Phường Tây Hồ, Hà Nội","Tây Hồ, Hà Nội"
"9/297 Đường Ngọc Thụy, Phường Hồng Hà, Hà Nội","Long Biên, Hà Nội"
"Ngõ 109 Phố Quan Nhân, Phường Thanh Xuân, Hà Nội","Thanh Xuân, Hà Nội"
"55 ngõ 3 Xã Đàn Đường Nguyễn Lương Bằng, Phường Đống Đa, Hà Nội","Đống Đa, Hà Nội"
"9 Đường Âu Cơ, Phường Hồng Hà, Hà Nội","Tây Hồ, Hà Nội"
"Đường Linh Đàm, Phường Định Công, Hà Nội","Hoàng Mai, Hà Nội"
"số nhà 24 - ngõ 12/87 Phố Chính Kinh, Phường Thanh Xuân, Hà Nội","Thanh Xuân, Hà Nội"
"75 Đường Hồng Hà, Phường Hồng Hà, Hà Nội","Ba Đình, Hà Nội"
"Đường Cầu Diễn, Phường Từ Liêm, Hà Nội","Nam Từ Liêm, Hà Nội"
"Số 40 Ngách 41/36 Đông Tác Đường Đông Tác, Phường Kim Liên, Hà Nội","Đống Đa, Hà Nội"
"71/56 Đường Hoàng Văn Thái, Phường Khương Đình, Hà Nội","Thanh Xuân, Hà Nội"
"Đường Nguyễn Cao, Phường Hai Bà Trưng, Hà Nội","Hai Bà Trưng, Hà Nội"
"A34 Đường số 19/5, Phường Hà Đông, Hà Nội","Hà Đông, Hà Nội"
"72 Đường Dương Quảng Hàm, Phường Nghĩa Đô, Hà Nội","Cầu Giấy, Hà Nội"
"Ngõ 67 Gốc Đề Đường Mai Khai, Phường Tương Mai, Hà Nội","Hoàng Mai, Hà Nội"
"Phố Lê Trọng Tấn, Phường Định Công, Hà Nội","Hoàng Mai, Hà Nội"
"10 Đường Trương Định, Phường Thượng Cát, Hà Nội","Hoàng Mai, Hà Nội"
"Khu TT A40 Phố Lê Trọng Tấn, Phường Hà Đông, Hà Nội","Hà Đông, Hà Nội"
"Đường Giáp Nhị, Phường Hoàng Mai, Hà Nội","Hoàng Mai, Hà Nội"
"Ngõ 138 Phố Chợ Khâm Thiên, Phường Văn Miếu - Quốc Tử Giám, Hà Nội","Đống Đa, Hà Nội"
"116 Đường Miếu Đầm, Phường Từ Liêm, Hà Nội","Nam Từ Liêm, Hà Nội"
"số 23 ngách 14/126 Đường Mễ Trì Hạ, Phường Từ Liêm, Hà Nội","Nam Từ Liêm, Hà Nội"
"102 Đường Trần Phú, Hà Nội","Hà Đông, Hà Nội"
"140 Đường Mễ Trì Hạ, Phường Từ Liêm, Hà Nội","Nam Từ Liêm, Hà Nội"
"Số 29 ngách 254/1 Đường Bưởi, Phường Ngọc Hà, Hà Nội","Ba Đình, Hà Nội"
"Bên xe Phùng Đường Quốc lộ 32, Xã An Khánh, Hà Nội","Hoài Đức, Hà Nội"
"17 Đường Hoàng Quốc Việt, Phường Nghĩa Đô, Hà Nội","Bắc Từ Liêm, Hà Nội"
"221 Phố Tôn Đức Thắng, Hà Nội","Đống Đa, Hà Nội"
"2C ngõ 583 Đường Khương Hạ Mới, Phường Khương Đình, Hà Nội","Thanh Xuân, Hà Nội"
"số 8 Ngõ 420 Đường Khương Đình, Phường Khương Đình, Hà Nội","Thanh Xuân, Hà Nội"
"Cuối Đường Nguyễn Khuyến, Phường Hà Đông, Hà Nội","Hà Đông, Hà Nội"
"59 Đường Văn Tiến Dũng, Phường Phú Diễn, Hà Nội","Bắc Từ Liêm, Hà Nội"
"số 103 ngõ 28 phố đại linh Đường Đại Linh, Phường Đại Mỗ, Hà Nội","Nam Từ Liêm, Hà Nội"
"137 Đường Phùng Khoang, Phường Thanh Xuân, Hà Nội","Thanh Xuân, Hà Nội"
"Ngõ 74 Đường Cầu Diễn, Phường Phú Diễn, Hà Nội","Bắc Từ Liêm, Hà Nội"
"31/14/622 Đường Minh Khai, Phường Vĩnh Tuy, Hà Nội","Hai Bà Trưng, Hà Nội"
"01 Đường Cổ Linh, Phường Long Biên, Hà Nội","Long Biên, Hà Nội"
"17 ngõ 154 Phố Đình Thôn, Phường Từ Liêm, Hà Nội","Nam Từ Liêm, Hà Nội"
"420 Đường Khương Đình, Phường Khương Đình, Hà Nội","Thanh Xuân, Hà Nội"
"21 Đường Yên Xá, Phường Hà Đông, Hà Nội","Hà Đông, Hà Nội"
"104 Đường Thanh Bình, Phường Hà Đông, Hà Nội","Hà Đông, Hà Nội"
"20 Đường Mỗ Lao, Phường Hà Đông, Hà Nội","Hà Đông, Hà Nội"
"87 Đường Yên Xá, Phường Hà Đông, Hà Nội","Hà Đông, Hà Nội"
"Số 1 Đường Mỹ Đình, Xã Lạc Phượng, Hà Nội","Nam Từ Liêm, Hà Nội"
"36 Đường Miếu Đầm, Phường Từ Liêm, Hà Nội","Nam Từ Liêm, Hà Nội"
"Số 2 ngõ 72 đường Miếu Đầm, Nam Từ Liêm, Hà Nội, Hà Nội","Nam Từ Liêm, Hà Nội"
"2 ngõ 72 Đường Miếu Đầm, Phường Từ Liêm, Hà Nội","Nam Từ Liêm, Hà Nội"
"Số 23 ngõ 47 Đường Khương Trung, Phường Khương Đình, Hà Nội","Thanh Xuân, Hà Nội"
"Số 23 ngõ 36 Đường Đỗ Đức Dục, Phường Từ Liêm, Hà Nội","Nam Từ Liêm, Hà Nội"
"23 ngõ 36 Đường Đỗ Đức Dục, Phường Từ Liêm, Hà Nội","Nam Từ Liêm, Hà Nội"
"Số 23 ngõ 36 Đường Miếu Đầm, Phường Từ Liêm, Hà Nội","Nam Từ Liêm, Hà Nội"
"36 Đường Đỗ Đức Dục, Phường Từ Liêm, Hà Nội","Nam Từ Liêm, Hà Nội"
"80 Phố Bà Triệu, Phường Hà Đông, Hà Nội","Hà Đông, Hà Nội"
"213 Phố Trần Đại Nghĩa, Phường Bạch Mai, Hà Nội","Hai Bà Trưng, Hà Nội"
"Nhà số 8 ngõ 491 Đường La Thành, Phường Láng, Hà Nội","Đống Đa, Hà Nội"
"84 Phố Pháo Đài Láng, Phường Láng, Hà Nội","Đống Đa, Hà Nội"
"ngõ 42 ngách 52 Đường Xuân Đỉnh, Phường Xuân Đỉnh, Hà Nội","Bắc Từ Liêm, Hà Nội"
"127 Đường Xuân Đỉnh, Phường Xuân Đỉnh, Hà Nội","Bắc Từ Liêm, Hà Nội"
"17 ngõ 44 Phố Pháo Đài Láng, Phường Láng, Hà Nội","Đống Đa, Hà Nội"
"Số 17 ngõ 68/51 Đường Triều Khúc, Phường Thanh Xuân, Hà Nội","Thanh Xuân, Hà Nội"
"38/6 Đường Nguyễn Văn Huyên, Phường Nghĩa Đô, Hà Nội","Cầu Giấy, Hà Nội"
"28/28 Đường Đại Linh, Phường Đại Mỗ, Hà Nội","Nam Từ Liêm, Hà Nội"
"số 103 ngõ 101 Phố Đại La, Xã Phù Đổng, Hà Nội","Hai Bà Trưng, Hà Nội"
"số 8 ngách 51 ngõ 207 Đường Trương Định, Xã Phù Đổng, Hà Nội","Hai Bà Trưng, Hà Nội"
"ngõ 586 Đường Kim Giang, Phường Định Công, Hà Nội","Hoàng Mai, Hà Nội"
"Ô 12 TT6 lô 7.3 và 8.1 khu tái định cư Mỹ Đình 2, Xã Lạc Phượng, Hà Nội","Nam Từ Liêm, Hà Nội"
"22 ngõ 381/19 Đường Nguyễn Khang, Xã Trung Giã, Hà Nội","Cầu Giấy, Hà Nội"
"03, Hẻm 32/2/32 Đường Bưởi, Phường Giảng Võ, Hà Nội","Ba Đình, Hà Nội"
"42 ngách 1 ngõ 989 Tam Trinh Đường Tam Trinh, Phường Tương Mai, Hà Nội","Hoàng Mai, Hà Nội"
"Đường Tam Trinh, Phường Yên Sở, Hà Nội","Hoàng Mai, Hà Nội"
"34 ngõ 96 Đường Võ Chí Công, Phường Nghĩa Đô, Hà Nội","Cầu Giấy, Hà Nội"
"30 ngõ 192 Đường Kim Giang, Phường Định Công, Hà Nội","Hoàng Mai, Hà Nội"
"Số 22/23/235 Đường Yên Hòa, Phường Cầu Giấy, Hà Nội","Cầu Giấy, Hà Nội"
"333 Phố Phố Vọng, Phường Bạch Mai, Hà Nội","Hai Bà Trưng, Hà Nội"
"Số nhà 19,ngách 1333/34 Đường Giải Phóng, Phường Hoàng Liệt, Hà Nội","Hoàng Mai, Hà Nội"
"Số 6A, ngách 28, ngõ 42 Đường Thanh Bình, Phường Hà Đông, Hà Nội","Hà Đông, Hà Nội"
"31 Đường Linh Đường, Phường Hoàng Liệt, Hà Nội","Hoàng Mai, Hà Nội"
"12, ngách 50/144 Đường An Dương Vương, Phường Phú Thượng, Hà Nội","Tây Hồ, Hà Nội"
"Số 8 ngõ 37 Phố Thiên Hiền, Phường Từ Liêm, Hà Nội","Nam Từ Liêm, Hà Nội"
"27 ngõ 1160 Đường Láng, Phường Láng, Hà Nội","Đống Đa, Hà Nội"
"7/128 Đường Vũ Trọng Phụng, Phường Thanh Xuân, Hà Nội","Thanh Xuân, Hà Nội"
"Lk 13-4 ngõ 4 Đường Phan Đình Giót, Phường Hà Đông, Hà Nội","Hà Đông, Hà Nội"
"8 ngõ 797 Đường Trương Định, Phường Hoàng Mai, Hà Nội","Hoàng Mai, Hà Nội"
"32/35 Đường Lạc Long Quân, Phường Nghĩa Đô, Hà Nội","Cầu Giấy, Hà Nội"
"Phố Lê Trọng Tấn, Phường Dương Nội, Hà Nội","Hà Đông, Hà Nội"
"24/69 Phố Tứ Liên Đường Âu Cơ, Phường Hồng Hà, Hà Nội","Tây Hồ, Hà Nội"
"số 5 Đường Cộng Hòa, Xã Đại Thanh, Hà Nội","Thanh Trì, Hà Nội"
"14A ngõ 63/56 Đường Trần Quốc Vượng, Phường Cầu Giấy, Hà Nội","Cầu Giấy, Hà Nội"
"Số nhà 32 ngách 76/6 Đường Nguyễn Chí Thanh, Phường Láng, Hà Nội","Đống Đa, Hà Nội"
"33C/53/68 Đường Cầu Giấy, Phường Nghĩa Đô, Hà Nội","Cầu Giấy, Hà Nội"
"nhà số 4 ngách 15/47 Đường Gốc Đề, Phường Bạch Mai, Hà Nội","Hai Bà Trưng, Hà Nội"
"362, Phường Định Công, Hà Nội","Hoàng Mai, Hà Nội"
"7A ngõ 56 Đường Đê Trần Khát Chân, Phường Vĩnh Tuy, Hà Nội","Hai Bà Trưng, Hà Nội"
"30/5 ngõ 204 Đường Trần Duy Hưng, Xã Trung Giã, Hà Nội","Cầu Giấy, Hà Nội"
"Ngách 83 ngõ Gốc Đề, Minh Khai, Phường Bạch Mai, Hà Nội","Hai Bà Trưng, Hà Nội"
"16 ngõ 5 Đường Lương Văn Can, Hà Nội","Hà Đông, Hà Nội"
"số nhà 21 ngõ 29 Phố Hồng Mai, Phường Bạch Mai, Hà Nội","Hai Bà Trưng, Hà Nội"
"1068 Đường Nguyễn Khoái, Phường Vĩnh Hưng, Hà Nội","Hoàng Mai, Hà Nội"
"11 Đường Vũ Phạm Hàm, Phường Cầu Giấy, Hà Nội","Cầu Giấy, Hà Nội"
"Số4 ngõ 167 Đường Nguyễn Văn Trỗi, Phường Hà Đông, Hà Nội","Hà Đông, Hà Nội"
"Số 2B Ngõ 79/40/22 Đường Dương Quảng Hàm, Phường Nghĩa Đô, Hà Nội","Cầu Giấy, Hà Nội"
"21/50 Đường Yên Xá, Phường Thanh Liệt, Hà Nội","Thanh Trì, Hà Nội"
"181 Đường Trần Phú, Phường Hà Đông, Hà Nội","Hà Đông, Hà Nội"
"Số 10, Ngách 1, Ngõ 46 Phố Phương Mai, Phường Kim Liên, Hà Nội","Đống Đa, Hà Nội"
"39 Đường Yên Xá, Phường Hà Đông, Hà Nội","Hà Đông, Hà Nội"
"113 Phố Thái Thịnh, Phường Đống Đa, Hà Nội","Đống Đa, Hà Nội"
"110 Phố Quan Nhân, Phường Thanh Xuân, Hà Nội","Thanh Xuân, Hà Nội"
"220/6 Đường Định Công Thượng, Phường Định Công, Hà Nội","Hoàng Mai, Hà Nội"
"Ngách 43/33 Đường Cổ Nhuế, Phường Đông Ngạc, Hà Nội","Bắc Từ Liêm, Hà Nội"
"28 Đường Đỗ Đức Dục, Phường Từ Liêm, Hà Nội","Nam Từ Liêm, Hà Nội"
"số 3 ngõ 28/28 Đường Đại Linh, Phường Đại Mỗ, Hà Nội","Nam Từ Liêm, Hà Nội"
"21 ngõ 1, đại linh Đường Đại Linh, Phường Đại Mỗ, Hà Nội","Nam Từ Liêm, Hà Nội"
"3 Ngõ 325/88 Đường Kim Ngưu, Phường Vĩnh Tuy, Hà Nội","Hai Bà Trưng, Hà Nội"
"18 Đường Gia Quất, Phường Xuân Đỉnh, Hà Nội","Long Biên, Hà Nội"
"số nhà 8 ngách 230/3, ngõ 230 Đường Định Công Thượng, Phường Định Công, Hà Nội","Hoàng Mai, Hà Nội"
"477 Đường Cổ Nhuế, Phường Đông Ngạc, Hà Nội","Bắc Từ Liêm, Hà Nội"
"298/105/15 đường Ngọc Hồi, Phường Hoàng Liệt, Hà Nội","Thanh Trì, Hà Nội"
"Cây xăng 74, Đường Lưu Phái, Xã Thanh Trì, Hà Nội","Thanh Trì, Hà Nội"
"47 Đường Linh Đường, Phường Hoàng Liệt, Hà Nội","Hoàng Mai, Hà Nội"
"số 10/14/3 ngõ 342 Đường Hồ Tùng Mậu, Hà Nội","Bắc Từ Liêm, Hà Nội"
"Ngõ 624 Đường Minh Khai, Phường Vĩnh Tuy, Hà Nội","Hai Bà Trưng, Hà Nội"
"Ngõ 622 Đường Minh Khai, Phường Vĩnh Tuy, Hà Nội","Hai Bà Trưng, Hà Nội"
"số 6 ngõ 163 Đường Nguyễn Khang, Phường Cầu Giấy, Hà Nội","Cầu Giấy, Hà Nội"
"số 10 ngõ 116 Đường Miếu Đầm, Phường Từ Liêm, Hà Nội","Nam Từ Liêm, Hà Nội"
"Số 2a ngõ 13 Tam Đa phố Dốc Tam Đa, Phường Tây Hồ, Hà Nội","Tây Hồ, Hà Nội"
"101E A10 Đường Khương Trung, Phường Khương Đình, Hà Nội","Thanh Xuân, Hà Nội"
"27 Ngách 86 ngõ 151 Đường Nguyễn Đức Cảnh, Phường Thượng Cát, Hà Nội","Hoàng Mai, Hà Nội"
"1A Đường Trần Quang Diệu, Phường Ô Chợ Dừa, Hà Nội","Đống Đa, Hà Nội"
"3 Ngách 63 Đường Vân Hồ III, Phường Hai Bà Trưng, Hà Nội","Hai Bà Trưng, Hà Nội"
"3/68 Đường Định Công Thượng, Phường Định Công, Hà Nội","Hoàng Mai, Hà Nội"
"Ngách 101 ngõ 460 Đường Khương Đình, Phường Khương Đình, Hà Nội","Thanh Xuân, Hà Nội"
"SỐ 5 NGÁCH 15, NGÕ 59 PHỐ QUAN HOA, CẦU GIẤY, HÀ NỘI Đường Bờ Sông, Phường Nghĩa Đô, Hà Nội","Cầu Giấy, Hà Nội"
"22 ngách 127/38 Phố Hào Nam, Phường Ô Chợ Dừa, Hà Nội","Đống Đa, Hà Nội"
"Ngõ 83 Đường Yên Lãng, Phường Đống Đa, Hà Nội","Đống Đa, Hà Nội"
"Nhà 11 ngách 82 ngõ 72 Đường Tôn Thất Tùng, Phường Kim Liên, Hà Nội","Đống Đa, Hà Nội"
"1 Đường Mỹ Đình, Xã Lạc Phượng, Hà Nội","Nam Từ Liêm, Hà Nội"
"Số 79 ngõ 121 Đường Kim Ngưu, Phường Vĩnh Tuy, Hà Nội","Hai Bà Trưng, Hà Nội"
"số 9 ngách Đường Hoàng Hoa Thám, Phường Ngọc Hà, Hà Nội","Ba Đình, Hà Nội"
"số 5 Đường Đại Khang, Xã Đại Thanh, Hà Nội","Thanh Trì, Hà Nội"
"381 Đường Nguyễn Khang, Phường Cầu Giấy, Hà Nội","Cầu Giấy, Hà Nội"
"26B/125 Đường Bùi Xương Trạch, Phường Khương Đình, Hà Nội","Thanh Xuân, Hà Nội"
"số 55 ngõ 164 Đường Vương Thừa Vũ, Phường Khương Đình, Hà Nội","Thanh Xuân, Hà Nội"
"6 ngách 63/180/23 Đường Lê Đức Thọ, Xã Lạc Phượng, Hà Nội","Nam Từ Liêm, Hà Nội"
"Ngõ Đường Đội Cấn, Phường Ngọc Hà, Hà Nội","Ba Đình, Hà Nội"
"Số nhà 36b thôn Đường Huỳnh Cung, Phường Hoàng Liệt, Hà Nội","Thanh Trì, Hà Nội"
"Số 9 Đường Văn Chương, Phường Văn Miếu - Quốc Tử Giám, Hà Nội","Đống Đa, Hà Nội"
"69 Đường Hoàng Mai, Phường Tương Mai, Hà Nội","Hoàng Mai, Hà Nội"
"trong ngách 68 ngõ 1277 Đường Giải Phóng, Phường Hoàng Mai, Hà Nội","Hoàng Mai, Hà Nội"
"05bis Phố Đình Thôn, Phường Từ Liêm, Hà Nội","Nam Từ Liêm, Hà Nội"
"ngõ 97 Đường Khương Trung, Phường Khương Đình, Hà Nội","Thanh Xuân, Hà Nội"
"Số 4, Ngách 90, Đường Nguyễn Khang, Phường Cầu Giấy, Hà Nội","Cầu Giấy, Hà Nội"
"47/268 Phố Lê Trọng Tấn, Phường Định Công, Hà Nội","Hoàng Mai, Hà Nội"
"số 2, hẻm 6, ngách 381/55 Đường Nguyễn Khang, Phường Cầu Giấy, Hà Nội","Cầu Giấy, Hà Nội"
"Đường Liên Thôn, Xã Thượng Phúc, Hà Nội","Thường Tín, Hà Nội"
"28 ngõ 215 Đường Định Công Thượng, Phường Định Công, Hà Nội","Hoàng Mai, Hà Nội"
"690 Đường Lạc Long Quân, Phường Tây Hồ, Hà Nội","Tây Hồ, Hà Nội"
"Số 8 ngõ 234 Đường Lai Xá, Xã Hoài Đức, Hà Nội","Hoài Đức, Hà Nội"
"số 16, ngách 32/101 Đỗ Đức Dục Đường Đỗ Đức Dục, Phường Từ Liêm, Hà Nội","Nam Từ Liêm, Hà Nội"
"số 14 ngõ 95 Đường Nam Dư, Xã Bát Tràng, Hà Nội","Hoàng Mai, Hà Nội"
"03 Đường Phú Minh, Phường Phú Diễn, Hà Nội","Bắc Từ Liêm, Hà Nội"
"số 7 ngõ 226 Đường Lê Duẩn, Phường Văn Miếu - Quốc Tử Giám, Hà Nội","Đống Đa, Hà Nội"
"Số nhà 31 tổ 9 Đường Minh Khai, Phường Bạch Mai, Hà Nội","Hai Bà Trưng, Hà Nội"
"343 Đường Đội Cấn, Phường Ba Đình, Hà Nội","Ba Đình, Hà Nội"
"Đường số 422, Xã Sơn Đồng, Hà Nội","Hoài Đức, Hà Nội"
"3A, 295/49 Bạch Mai Phố Bạch Mai, Phường Bạch Mai, Hà Nội","Hai Bà Trưng, Hà Nội"
"37 Đường Triều Khúc, Phường Thanh Liệt, Hà Nội","Thanh Trì, Hà Nội"
"số 35, ngách 111/22 Đường Cù Chính Lan, Phường Phương Liệt, Hà Nội","Thanh Xuân, Hà Nội"
"số 9 Đường Nguyễn Chí Thanh, Phường Láng, Hà Nội","Đống Đa, Hà Nội"
"309 ngõ 281 Đường Trần Khát Chân, Phường Bạch Mai, Hà Nội","Hai Bà Trưng, Hà Nội"
"Đường Lê Duẩn, Phường Hai Bà Trưng, Hà Nội","Hai Bà Trưng, Hà Nội"
"48 Phố Thợ Nhuộm, Phường Cửa Nam, Hà Nội","Hoàn Kiếm, Hà Nội"
"22 Đường Nghiêm Xuân Yêm, Phường Vĩnh Hưng, Hà Nội","Hoàng Mai, Hà Nội"
"Số 10 ngách 24/112 kim đồng Đường Kim Đồng, Phường Tương Mai, Hà Nội","Hoàng Mai, Hà Nội"
"35 ngõ 99 Đường Định Công Hạ, Phường Định Công, Hà Nội","Hoàng Mai, Hà Nội"
"Đường Quang Trung, Hà Nội","Hà Đông, Hà Nội"
"356 Đường Nguyễn Huy Tưởng, Phường Thanh Xuân, Hà Nội","Thanh Xuân, Hà Nội"
"24 ngõ 79 Đường Quan Hoa, Phường Nghĩa Đô, Hà Nội","Cầu Giấy, Hà Nội"
"75 Đường Đê La Thành, Phường Ô Chợ Dừa, Hà Nội","Đống Đa, Hà Nội"
"Ngõ 4/14 Đường Đỗ Đức Dục, Phường Từ Liêm, Hà Nội","Nam Từ Liêm, Hà Nội"
"Ngõ 94 Đường Ngọc Hà, Phường Ba Đình, Hà Nội","Ba Đình, Hà Nội"
"197/77 Đường Trần Phú, Phường Hà Đông, Hà Nội","Hà Đông, Hà Nội"
"Xóm 7A Đường Yên Ngưu, Phường Hoàng Liệt, Hà Nội","Thanh Trì, Hà Nội"
"51ngõ 7 Đường Nguyên Hồng, Phường Giảng Võ, Hà Nội","Ba Đình, Hà Nội"
"số, Hà Nội","Hà Đông, Hà Nội"
"130/44 Đường Cầu Giấy, Phường Cầu Giấy, Hà Nội","Cầu Giấy, Hà Nội"
"34 Phố Trần Đại Nghĩa, Phường Bạch Mai, Hà Nội","Hai Bà Trưng, Hà Nội"
"Đường Lạc Long Quân, Phường Hồng Hà, Hà Nội","Tây Hồ, Hà Nội"
"68/185 Phố Chùa Láng, Phường Láng, Hà Nội","Đống Đa, Hà Nội"
"Đường Mễ Trì Thượng, Phường Từ Liêm, Hà Nội","Nam Từ Liêm, Hà Nội"
"Số 6 ngõ 134/15/16 Phố Lê Trọng Tấn, Phường Phương Liệt, Hà Nội","Thanh Xuân, Hà Nội"
"ngõ 78 Đường Mễ Trì Thượng, Phường Từ Liêm, Hà Nội","Nam Từ Liêm, Hà Nội"
"41 Phố Phủ Doãn, Phường Hoàn Kiếm, Hà Nội","Hoàn Kiếm, Hà Nội"
"P6 - 406 Đường Vạn Hạnh, Phường Việt Hưng, Hà Nội","Long Biên, Hà Nội"
"Đường An Dương Vương, Phường Hồng Hà, Hà Nội","Tây Hồ, Hà Nội"
"Số 18, ngách 77, ngõ 175 Lạc Long Quân Đường Bưởi, Phường Nghĩa Đô, Hà Nội","Cầu Giấy, Hà Nội"
"63 ngách 56 Đường Trần Quốc Vượng, Phường Cầu Giấy, Hà Nội","Cầu Giấy, Hà Nội"
"Ngõ 84 Đường Đàm Quang Trung, Phường Bồ Đề, Hà Nội","Long Biên, Hà Nội"
"số 9 ngõ 87/59 Yên Xá , Tân Triều, Thanh trì , Hà Nội, Phường Thanh Liệt, Hà Nội","Thanh Trì, Hà Nội"
"Đối diện số 65 ngõ 2 Đường Đại Lộ Thăng Long, Phường Từ Liêm, Hà Nội","Nam Từ Liêm, Hà Nội"
"180 Đường Triều Khúc, Phường Thanh Xuân, Hà Nội","Thanh Xuân, Hà Nội"
"Ngõ 156 Đường Dương Văn Bé, Phường Vĩnh Tuy, Hà Nội","Hai Bà Trưng, Hà Nội"
"47/27 ngõ Hòa Bình 4 Đường Minh Khai, Phường Bạch Mai, Hà Nội","Hai Bà Trưng, Hà Nội"
"61 ngõ 241 Phố Chợ Khâm Thiên, Phường Văn Miếu - Quốc Tử Giám, Hà Nội","Đống Đa, Hà Nội"
"309 Đường Trương Định, Phường Thượng Cát, Hà Nội","Hoàng Mai, Hà Nội"
"SN 4B - Ngõ A4-Tập thể đại học Hà Nội, Phường Đại Mỗ, Hà Nội","Nam Từ Liêm, Hà Nội"
"21 Phố Thái Thịnh, Phường Đống Đa, Hà Nội","Đống Đa, Hà Nội"
"Số 2 ngõ 147/34 Đường Tân Mai, Phường Hoàng Mai, Hà Nội","Hoàng Mai, Hà Nội"
"371 Đường Đại Mỗ, Hà Nội","Nam Từ Liêm, Hà Nội"
"113 Đường Yên Hòa, Phường Cầu Giấy, Hà Nội","Cầu Giấy, Hà Nội"
"86 Đường Tô Vĩnh Diện, Phường Khương Đình, Hà Nội","Thanh Xuân, Hà Nội"
"31, ngõ 524 Đường Bạch Đằng, Phường Hồng Hà, Hà Nội","Hai Bà Trưng, Hà Nội"
"3/44/262b Đường Nguyễn Trãi, Hà Nội","Thanh Xuân, Hà Nội"
"267 Đường Hồ Tùng Mậu, Hà Nội","Cầu Giấy, Hà Nội"
"29 Phố Hồng Mai, Phường Bạch Mai, Hà Nội","Hai Bà Trưng, Hà Nội"
"Ngõ 124 Hòe Thị, Phường Xuân Phương, Hà Nội","Nam Từ Liêm, Hà Nội"
"83 Đường Yên Lãng, Phường Đống Đa, Hà Nội","Đống Đa, Hà Nội"
"09 Đường Hoàng Văn Thái, Phường Khương Đình, Hà Nội","Thanh Xuân, Hà Nội"
"81 Phố Trung Kính, Xã Trung Giã, Hà Nội","Cầu Giấy, Hà Nội"
"228 Phố Hồng Mai, Phường Bạch Mai, Hà Nội","Hai Bà Trưng, Hà Nội"
"Số 23 ngõ 124 Đường Vĩnh Tuy, Phường Vĩnh Tuy, Hà Nội","Hai Bà Trưng, Hà Nội"
"Số 26 ngõ 213/20 Đường Giáp Nhất, Phường Thanh Xuân, Hà Nội","Thanh Xuân, Hà Nội"
"2D4 Đường Yên Phúc, Hà Nội","Hà Đông, Hà Nội"
"313 Đường Nguyễn Khoái, Phường Vĩnh Tuy, Hà Nội","Hai Bà Trưng, Hà Nội"
"26 Đường Văn Điển, Xã Thanh Trì, Hà Nội","Thanh Trì, Hà Nội"
"261 Đường Bùi Xương Trạch, Phường Khương Đình, Hà Nội","Thanh Xuân, Hà Nội"
"14 ngõ 326 Phố Lê Trọng Tấn, Phường Phương Liệt, Hà Nội","Thanh Xuân, Hà Nội"
"Số nhà 26 Đường Ngọc Thụy, Phường Hồng Hà, Hà Nội","Long Biên, Hà Nội"
"Đường số 3, Xã Đông Anh, Hà Nội","Đông Anh, Hà Nội"
"Ngõ 4 Đường Đỗ Đức Dục, Phường Từ Liêm, Hà Nội","Nam Từ Liêm, Hà Nội"
"17 ngõ 3 Phố Thái Hà, Phường Đống Đa, Hà Nội","Đống Đa, Hà Nội"
"111 Phố Láng Hạ, Hà Nội","Đống Đa, Hà Nội"
"Đường Nguyễn Xiển, Phường Vĩnh Hưng, Hà Nội","Hoàng Mai, Hà Nội"
"40 Phố Chính Kinh, Phường Thanh Xuân, Hà Nội","Thanh Xuân, Hà Nội"
"ngõ 165 Phố Chùa Bộc, Phường Đống Đa, Hà Nội","Đống Đa, Hà Nội"
"ngõ 203 nhà số 3 Phố Kim Mã, Phường Giảng Võ, Hà Nội","Ba Đình, Hà Nội"
"210 Đường Hoàng Quốc Việt, Phường Nghĩa Đô, Hà Nội","Cầu Giấy, Hà Nội"
"20c/8/144 Phố Quan Nhân, Phường Thanh Xuân, Hà Nội","Thanh Xuân, Hà Nội"
"Nhà 3 ngách 71 ngõ 178 Đường Tây Sơn, Phường Đống Đa, Hà Nội","Đống Đa, Hà Nội"
"số nhà 79 ngõ 121 đường Đường Kim Ngưu, Phường Vĩnh Tuy, Hà Nội","Hai Bà Trưng, Hà Nội"
"30 ngách 5 ngõ 204 Đường Trần Duy Hưng, Xã Trung Giã, Hà Nội","Cầu Giấy, Hà Nội"
"2/204 Đường Trần Duy Hưng, Xã Trung Giã, Hà Nội","Cầu Giấy, Hà Nội"
"2b Đường Dương Quảng Hàm, Phường Nghĩa Đô, Hà Nội","Cầu Giấy, Hà Nội"
"11 nghách 21 ngõ 241 ngõ chợ Khâm Thiên Phố Xã Đàn, Phường Văn Miếu - Quốc Tử Giám, Hà Nội","Đống Đa, Hà Nội"
Hà Nội,"Thường Tín, Hà Nội"
"96c Đường Cửa Bắc, Phường Ba Đình, Hà Nội","Ba Đình, Hà Nội"
"đường Nghi Tàm, Phường Tây Hồ, Hà Nội","Tây Hồ, Hà Nội"
"Số 7, ngõ 167 ngách 11 Phố Thanh Nhàn, P. Quỳnh Lôi, Q. Hai Bà Trưng, TP. Hà Nội Đường Thanh Nhàn, Phường Bạch Mai, Hà Nội","Hai Bà Trưng, Hà Nội"
"số nhà 111b ngách131 Đường Trường Chinh, Phường Kim Liên, Hà Nội","Đống Đa, Hà Nội"
"26B ngõ 125 Đường Bùi Xương Trạch, Phường Khương Đình, Hà Nội","Thanh Xuân, Hà Nội"
"Phố Thái Thịnh, Hà Nội","Đống Đa, Hà Nội"
"50 ngõ 40 Đường Đại Mỗ, Hà Nội","Nam Từ Liêm, Hà Nội"
"Đường Võ Chí Công, Phường Nghĩa Đô, Hà Nội","Cầu Giấy, Hà Nội"
"Đường Giáp Tứ, Phường Hoàng Mai, Hà Nội","Hoàng Mai, Hà Nội"
"49 Đường Huỳnh Thúc Kháng, Phường Láng, Hà Nội","Đống Đa, Hà Nội"
"Số 6 ngách 36 ngõ 12 Đường Nguyễn Văn Trỗi, Phường Phương Liệt, Hà Nội","Thanh Xuân, Hà Nội"
"151 Đường Cửu Việt 2, Xã Gia Lâm, Hà Nội","Gia Lâm, Hà Nội"
"Đường Nguyễn Gia Thiều, Phường Cửa Nam, Hà Nội","Hoàn Kiếm, Hà Nội"
"Nhà 3, ngõ 342 Đường Hồ Tùng Mậu, Phường Phú Diễn, Hà Nội","Cầu Giấy, Hà Nội"
"Số 333 phố Vọng Phố Phố Vọng, Phường Bạch Mai, Hà Nội","Hai Bà Trưng, Hà Nội"
"Ngõ 689 Đường Hoàng Hoa Thám, Phường Ngọc Hà, Hà Nội","Ba Đình, Hà Nội"
"Số nhà 70 ngõ 125 đường bùi xương trạch Đường Bùi Xương Trạch, Phường Khương Đình, Hà Nội","Thanh Xuân, Hà Nội"
"Đường Văn Cao, Phường Tây Hồ, Hà Nội","Tây Hồ, Hà Nội"
"203 Phố Tôn Đức Thắng, Hà Nội","Đống Đa, Hà Nội"
"212 Đường Đê La Thành, Phường Ô Chợ Dừa, Hà Nội","Đống Đa, Hà Nội"
"Số 03 Phố Doãn Kế Thiện, Phường Phú Diễn, Hà Nội","Cầu Giấy, Hà Nội"
"19 Phố Hàng Thùng, Hà Nội","Hoàn Kiếm, Hà Nội"
"55 Ngõ 10 Đường Tôn Thất Tùng, Phường Kim Liên, Hà Nội","Đống Đa, Hà Nội"
"80 Phố Nhân Hòa, Phường Thanh Xuân, Hà Nội","Thanh Xuân, Hà Nội"
"34, ngõ 263 Đường Nguyễn Trãi, Phường Thanh Xuân, Hà Nội","Thanh Xuân, Hà Nội"
"35 ngõ 89 Đường Tứ Liên, Phường Tây Hồ, Hà Nội","Tây Hồ, Hà Nội"
"169/6 Đường Hoàng Mai, Phường Tương Mai, Hà Nội","Hoàng Mai, Hà Nội"
"Ngõ 106 Đường Hoàng Quốc Việt, Phường Nghĩa Đô, Hà Nội","Cầu Giấy, Hà Nội"
"89 Đường Tứ Liên, Phường Hồng Hà, Hà Nội","Tây Hồ, Hà Nội"
"5 ngõ 77 Đường Yên Hòa, Phường Cầu Giấy, Hà Nội","Cầu Giấy, Hà Nội"
"60 Đường Hữu Lê, Xã Đại Thanh, Hà Nội","Thanh Trì, Hà Nội"
"6/111/68 Đường Cầu Giấy, Phường Nghĩa Đô, Hà Nội","Cầu Giấy, Hà Nội"
"254 Đường Tam Trinh, Phường Vĩnh Tuy, Hà Nội","Hai Bà Trưng, Hà Nội"
"192/173/12/21 Phố Lê Trọng Tấn, Phường Định Công, Hà Nội","Hoàng Mai, Hà Nội"
"02 Phố Cửa Nam, Phường Cửa Nam, Hà Nội","Hoàn Kiếm, Hà Nội"
"89/35 Đường Tứ Liên, Phường Hồng Hà, Hà Nội","Tây Hồ, Hà Nội"
"49 Phố Trần Điền, Phường Định Công, Hà Nội","Hoàng Mai, Hà Nội"
"số 2 ngõ 279 Phố Giảng Võ, Phường Giảng Võ, Hà Nội","Ba Đình, Hà Nội"
"Ngõ 175 Đường Lạc Long Quân, Phường Phú Thượng, Hà Nội","Tây Hồ, Hà Nội"
"7 ngách 37 ngõ 203 Đường Kim Ngưu, Phường Bạch Mai, Hà Nội","Hai Bà Trưng, Hà Nội"
"82, Hà Nội","Nam Từ Liêm, Hà Nội"
"43 Đường Lê Văn Lương, Phường Thanh Xuân, Hà Nội","Thanh Xuân, Hà Nội"
"19 ngõ 16 Đường Nguyễn Khánh Toàn, Phường Nghĩa Đô, Hà Nội","Cầu Giấy, Hà Nội"
"số 22 ngõ 381/19 Đường Nguyễn Khang, Phường Cầu Giấy, Hà Nội","Cầu Giấy, Hà Nội"
"TDP Thượng 1, Đường Tây Tựu, Hà Nội","Bắc Từ Liêm, Hà Nội"
"179, Hà Nội","Hà Đông, Hà Nội"
"đường Đông Hội, Xã Đông Anh, Hà Nội","Đông Anh, Hà Nội"
"Số nhà 41 Ngõ 58 Nguyễn Khánh Toàn - Phường Quan Hoa - Quận Cầu Giấy - Thành phố Hà Nội Đường Nguyễn Khánh Toàn, Phường Nghĩa Đô, Hà Nội","Cầu Giấy, Hà Nội"
"75 dv2 chợ xa la Đường Xa La, Phường Hà Đông, Hà Nội","Hà Đông, Hà Nội"
"Ngõ 560 Đường Quang Trung, Phường Hà Đông, Hà Nội","Hà Đông, Hà Nội"
"8 Đường Đường Láng, Phường Láng, Hà Nội","Đống Đa, Hà Nội"
"Đường Kiều Mai, Hà Nội","Bắc Từ Liêm, Hà Nội"
"Ngõ 68 , triều khúc Đường Tân Triều, Hà Nội","Thanh Trì, Hà Nội"
"22 Đường Nguyễn Khang, Phường Cầu Giấy, Hà Nội","Cầu Giấy, Hà Nội"
"Đường Hồ Sen, Phường Tây Hồ, Hà Nội","Tây Hồ, Hà Nội"
"43b Ngõ 472 Đường Lạc Long Quân, Phường Hồng Hà, Hà Nội","Tây Hồ, Hà Nội"
"31 ngõ 55 Phố Lê Thanh Nghị, Phường Bạch Mai, Hà Nội","Hai Bà Trưng, Hà Nội"
"7 Đường Nguyên Xá, Phường Tây Tựu, Hà Nội","Bắc Từ Liêm, Hà Nội"
"Phường Phú Diễn, Hà Nội","Bắc Từ Liêm, Hà Nội"
"Phố Ngụy Như Kon Tum, Phường Thanh Xuân, Hà Nội","Thanh Xuân, Hà Nội"
"18 ngõ353 Bát Khối, Phường Long Biên, Hà Nội","Long Biên, Hà Nội"
"Đường Trần Hữu Dực, Phường Xuân Phương, Hà Nội","Nam Từ Liêm, Hà Nội"
"46 Vũ Trọng Khánh, Hà Nội","Hà Đông, Hà Nội"
"15 Đường Nguyễn Phong Sắc, Phường Cầu Giấy, Hà Nội","Cầu Giấy, Hà Nội"
"634 Đường Kim Giang, Phường Khương Đình, Hà Nội","Thanh Xuân, Hà Nội"
"SN 11 ngõ 420/52 Đường Kim Giang, Phường Định Công, Hà Nội","Hoàng Mai, Hà Nội"
"5b Đường Lĩnh Nam, Xã Bát Tràng, Hà Nội","Hoàng Mai, Hà Nội"
"56 Phố Kim Hoa, Phường Kim Liên, Hà Nội","Đống Đa, Hà Nội"
"Ngõ 52/11/76 số nhà 58 Đường Gia Quất, Phường Xuân Đỉnh, Hà Nội","Long Biên, Hà Nội"
"số nhà 19 ngách 85/42 Ngõ 85 Phố Hạ Đình, Phường Thanh Xuân, Hà Nội","Thanh Xuân, Hà Nội"
"Đường Triều Khúc, Phường Thanh Liệt, Hà Nội","Thanh Trì, Hà Nội"
"1.3 Đường Phùng Khoang, Hà Nội","Thanh Xuân, Hà Nội"
"Số 102 Trần Phú, Phường Hà Đông, Hà Nội","Hà Đông, Hà Nội"
"Số 25 ngõ 192 Đường Kim Giang, Phường Định Công, Hà Nội","Hoàng Mai, Hà Nội"
"Số 52 ngách 143/79 Nguyễn Chính (cạnh THCS Thịnh Liệt) Đường Nguyễn Chính, Phường Hoàng Mai, Hà Nội","Hoàng Mai, Hà Nội"
"Ngõ 3 Phố Nhân Hòa, Hà Nội","Thanh Xuân, Hà Nội"
"1194 Đường Láng, Phường Láng, Hà Nội","Đống Đa, Hà Nội"
"28/72 Phố Chính Kinh, Phường Thanh Xuân, Hà Nội","Thanh Xuân, Hà Nội"
"11 Đường Mậu Lương, Hà Nội","Hà Đông, Hà Nội"
"321 Đường Vĩnh Hưng, Phường Vĩnh Hưng, Hà Nội","Hoàng Mai, Hà Nội"
"số nhà 36 nhà No01 Lk 27-28 Phố Lê Trọng Tấn, Phường Dương Nội, Hà Nội","Hà Đông, Hà Nội"
"86 TỨ HIỆP Đường Tứ Hiệp, Xã Thanh Trì, Hà Nội","Thanh Trì, Hà Nội"
"Đường Trần Đăng Ninh, Phường Cầu Giấy, Hà Nội","Cầu Giấy, Hà Nội"
"21 Đường Trích Sài, Hà Nội","Tây Hồ, Hà Nội"
"1a 89/35 Đường Tứ Liên, Phường Hồng Hà, Hà Nội","Tây Hồ, Hà Nội"
"Số 9 Ngõ 5 Đường Liên Mạc, Phường Thượng Cát, Hà Nội","Bắc Từ Liêm, Hà Nội"
"Số 16, ngách 22 ngõ 111 Cù Chính Lan Đường Cù Chính Lan, Phường Phương Liệt, Hà Nội","Thanh Xuân, Hà Nội"
"ngõ 32 đường Nguyễn Hoàng Tôn, Phường Phú Thượng, Hà Nội","Tây Hồ, Hà Nội"
"Phố Vạn Phúc, Hà Nội","Hà Đông, Hà Nội"
"82 Phố Kim Mã, Phường Giảng Võ, Hà Nội","Ba Đình, Hà Nội"
"16 Phố Nguyễn Ngọc Vũ, Xã Trung Giã, Hà Nội","Cầu Giấy, Hà Nội"
"Số nhà 57 ngõ 37 Phố Mạc Thị Bưởi, Phường Vĩnh Tuy, Hà Nội","Hai Bà Trưng, Hà Nội"
"Đường Phú Diễn, Phường Từ Liêm, Hà Nội","Nam Từ Liêm, Hà Nội"
"số 82, ngõ 82 Kim Mã Đường Giang Văn Minh, Phường Giảng Võ, Hà Nội","Ba Đình, Hà Nội"
"82 ngõ 82 Kim Mã Đường Giang Văn Minh, Phường Giảng Võ, Hà Nội","Ba Đình, Hà Nội"
"Số 7 ngõ 230/21 Đường Mễ Trì Thượng, Phường Từ Liêm, Hà Nội","Nam Từ Liêm, Hà Nội"
"số 5ngõ 78 Đường Võ Chí Công, Phường Nghĩa Đô, Hà Nội","Cầu Giấy, Hà Nội"
"232 Đường Dương Đình Nghệ, Phường Cầu Giấy, Hà Nội","Cầu Giấy, Hà Nội"
"trong ngách 1277/68 Đường Giải Phóng, Phường Thịnh Liệt, Hoàng Mai, Hà Nội Đường Giải Phóng, Phường Hoàng Mai, Hà Nội","Hoàng Mai, Hà Nội"
"512 A2 Đường Phạm Ngọc Thạch, Phường Văn Miếu - Quốc Tử Giám, Hà Nội","Đống Đa, Hà Nội"
"ngõ 343 Đường Đội Cấn, Phường Ngọc Hà, Hà Nội","Ba Đình, Hà Nội"
"11 dãy 7 tổ 12, Phường Hà Đông, Hà Nội","Hà Đông, Hà Nội"
"số nhà 22 ngõ 381/19 Đường Nguyễn Khang, Phường Cầu Giấy, Hà Nội","Cầu Giấy, Hà Nội"
"Chung cư CT1 Đường Phạm Văn Đồng, Phường Đông Ngạc, Hà Nội","Bắc Từ Liêm, Hà Nội"
"Số 09 Phố Khâm Thiên Phố Khâm Thiên, Phường Khâm Thiên, Đống Đa, Hà Nội Phố Khâm Thiên, Phường Văn Miếu - Quốc Tử Giám, Hà Nội","Đống Đa, Hà Nội"
"12A Đường Cầu Giấy, Phường Nghĩa Đô, Hà Nội","Cầu Giấy, Hà Nội"
"259 Đường Giải Phóng, Phường Bạch Mai, Hà Nội","Hai Bà Trưng, Hà Nội"
"số 47 ngách 56 ngõ 118 đào tấn Đường Đào Tấn, Phường Ngọc Hà, Hà Nội","Ba Đình, Hà Nội"
"Đường Trần Duy Hưng, Phường Cầu Giấy, Hà Nội","Cầu Giấy, Hà Nội"
"2 Phố Chợ Khâm Thiên, Phường Văn Miếu - Quốc Tử Giám, Hà Nội","Đống Đa, Hà Nội"
"02 Đường Phú Minh, Phường Tây Tựu, Hà Nội","Bắc Từ Liêm, Hà Nội"
"23/82 Đường Yên Lãng, Phường Đống Đa, Hà Nội","Đống Đa, Hà Nội"
"Đường Xuân Tảo, Phường Tây Hồ, Hà Nội","Tây Hồ, Hà Nội"
"09 Phố Khâm Thiên, Phường Văn Miếu - Quốc Tử Giám, Hà Nội","Đống Đa, Hà Nội"
"Đường Yên Xá, Hà Nội","Thanh Trì, Hà Nội"
"12/71 Đường Hoàng Mai, Phường Tương Mai, Hà Nội","Hoàng Mai, Hà Nội"
"ngõ 24 Đường Đặng Tiến Đông, Phường Ô Chợ Dừa, Hà Nội","Đống Đa, Hà Nội"
"21 Ngõ 250 Kim Giang Đường Kim Giang, Phường Định Công, Hà Nội","Hoàng Mai, Hà Nội"
"47, Xã Sơn Đồng, Hà Nội","Hoài Đức, Hà Nội"
"Số nhà 7 ngõ 14 Đường Mễ Trì Hạ, Phường Từ Liêm, Hà Nội","Nam Từ Liêm, Hà Nội"
"Ngõ 159 Phố Hồng Mai, Phường Bạch Mai, Hà Nội","Hai Bà Trưng, Hà Nội"
"208 Phố Lê Thanh Nghị, Phường Bạch Mai, Hà Nội","Hai Bà Trưng, Hà Nội"
"Số nhà 12 ngõ 71 Đường Hoàng Mai, Phường Tương Mai, Hà Nội","Hoàng Mai, Hà Nội"
"303G4 Đường Nguyễn Trãi, Phường Thanh Xuân, Hà Nội","Thanh Xuân, Hà Nội"
"P615, T4, Viện Thú Y Đường Trường Chinh, Phường Kim Liên, Hà Nội","Đống Đa, Hà Nội"
"số 7 tổ 12 Đường Hoàng Liệt, Phường Hoàng Liệt, Hà Nội","Hoàng Mai, Hà Nội"
"25b/56/79 Đường Cầu Giấy, Phường Cầu Giấy, Hà Nội","Cầu Giấy, Hà Nội"
"Phố Đại La, Phường Bạch Mai, Hà Nội","Hai Bà Trưng, Hà Nội"
"số 5 ngõ 21 Đường Cầu Giấy, Phường Nghĩa Đô, Hà Nội","Cầu Giấy, Hà Nội"
"NGÕ 201 Đường Cầu Giấy, Phường Cầu Giấy, Hà Nội","Cầu Giấy, Hà Nội"
"nhà số 8 ngõ 1 Phố Chu Huy Mân, Phường Phúc Lợi, Hà Nội","Long Biên, Hà Nội"
"Ngõ 93 Đường Hoàng Văn Thái, Phường Khương Đình, Hà Nội","Thanh Xuân, Hà Nội"
"34 Đường Ngọc Hồi, Phường Hoàng Liệt, Hà Nội","Hoàng Mai, Hà Nội"
"Số 10 ngõ 123 Phố Trung Kính, Xã Trung Giã, Hà Nội","Cầu Giấy, Hà Nội"
"ngõ 91 Đường Hoàng Văn Thái, Phường Phương Liệt, Hà Nội","Thanh Xuân, Hà Nội"
"Số 4 ngách 19 ngõ 36 Phố Trần Điền, Phường Định Công, Hà Nội","Hoàng Mai, Hà Nội"
"192 Đường Cầu Lủ, Phường Định Công, Hà Nội","Hoàng Mai, Hà Nội"
"Phòng 108, C1 Tập thể Kim Liên, 27 Lương Định Của Phố Lương Định Của, Phường Kim Liên, Hà Nội","Đống Đa, Hà Nội"
"ngõ 43 ngách 112 Cổ Nhuế Đường Cầu Diễn, Phường Nghĩa Đô, Hà Nội","Bắc Từ Liêm, Hà Nội"
"Đường Ba La, Phường Hà Đông, Hà Nội","Hà Đông, Hà Nội"
"số 3 ngõ 39 Đường Yên Xá, Phường Thanh Liệt, Hà Nội","Thanh Trì, Hà Nội"
"Đường Ba La, Phường Phú Lương, Hà Nội","Hà Đông, Hà Nội"
"Số 17 ngõ 136 Phố Phương Liệt, Phường Phương Liệt, Hà Nội","Thanh Xuân, Hà Nội"
"̣̃ Đường Cầu Giấy, Phường Cầu Giấy, Hà Nội","Cầu Giấy, Hà Nội"
"20 ngõ 212 Đường Đê La Thành, Phường Ô Chợ Dừa, Hà Nội","Đống Đa, Hà Nội"
"Ngõ 129 Đường Trương Định, Xã Phù Đổng, Hà Nội","Hai Bà Trưng, Hà Nội"
"Số 14 ngách 29/17 ngõ 213 Đường Giáp Nhất, Phường Thanh Xuân, Hà Nội","Thanh Xuân, Hà Nội"
"4 Đường Thanh Bình, Phường Hà Đông, Hà Nội","Hà Đông, Hà Nội"
"278 Phố Chợ Khâm Thiên, Phường Kim Liên, Hà Nội","Đống Đa, Hà Nội"
"Khu tái định cư Xuân Canh, Xã Đông Anh, Hà Nội","Đông Anh, Hà Nội"
"218 Đường Phạm Văn Đồng, Phường Xuân Đỉnh, Hà Nội","Bắc Từ Liêm, Hà Nội"
"234 Đường Phạm Văn Đồng, Phường Nghĩa Đô, Hà Nội","Bắc Từ Liêm, Hà Nội"
"123/35 yên xá Đường Tân Triều, Phường Thanh Liệt, Hà Nội","Thanh Trì, Hà Nội"
"26 Đường Trần Cung, Phường Nghĩa Đô, Hà Nội","Bắc Từ Liêm, Hà Nội"
"Ngõ 1, hẻm 1/62/23 Đường Bùi Xương Trạch, Phường Khương Đình, Hà Nội","Thanh Xuân, Hà Nội"
"482 Đường Kim Giang, Hà Nội","Thanh Trì, Hà Nội"
"Số 34 ngõ 113 Đường Yên Hòa, Phường Cầu Giấy, Hà Nội","Cầu Giấy, Hà Nội"
"SN 28 ngách 224/62 Đường Hoàng Mai, Phường Tương Mai, Hà Nội","Hoàng Mai, Hà Nội"
"Phố Nghĩa Tân, Phường Nghĩa Đô, Hà Nội","Cầu Giấy, Hà Nội"
"ngõ 8 Phố Lê Trọng Tấn, Phường Hà Đông, Hà Nội","Hà Đông, Hà Nội"
"ngõ 9 Đường Khuyến Lương, Phường Lĩnh Nam, Hà Nội","Hoàng Mai, Hà Nội"
"Ngõ 322/76, Phường Từ Liêm, Hà Nội","Nam Từ Liêm, Hà Nội"
"Số 8 ngách 121/51 Đường Kim Ngưu, Hà Nội","Hai Bà Trưng, Hà Nội"
"103 Đường Cù Chính Lan, Phường Phương Liệt, Hà Nội","Thanh Xuân, Hà Nội"
"558 Đường Nguyễn Văn Cừ, Phường Đông Ngạc, Hà Nội","Long Biên, Hà Nội"
"nhà 8 ngõ 1 Phố Chu Huy Mân, Phường Phúc Lợi, Hà Nội","Long Biên, Hà Nội"
"3 Đường Hoàng Văn Thái, Phường Khương Đình, Hà Nội","Thanh Xuân, Hà Nội"
"806 Đường Kim Giang, Phường Khương Đình, Hà Nội","Thanh Xuân, Hà Nội"
"Phường Nghĩa Đô, Hà Nội","Bắc Từ Liêm, Hà Nội"
"số nhà 2a Đường Hoàng Văn Thái, Phường Khương Đình, Hà Nội","Thanh Xuân, Hà Nội"
"69 Đường Cầu Bươu, Xã Đại Thanh, Hà Nội","Thanh Trì, Hà Nội"
"Đường số 32, Phường Tây Tựu, Hà Nội","Bắc Từ Liêm, Hà Nội"
"149 Đường Vệ Hồ, Phường Tây Hồ, Hà Nội","Tây Hồ, Hà Nội"
"5/12 ngõ 89 Đường Phạm Văn Đồng, Phường Phú Diễn, Hà Nội","Cầu Giấy, Hà Nội"
"28B ngách 36/12 Phố Phương Liệt, Phường Phương Liệt, Hà Nội","Thanh Xuân, Hà Nội"
"Đường số 32, Phường Phú Diễn, Hà Nội","Bắc Từ Liêm, Hà Nội"
"Phòng 10 A2 Đường Trần Quốc Toản, Phường Cửa Nam, Hà Nội","Hoàn Kiếm, Hà Nội"
"41 Phố Hàng Bún, Phường Ba Đình, Hà Nội","Ba Đình, Hà Nội"
"22 Đường Võ Chí Công, Phường Tây Hồ, Hà Nội","Tây Hồ, Hà Nội"
"2 Đường Tứ Liên, Phường Hồng Hà, Hà Nội","Tây Hồ, Hà Nội"
"225 Đường K1B, Phường Phú Diễn, Hà Nội","Bắc Từ Liêm, Hà Nội"
"35 ngõ 89 Đường Tứ Liên, Phường Hồng Hà, Hà Nội","Tây Hồ, Hà Nội"
"3 Phố Thái Hà, Phường Đống Đa, Hà Nội","Đống Đa, Hà Nội"
"115 Đường Nhật Chiêu, Phường Tây Hồ, Hà Nội","Tây Hồ, Hà Nội"
"296 Đường Minh Khai, Phường Vĩnh Tuy, Hà Nội","Hoàng Mai, Hà Nội"
"Số 6 ngách 121/68 kim ngưu Đường Kim Ngưu, Phường Vĩnh Tuy, Hà Nội","Hai Bà Trưng, Hà Nội"
"15 Đường Trần Duy Hưng, Xã Trung Giã, Hà Nội","Cầu Giấy, Hà Nội"
"60 Phố Khâm Thiên, Phường Văn Miếu - Quốc Tử Giám, Hà Nội","Đống Đa, Hà Nội"
"Số nhà 16 - Ngõ 9, Đường Nguyễn Khang, Xã Trung Giã, Hà Nội","Cầu Giấy, Hà Nội"
"12, ngách 50/144 An Dương Vương Đường An Dương Vương, Phường Phú Thượng, Hà Nội","Tây Hồ, Hà Nội"
"58 Phố Xã Đàn, Phường Kim Liên, Hà Nội","Đống Đa, Hà Nội"
"15 Đường Yên Ninh, Phường Ba Đình, Hà Nội","Ba Đình, Hà Nội"
"Đường Lai Xá Đường Lai Xá, Xã Dương Hòa, Hà Nội","Hoài Đức, Hà Nội"
"Xã Hòa Lạc, Hà Nội","Thạch Thất, Hà Nội"
"35 ngõ 174 Phố Mai Anh Tuấn, Phường Ô Chợ Dừa, Hà Nội","Đống Đa, Hà Nội"
"Đường Lạc Long Quân, Hà Nội","Tây Hồ, Hà Nội"
"ngõ 266 Đường Thụy Phương, Phường Đông Ngạc, Hà Nội","Bắc Từ Liêm, Hà Nội"
"ngõ Gốc Đề Đường Minh Khai, Phường Tương Mai, Hà Nội","Hoàng Mai, Hà Nội"
"8 Đường Cầu Noi, Phường Đông Ngạc, Hà Nội","Bắc Từ Liêm, Hà Nội"
"Liền kề 23-10 Đường Ngô Thì Nhậm, Phường Hà Đông, Hà Nội","Hà Đông, Hà Nội"
"TDP 12 Nhân Mỹ (gần Chung cư 789 Bộ Tổng tham mưu), P. Mỹ Dình 1, Nam Từ Liêm, Hà Nội Đường Mỹ Đình, Phường Từ Liêm, Hà Nội","Nam Từ Liêm, Hà Nội"
"Đường Tân Triều, Phường Thanh Liệt, Hà Nội","Thanh Trì, Hà Nội"
"Đường Quốc lộ 32, Xã Hoài Đức, Hà Nội","Hoài Đức, Hà Nội"
"Đường Tăng Thiết Giáp, Phường Nghĩa Đô, Hà Nội","Bắc Từ Liêm, Hà Nội"
"72 Đường Nguyễn Trãi, Phường Khương Đình, Hà Nội","Thanh Xuân, Hà Nội"
"24 Ngõ 39 Đường Yên Xá, Phường Thanh Liệt, Hà Nội","Thanh Trì, Hà Nội"
"Số 3 Ngõ Hòa Bình 1 Đường Minh Khai, Phường Bạch Mai, Hà Nội","Hai Bà Trưng, Hà Nội"
"30 Đường Âu Cơ, Phường Hồng Hà, Hà Nội","Tây Hồ, Hà Nội"
"Tổ 6 Mộc Hoàn Đình, Vân Côn, Hoài Đức, Hà Nội Đường Láng Hòa Lạc, Xã An Khánh, Hà Nội","Hoài Đức, Hà Nội"
"ngõ 71 Phương Canh Đường Phương Canh, Phường Xuân Phương, Hà Nội","Nam Từ Liêm, Hà Nội"
"9 Phố Nguyễn Ngọc Vũ, Xã Trung Giã, Hà Nội","Cầu Giấy, Hà Nội"
"Đường Phú Đô, Phường Từ Liêm, Hà Nội","Nam Từ Liêm, Hà Nội"
"Đường Xuân Phương, Phường Xuân Phương, Hà Nội","Nam Từ Liêm, Hà Nội"
"Ngõ 61 Đường Phạm Tuấn Tài, Phường Nghĩa Đô, Hà Nội","Bắc Từ Liêm, Hà Nội"
"ngõ 141/172/20 phố giáp nhị Đường Giáp Nhị, Phường Hoàng Mai, Hà Nội","Hoàng Mai, Hà Nội"
"Liền kề 23 - 10 Đường Ngô Thì Nhậm, Phường Hà Đông, Hà Nội","Hà Đông, Hà Nội"
"Số 18 ngách 21(đường nước Phần Lan kéo dài) cuối ngõ 238 Âu Cơ Đường Âu Cơ, Phường Tây Hồ, Hà Nội","Tây Hồ, Hà Nội"
"Thôn Đồng Dầu Đường số 3, Xã Đông Anh, Hà Nội","Đông Anh, Hà Nội"
"55 ngõ Xã Đàn 3 Đường Nguyễn Lương Bằng, Phường Đống Đa, Hà Nội","Đống Đa, Hà Nội"
"số 10J ngõ 191 Đường Phạm Văn Đồng, Hà Nội","Bắc Từ Liêm, Hà Nội"
"24 Phố Lê Trọng Tấn, Phường Phương Liệt, Hà Nội","Thanh Xuân, Hà Nội"
"132E Phố Quan Nhân, Phường Thanh Xuân, Hà Nội","Thanh Xuân, Hà Nội"
"Số 4 , ngõ 890 Láng Thượng Phố Chùa Láng, Phường Láng, Hà Nội","Đống Đa, Hà Nội"
"93 ngõ 94 Đường Hoàng Mai, Phường Tương Mai, Hà Nội","Hoàng Mai, Hà Nội"
"sn 28 ngách 65 ngõ 217 Đường Trần Phú, Phường Hà Đông, Hà Nội","Hà Đông, Hà Nội"
"76 Phố Hưng Phúc, Phường Yên Sở, Hà Nội","Hoàng Mai, Hà Nội"
"651 Đường Minh Khai, Phường Bạch Mai, Hà Nội","Hai Bà Trưng, Hà Nội"
"180/521 Đường Trương Định, Phường Hoàng Mai, Hà Nội","Hoàng Mai, Hà Nội"
"số 8 ngõ 1 Phố Chu Huy Mân, Phường Phúc Lợi, Hà Nội","Long Biên, Hà Nội"
"7 Đường Hồ Tùng Mậu, Phường Phú Diễn, Hà Nội","Cầu Giấy, Hà Nội"
"Số 3 Ngõ 113 Đường Ngô Thì Sỹ, Phường Hà Đông, Hà Nội","Hà Đông, Hà Nội"
"6, Phường Việt Hưng, Hà Nội","Long Biên, Hà Nội"
"Số 49/241 Phố Chợ Khâm Thiên, Phường Kim Liên, Hà Nội","Đống Đa, Hà Nội"
"23 Đường Nguyễn Khả Trạc, Phường Phú Diễn, Hà Nội","Cầu Giấy, Hà Nội"
"08 Phố Lê Trọng Tấn, Phường Hà Đông, Hà Nội","Hà Đông, Hà Nội"
"ngõ 191 Đường Phạm Văn Đồng, Phường Xuân Đỉnh, Hà Nội","Bắc Từ Liêm, Hà Nội"
"6 Đường Văn Cao, Phường Ngọc Hà, Hà Nội","Ba Đình, Hà Nội"
"ngõ 25/43 Vũ Ngọc Phan Phố Vũ Ngọc Phan, Phường Láng, Hà Nội","Đống Đa, Hà Nội"
"ngõ 32 Phố Lương Định Của, Phường Kim Liên, Hà Nội","Đống Đa, Hà Nội"
"Số 14 ngõ 47/12 Đường Khương Trung, Phường Khương Đình, Hà Nội","Thanh Xuân, Hà Nội"
"Khu đất 6,9 ha, vân canh Đường Phương Canh, Phường Xuân Phương, Hà Nội","Nam Từ Liêm, Hà Nội"
"Số nhà 9 Ngõ 77/10 Bùi Xương Trạch, Khương Đình, Thanh Xuân, Hà Nội Đường Bùi Xương Trạch, Phường Khương Đình, Hà Nội","Thanh Xuân, Hà Nội"
"33, ngõ 197 Đường Trần Phú, Phường Hà Đông, Hà Nội","Hà Đông, Hà Nội"
"538 Đường Mậu Lương, Hà Nội","Hà Đông, Hà Nội"
"Đường Võ Thị Sáu, Phường Bạch Mai, Hà Nội","Hai Bà Trưng, Hà Nội"
"6/6/100 Đường Vĩnh Phúc, Phường Ngọc Hà, Hà Nội","Ba Đình, Hà Nội"
"ngõ 50 đường Võng Thị, Phường Tây Hồ, Hà Nội","Tây Hồ, Hà Nội"
"Số 3 Hẻm 15/19 Ngõ Gốc Đề Minh Khai Đường Minh Khai, Phường Tương Mai, Hà Nội","Hoàng Mai, Hà Nội"
"32, ngách 25, ngõ 71 Phố Phương Mai, Phường Kim Liên, Hà Nội","Đống Đa, Hà Nội"
"22 ngõ 381/19 Đường Nguyễn Khang, Phường Cầu Giấy, Hà Nội","Cầu Giấy, Hà Nội"
"Ngõ 12/9 Đường Phạm Văn Đồng, Phường Xuân Đỉnh, Hà Nội","Bắc Từ Liêm, Hà Nội"
"38 Phố Phương Mai, Phường Kim Liên, Hà Nội","Đống Đa, Hà Nội"
"ngõ 129/12 Nguyễn Trãi Đường Nguyễn Trãi, Phường Thanh Xuân, Hà Nội","Thanh Xuân, Hà Nội"
"59 Đường Mễ Trì Thượng, Phường Từ Liêm, Hà Nội","Nam Từ Liêm, Hà Nội"
"Đường Quan Hoa, Phường Nghĩa Đô, Hà Nội","Cầu Giấy, Hà Nội"
"02 Đường số 21B, Hà Nội","Hà Đông, Hà Nội"
"Phường Chương Mỹ, Hà Nội","Hà Đông, Hà Nội"
"42 Phố Chùa Hà, Phường Nghĩa Đô, Hà Nội","Cầu Giấy, Hà Nội"
"55 Ngõ 100 Đường Tây Sơn, Phường Kim Liên, Hà Nội","Đống Đa, Hà Nội"
"Đường Hoàng Như Tiếp, Phường Bồ Đề, Hà Nội","Long Biên, Hà Nội"
"Số 16 ngõ 1 Phố Đình Thôn, Phường Từ Liêm, Hà Nội","Nam Từ Liêm, Hà Nội"
"TT15 đô thị Văn Quán Đường Chiến Thắng, Phường Hà Đông, Hà Nội","Hà Đông, Hà Nội"
"Ngõ 242 Phố Láng Hạ, Phường Láng, Hà Nội","Đống Đa, Hà Nội"
"488 Tran Cung, Bac Tu Liem, Hanoi, VietNam Đường Trần Cung, Phường Nghĩa Đô, Hà Nội","Bắc Từ Liêm, Hà Nội"
"288 Đường Nguyễn Xiển, Phường Thanh Liệt, Hà Nội","Thanh Trì, Hà Nội"
"16 Đường Kim Ngưu, Phường Bạch Mai, Hà Nội","Hai Bà Trưng, Hà Nội"
"14C ngõ 319 Phố Trần Cung Cổ nhuế 1 Bắc Từ liêm Đường Trần Cung, Phường Nghĩa Đô, Hà Nội","Bắc Từ Liêm, Hà Nội"
"Xã Hoài Đức, Hà Nội","Hoài Đức, Hà Nội"
"Số 5 ngõ 123 Văn Cao Đường Văn Cao, Phường Ngọc Hà, Hà Nội","Ba Đình, Hà Nội"
"55 ngõ 192 Phố Lê Trọng Tấn, Phường Định Công, Hà Nội","Hoàng Mai, Hà Nội"
"Đường Lê Văn Hiến, Phường Đông Ngạc, Hà Nội","Bắc Từ Liêm, Hà Nội"
"173 Đường Phương Canh, Phường Xuân Phương, Hà Nội","Nam Từ Liêm, Hà Nội"
"Phố Chùa Bộc, Phường Đống Đa, Hà Nội","Đống Đa, Hà Nội"
"số 2b, ngách 38/23/36 Xuân La Đường Xuân La, Phường Tây Hồ, Hà Nội","Tây Hồ, Hà Nội"
"30 Đê Quai Tứ Liên Tây Hồ Đường Tứ Liên, Phường Hồng Hà, Hà Nội","Tây Hồ, Hà Nội"
"Ngách 19 ngõ 1194 đường láng Đường Láng, Phường Nghĩa Đô, Hà Nội","Cầu Giấy, Hà Nội"
"số 8 ngõ 2 Vân Lôi, Xã Hạ Bằng, Hà Nội","Thạch Thất, Hà Nội"
"73 Đường Trần Nhân Tông, Phường Hai Bà Trưng, Hà Nội","Hai Bà Trưng, Hà Nội"
"Ngõ 250 Đường Kim Giang, Phường Định Công, Hà Nội","Hoàng Mai, Hà Nội"
"Ngõ 46 Phố Tương Mai, Phường Bạch Mai, Hà Nội","Hai Bà Trưng, Hà Nội"
"20 Ngõ 113 Phố Thái Thịnh, Phường Đống Đa, Hà Nội","Đống Đa, Hà Nội"
"Đường Huỳnh Thúc Kháng, Phường Láng, Hà Nội","Đống Đa, Hà Nội"
"6 H27/75/267 Đường Hoàng Hoa Thám, Phường Ngọc Hà, Hà Nội","Ba Đình, Hà Nội"
"16 Phố Hoàng Cầu, Phường Ô Chợ Dừa, Hà Nội","Đống Đa, Hà Nội"
"11 Đường Hà Trì, Phường Hà Đông, Hà Nội","Hà Đông, Hà Nội"
"Ngõ 189 nguyễn ngọc vũ Phố Nguyễn Ngọc Vũ, Xã Trung Giã, Hà Nội","Cầu Giấy, Hà Nội"
"Số nhà 7 Đường Trương Định, Phường Thượng Cát, Hà Nội","Hoàng Mai, Hà Nội"
"116 Đường Tân Ấp, Phường Hồng Hà, Hà Nội","Ba Đình, Hà Nội"
"59/140 Đường Nghĩa Dũng, Phường Hồng Hà, Hà Nội","Ba Đình, Hà Nội"
"K1 Phố Nghĩa Tân, Phường Nghĩa Đô, Hà Nội","Cầu Giấy, Hà Nội"
"445 Đường Nguyễn Khang, Phường Cầu Giấy, Hà Nội","Cầu Giấy, Hà Nội"
"123 Đường Yên Xá, Phường Hà Đông, Hà Nội","Hà Đông, Hà Nội"
"180 Đường Nguyễn Lương Bằng, Phường Kim Liên, Hà Nội","Đống Đa, Hà Nội"
"240 Phố Lê Trọng Tấn, Phường Phương Liệt, Hà Nội","Thanh Xuân, Hà Nội"
"16/65 Đường Vân Hồ III, Phường Hai Bà Trưng, Hà Nội","Hai Bà Trưng, Hà Nội"
"49 hẻm 74/13 Phố Tôn Đức Thắng, Hà Nội","Đống Đa, Hà Nội"
"21 Đường Yên Xá, Phường Thanh Liệt, Hà Nội","Thanh Trì, Hà Nội"
"L2 ngõ 210 Đường Hoàng Quốc Việt, Phường Nghĩa Đô, Hà Nội","Cầu Giấy, Hà Nội"
"SN 48 ngõ 99 Đường Nguyễn Phong Sắc, Phường Cầu Giấy, Hà Nội","Cầu Giấy, Hà Nội"
"Số 4b ngõ 239 Đường Định Công, Phường Định Công, Hà Nội","Hoàng Mai, Hà Nội"
"ngõ 132 Đường Lai Xá, Xã Hoài Đức, Hà Nội","Hoài Đức, Hà Nội"
"Đường Tam Trinh, Phường Vĩnh Hưng, Hà Nội","Hoàng Mai, Hà Nội"
"12 Ngõ 105/2/5 Đường Cổ Nhuế, Phường Đông Ngạc, Hà Nội","Bắc Từ Liêm, Hà Nội"
"Số 12 ngõ 103/2/5 Đường Cổ Nhuế, Phường Đông Ngạc, Hà Nội","Bắc Từ Liêm, Hà Nội"
"482 Đường Kim Giang, Phường Khương Đình, Hà Nội","Thanh Xuân, Hà Nội"
"U8.38 Khu đô thị Đô Nghĩa, Đường Đường Yên Lộ, Phường Yên Nghĩa, Hà Nội","Hà Đông, Hà Nội"
"76 Đường Vành Đai 3, Phường Yên Sở, Hà Nội","Hoàng Mai, Hà Nội"
"12 ngõ 482 Đường Kim Giang, Hà Nội","Thanh Trì, Hà Nội"
"số 6 ngõ 341 Đường Trung Văn, Phường Đại Mỗ, Hà Nội","Nam Từ Liêm, Hà Nội"
"922 Phố số 72, Xã An Khánh, Hà Nội","Hoài Đức, Hà Nội"
"Số 46, đường Nguyễn Đạo An Đường Phú Diễn, Phường Phú Diễn, Hà Nội","Bắc Từ Liêm, Hà Nội"
"Số nhà 11 ngõ 245 định công Đường Định Công, Phường Định Công, Hà Nội","Hoàng Mai, Hà Nội"
"Đường Láng, Phường Kim Liên, Hà Nội","Đống Đa, Hà Nội"
"Đường Trần Quốc Vượng, Phường Cầu Giấy, Hà Nội","Cầu Giấy, Hà Nội"
"90 Đường Cầu Giấy, Phường Nghĩa Đô, Hà Nội","Cầu Giấy, Hà Nội"
"319, Xã Phúc Thịnh, Hà Nội","Đông Anh, Hà Nội"
"Đường Phùng Khoan, Phường Đại Mỗ, Hà Nội","Nam Từ Liêm, Hà Nội"
"Số nhà 14, ngõ 165/40 Đường Dương Quảng Hàm, Phường Nghĩa Đô, Hà Nội","Cầu Giấy, Hà Nội"
"79 Phố Bà Triệu, Phường Hà Đông, Hà Nội","Hà Đông, Hà Nội"
"Đường Nguyễn Thanh Bình, Phường Hà Đông, Hà Nội","Hà Đông, Hà Nội"
"22 ngõ 381/19 Đường Hoa Bằng, Phường Nghĩa Đô, Hà Nội","Cầu Giấy, Hà Nội"
"67 Đường Cầu Diễn, Phường Phú Diễn, Hà Nội","Bắc Từ Liêm, Hà Nội"
"66 Đường Nhuệ Giang, Hà Nội","Hà Đông, Hà Nội"
"49/145 Phố Quan Nhân, Phường Thanh Xuân, Hà Nội","Thanh Xuân, Hà Nội"
"Ngõ Thiên Hùng Phố Khâm Thiên, Phường Văn Miếu - Quốc Tử Giám, Hà Nội","Đống Đa, Hà Nội"
"369 đường Thụy Khuê, Phường Tây Hồ, Hà Nội","Tây Hồ, Hà Nội"
"89 Đường Mễ Trì Thượng, Phường Từ Liêm, Hà Nội","Nam Từ Liêm, Hà Nội"
"132 Đường Cầu Giấy, Phường Nghĩa Đô, Hà Nội","Cầu Giấy, Hà Nội"
"40C Đường Hoàng Ngân, Phường Thanh Xuân, Hà Nội","Thanh Xuân, Hà Nội"
"12 ngõ 36 Phố Lê Trọng Tấn, Phường Hà Đông, Hà Nội","Hà Đông, Hà Nội"
"30 Phố số 8/3, Phường Bạch Mai, Hà Nội","Hai Bà Trưng, Hà Nội"
"Ngõ 35 Đường Nguyễn An Ninh, Phường Thượng Cát, Hà Nội","Hoàng Mai, Hà Nội"
"SN 223, tổ 12 Đường Mậu Lương, Phường Kiến Hưng, Hà Nội","Hà Đông, Hà Nội"
"Ngõ 101 Phú Đô Đường Phú Đô, Phường Từ Liêm, Hà Nội","Nam Từ Liêm, Hà Nội"
"số nhà 69 khu B tập thể học viện cảnh sát Đường Văn Tiến Dũng, Hà Nội","Nam Từ Liêm, Hà Nội"
"Khu D, đất dịch vụ Đường Yên Lộ, Phường Yên Nghĩa, Hà Nội","Hà Đông, Hà Nội"
"số 1 hẻm 90/19/22 ngõ 132 Đường Hoa Bằng, Phường Cầu Giấy, Hà Nội","Cầu Giấy, Hà Nội"
"Ngõ 54 Đường Nguyễn Chí Thanh, Phường Láng, Hà Nội","Đống Đa, Hà Nội"
"Đường Kim Hồ, Xã Thuận An, Hà Nội","Gia Lâm, Hà Nội"
"Số 9 Ngách 106 ngõ 28 Đường Đại Linh, Phường Đại Mỗ, Hà Nội","Nam Từ Liêm, Hà Nội"
"37M Đường Tân Lạc, Phường Bạch Mai, Hà Nội","Hai Bà Trưng, Hà Nội"
"Số nhà 10 ngách 8 ngõ 212 Phú Mỹ Đường Mỹ Đình, Xã Lạc Phượng, Hà Nội","Nam Từ Liêm, Hà Nội"
"Phố Cầu Am, Phường Hà Đông, Hà Nội","Hà Đông, Hà Nội"
"Ngõ 134 Cầu Diễn Đường Cầu Diễn, Phường Tây Tựu, Hà Nội","Bắc Từ Liêm, Hà Nội"
"NGÕ 63 Đường Lê Đức Thọ, Xã Lạc Phượng, Hà Nội","Nam Từ Liêm, Hà Nội"
"69 khu B tập thể học viện cảnh sát Đường Phạm Văn Nghị, Phường Đông Ngạc, Hà Nội","Bắc Từ Liêm, Hà Nội"
"44 khu B tập thể học viện cảnh sát Đường Cầu Noi, Phường Đông Ngạc, Hà Nội","Bắc Từ Liêm, Hà Nội"
"15 Đường Hoàng Hoa Thám, Phường Ba Đình, Hà Nội","Ba Đình, Hà Nội"
"252 Đường Tây Sơn, Phường Đống Đa, Hà Nội","Đống Đa, Hà Nội"
"418 Đường Phạm Văn Đồng, Phường Đông Ngạc, Hà Nội","Bắc Từ Liêm, Hà Nội"
"Số 14, ngõ 165/40 Đường Dương Quảng Hàm, Phường Nghĩa Đô, Hà Nội","Cầu Giấy, Hà Nội"
"50 Đường Tô Hiến Thành, Phường Hà Đông, Hà Nội","Hà Đông, Hà Nội"
"Ngo 5 Phố Lê Trọng Tấn, Phường Hà Đông, Hà Nội","Hà Đông, Hà Nội"
"210 Đường Nguyễn Trãi, Phường Khương Đình, Hà Nội","Thanh Xuân, Hà Nội"
"Số 26 liền kề 33, Khu đô thị mới Vân Canh Đường Nhổn, Phường Tây Tựu, Hà Nội","Bắc Từ Liêm, Hà Nội"
"6 Đường Cầu Giấy, Phường Nghĩa Đô, Hà Nội","Cầu Giấy, Hà Nội"
"Khu đô thị Vân Canh, Xã Sơn Đồng, Hà Nội","Hoài Đức, Hà Nội"
"Ngõ 69 Tứ Liên Đường Tứ Liên, Phường Hồng Hà, Hà Nội","Tây Hồ, Hà Nội"
"6 nghách 9 Đường Bùi Xương Trạch, Phường Khương Đình, Hà Nội","Thanh Xuân, Hà Nội"
"157d ngõ 53 tổ 8 Đường Đa Sĩ, Phường Kiến Hưng, Hà Nội","Hà Đông, Hà Nội"
"67/87 yên xá Đường Yên Xá, Phường Thanh Liệt, Hà Nội","Thanh Trì, Hà Nội"
"Ngách 22 ngõ 61 lạc trung Phố Lạc Trung, Phường Vĩnh Tuy, Hà Nội","Hai Bà Trưng, Hà Nội"
"Số 10A Hưu Trí Phố Bà Triệu, Phường Hà Đông, Hà Nội","Hà Đông, Hà Nội"
"16/438 Đường Tây Sơn, Phường Kim Liên, Hà Nội","Đống Đa, Hà Nội"
"87 Đường Yên Xá, Phường Thanh Liệt, Hà Nội","Thanh Trì, Hà Nội"
"số 16 ngõ 325/105 Đường Kim Ngưu, Phường Vĩnh Tuy, Hà Nội","Hai Bà Trưng, Hà Nội"
"Nơ 4B Đường Nguyễn Duy Trinh, Phường Hoàng Liệt, Hà Nội","Hoàng Mai, Hà Nội"
"Đường Miếu Đầm, Phường Từ Liêm, Hà Nội","Nam Từ Liêm, Hà Nội"
"Đường Cầu Diễn, Phường Tây Tựu, Hà Nội","Bắc Từ Liêm, Hà Nội"
"43 Đường Vườn Cam, Phường Từ Liêm, Hà Nội","Nam Từ Liêm, Hà Nội"
"số 69 liền kề 22, kdt Vân canh, Xã Sơn Đồng, Hà Nội","Hoài Đức, Hà Nội"
"Số 8 Ngõ 58 Đường Ao Sen, Phường Hà Đông, Hà Nội","Hà Đông, Hà Nội"
"Chung cư HH Linh Đàm, Khu đô thị Linh Đàm Đường Linh Đường, Phường Hoàng Liệt, Hà Nội","Hoàng Mai, Hà Nội"
"số nhà 69 khu B tập thể học viện cảnh sát Đường Cầu Noi, Phường Đông Ngạc, Hà Nội","Bắc Từ Liêm, Hà Nội"
"B12 Khu đấu giá Yên Xá, Đường Tân Triều, Phường Thanh Liệt, Hà Nội","Thanh Trì, Hà Nội"
"23 Phố Hàng Phèn, Phường Hoàn Kiếm, Hà Nội","Hoàn Kiếm, Hà Nội"
"117 Đường Vọng Hà, Phường Hồng Hà, Hà Nội","Hoàn Kiếm, Hà Nội"
"11b ngách 99 ngõ 24 Đường Kim Đồng, Phường Tương Mai, Hà Nội","Hoàng Mai, Hà Nội"
"368 Đường Quang Trung, Phường Hà Đông, Hà Nội","Hà Đông, Hà Nội"
"Số 2 tập thể công an Đường Cầu Bươu, Hà Nội","Thanh Trì, Hà Nội"
"Số 11A Đường Thanh Bình, Phường Hà Đông, Hà Nội","Hà Đông, Hà Nội"
"Ngõ 529 Đường Ngô Gia Tự, Phường Việt Hưng, Hà Nội","Long Biên, Hà Nội"
"58 Đường Thanh Bình, Phường Hà Đông, Hà Nội","Hà Đông, Hà Nội"
"57 Đường Tô Hiến Thành, Phường Hà Đông, Hà Nội","Hà Đông, Hà Nội"
"28c ngõ 168 Đường Thúy Lĩnh, Xã Bát Tràng, Hà Nội","Hoàng Mai, Hà Nội"
"8b hẻm 420/24/20 khương đình Đường Khương Đình, Phường Khương Đình, Hà Nội","Thanh Xuân, Hà Nội"
"8 trong ngõ Đường Yên Xá, Phường Thanh Liệt, Hà Nội","Thanh Trì, Hà Nội"
"23 Đường Trần Duy Hưng, Xã Trung Giã, Hà Nội","Cầu Giấy, Hà Nội"
"Số 3 ngách 10 ngõ 30 Đường Phan Đình Giót, Phường Phương Liệt, Hà Nội","Thanh Xuân, Hà Nội"
"ngo Đường Lĩnh Nam, Phường Vĩnh Tuy, Hà Nội","Hoàng Mai, Hà Nội"
"Số nhà 26 ngõ 121 Đông Ngạc Đường Kẻ Vẽ, Phường Đông Ngạc, Hà Nội","Bắc Từ Liêm, Hà Nội"
"ngõ 101 Đường Tân Triều, Phường Thanh Liệt, Hà Nội","Thanh Trì, Hà Nội"
"52 ngõ 204 Đường Kim Giang, Phường Định Công, Hà Nội","Hoàng Mai, Hà Nội"
"254 Đường Minh Khai, Phường Bạch Mai, Hà Nội","Hai Bà Trưng, Hà Nội"
"74 bà triệu Phố Bà Triệu, Phường Hà Đông, Hà Nội","Hà Đông, Hà Nội"
"32 DV2 Tổ 10 Đường Mỗ Lao, Phường Hà Đông, Hà Nội","Hà Đông, Hà Nội"
"12 ngõ 230 Phố Lạc Trung, Phường Vĩnh Tuy, Hà Nội","Hai Bà Trưng, Hà Nội"
"34 ngách 18/575 Phố Kim Mã, Phường Giảng Võ, Hà Nội","Ba Đình, Hà Nội"
"14 ngõ 63 xuân thủy Đường Xuân Thủy, Phường Phú Diễn, Hà Nội","Cầu Giấy, Hà Nội"
"Ngõ 71 Đường Phương Canh, Phường Xuân Phương, Hà Nội","Nam Từ Liêm, Hà Nội"
"250 Đường Phan Trọng Tuệ, Hà Nội","Thanh Trì, Hà Nội"
"Ngõ 89 Đường Lê Đức Thọ, Xã Lạc Phượng, Hà Nội","Nam Từ Liêm, Hà Nội"
"12A/119 Đường Âu Cơ, Phường Hồng Hà, Hà Nội","Tây Hồ, Hà Nội"
"32 ngách 28/106 Đường Đại Linh, Phường Đại Mỗ, Hà Nội","Nam Từ Liêm, Hà Nội"
"55A ngõ 185 Phố Chùa Láng, Phường Láng, Hà Nội","Đống Đa, Hà Nội"
"1194 Đường Láng, Phường Cầu Giấy, Hà Nội","Cầu Giấy, Hà Nội"
"8, ngõ 87 Đường Yên Xá, Phường Thanh Liệt, Hà Nội","Thanh Trì, Hà Nội"
"34 ngõ 637 Đường Trương Định, Phường Hoàng Mai, Hà Nội","Hoàng Mai, Hà Nội"
"ngõ 219 Đường Định Công Thượng, Phường Định Công, Hà Nội","Hoàng Mai, Hà Nội"
"Đường Cù Chính Lan, Phường Phương Liệt, Hà Nội","Thanh Xuân, Hà Nội"
"Ngõ 61 Phố Trạm, Phường Long Biên, Hà Nội","Long Biên, Hà Nội"
"96 Đường Nguyễn Huy Tưởng, Phường Thanh Xuân, Hà Nội","Thanh Xuân, Hà Nội"
"191 Đường Phạm Văn Đồng, Phường Đông Ngạc, Hà Nội","Bắc Từ Liêm, Hà Nội"
"số nhà 69 khu B tập thể học viện cảnh sát Đường Phạm Văn Nghị, Phường Đông Ngạc, Hà Nội","Bắc Từ Liêm, Hà Nội"
"Đường Hồng Hà, Phường Hồng Hà, Hà Nội","Hoàn Kiếm, Hà Nội"
"Ngõ 68 đường kim hoàng Đường Tỉnh Lộ 422B, Xã Sơn Đồng, Hà Nội","Hoài Đức, Hà Nội"
"68TT2 KĐT Văn Phú, Hà Nội","Hà Đông, Hà Nội"
"521 Đường Cổ Nhuế, Phường Đông Ngạc, Hà Nội","Bắc Từ Liêm, Hà Nội"
"46 ngõ 89 Đường Lạc Long Quân, Phường Nghĩa Đô, Hà Nội","Cầu Giấy, Hà Nội"
"126/44 Đường Trần Thái Tông, Phường Cầu Giấy, Hà Nội","Cầu Giấy, Hà Nội"
"Số 29 Ngách 55 Đường Nguyễn Khang, Phường Cầu Giấy, Hà Nội","Cầu Giấy, Hà Nội"
"165 Đường Cầu Giấy, Phường Cầu Giấy, Hà Nội","Cầu Giấy, Hà Nội"
"39B ngõ 52 Đường Mỹ Đình, Phường Từ Liêm, Hà Nội","Nam Từ Liêm, Hà Nội"
"132a Phố Phố Tân Khai, Phường Vĩnh Hưng, Hà Nội","Hoàng Mai, Hà Nội"
"Đường Nguyễn Cơ Thạch, Xã Lạc Phượng, Hà Nội","Nam Từ Liêm, Hà Nội"
"Ngõ 75 Đường Hồ Tùng Mậu, Phường Phú Diễn, Hà Nội","Cầu Giấy, Hà Nội"
"9A/19/37/155 Đường Cầu Giấy, Phường Nghĩa Đô, Hà Nội","Cầu Giấy, Hà Nội"
"48 Phố Lê Trọng Tấn, Phường Hà Đông, Hà Nội","Hà Đông, Hà Nội"
"Số 33D ngõ 424 đường Thụy Khuê, Phường Tây Hồ, Hà Nội","Tây Hồ, Hà Nội"
"ngõ 23 Đường Đức Diễn, Phường Phú Diễn, Hà Nội","Bắc Từ Liêm, Hà Nội"
"211 Đường Khương Trung, Phường Khương Đình, Hà Nội","Thanh Xuân, Hà Nội"
"390 Đường Nguyễn Trãi, Phường Thanh Xuân, Hà Nội","Thanh Xuân, Hà Nội"
"58 Phố Cự Lộc, Phường Thanh Xuân, Hà Nội","Thanh Xuân, Hà Nội"
"358 Đường Bùi Xương Trạch, Phường Khương Đình, Hà Nội","Thanh Xuân, Hà Nội"
"159 Đường Phùng Khoang, Phường Thanh Xuân, Hà Nội","Thanh Xuân, Hà Nội"
"376 Đường Khương Đình, Phường Thanh Xuân, Hà Nội","Thanh Xuân, Hà Nội"
"1/69 Đường Bùi Xương Trạch, Phường Khương Đình, Hà Nội","Thanh Xuân, Hà Nội"
"197 Đường Hoàng Mai, Phường Tương Mai, Hà Nội","Hoàng Mai, Hà Nội"
"141 Đường An Dương Vương, Phường Phú Thượng, Hà Nội","Tây Hồ, Hà Nội"
"Đường Đức Diễn, Phường Phú Diễn, Hà Nội","Bắc Từ Liêm, Hà Nội"
"322/95 Đường Mỹ Đình, Phường Từ Liêm, Hà Nội","Nam Từ Liêm, Hà Nội"
"132 Đường Cầu Diễn, Phường Tây Tựu, Hà Nội","Bắc Từ Liêm, Hà Nội"
"Ngõ 51 Đường Nguyễn Hoàng, Xã Lạc Phượng, Hà Nội","Nam Từ Liêm, Hà Nội"
"Ngõ 196 Đường Hồ Tùng Mậu, Phường Phú Diễn, Hà Nội","Cầu Giấy, Hà Nội"
"Ngõ 183 Đường Đặng Tiến Đông, Phường Đống Đa, Hà Nội","Đống Đa, Hà Nội"
"41 Đường Trường Chinh, Phường Phương Liệt, Hà Nội","Thanh Xuân, Hà Nội"
"Đường số 21, Xã Xuân Mai, Hà Nội","Chương Mỹ, Hà Nội"
"Phường Chương Mỹ, Hà Nội","Chương Mỹ, Hà Nội"
"ngõ 175 Đường Định Công, Phường Định Công, Hà Nội","Hoàng Mai, Hà Nội"
"P805B, M3-M4, 91 Nguyễn Chí Thanh Đường Nguyễn Chí Thanh, Phường Láng, Hà Nội","Đống Đa, Hà Nội"
"Xã Xuân Mai, Hà Nội","Chương Mỹ, Hà Nội"
"Đường Tỉnh lộ 419, Xã Quảng Bị, Hà Nội","Chương Mỹ, Hà Nội"
"289 Đường Quốc lộ 32, Xã Hoài Đức, Hà Nội","Hoài Đức, Hà Nội"
"Đường Thịnh Phát, Xã An Khánh, Hà Nội","Hoài Đức, Hà Nội"
"KĐT Hinode Royal Park Đường Quốc lộ 32, Xã Hoài Đức, Hà Nội","Hoài Đức, Hà Nội"
"Dự án Lideco Đường Quốc lộ 32, Xã Thuận An, Hà Nội","Hoài Đức, Hà Nội"
"Dự án Long Việt Riverside Đường Võ Văn Kiệt, Hà Nội","Mê Linh, Hà Nội"
"Đường Hà Phong, Xã Mê Linh, Hà Nội","Mê Linh, Hà Nội"
Hà Nội,"Mê Linh, Hà Nội"
"Xã Kim Anh, Hà Nội","Sóc Sơn, Hà Nội"
"Xã Nội Bài, Hà Nội","Sóc Sơn, Hà Nội"
"5 Đường Bắc Thượng, Xã Nội Bài, Hà Nội","Sóc Sơn, Hà Nội"
"Xã Sóc Sơn, Hà Nội","Sóc Sơn, Hà Nội"
Hà Nội,"Thạch Thất, Hà Nội"
"Đường Quốc lộ 21A, Xã Hòa Lạc, Hà Nội","Thạch Thất, Hà Nội"
"Xã Hạ Bằng, Hà Nội","Thạch Thất, Hà Nội"
"SN25, Ngõ 49 ngách 64 Đường Huỳnh Thúc Kháng, Phường Láng, Hà Nội","Đống Đa, Hà Nội"
"Xã Kiều Phú, Hà Nội","Quốc Oai, Hà Nội"
"37/594 Đường Láng, Phường Láng, Hà Nội","Đống Đa, Hà Nội"
"Đường Đại lộ Thăng Long, Xã Yên Xuân, Hà Nội","Quốc Oai, Hà Nội"
"Ngõ 114 Đường Phủ Quốc, Xã Quốc Oai, Hà Nội","Quốc Oai, Hà Nội"
"Đường Đại lộ Thăng Long, Xã Hòa Lạc, Hà Nội","Thạch Thất, Hà Nội"
"Xã Quốc Oai, Hà Nội","Quốc Oai, Hà Nội"
"54 Đường Ngọc Thụy, Phường Hồng Hà, Hà Nội","Long Biên, Hà Nội"
"Xã Hồng Vân, Hà Nội","Thường Tín, Hà Nội"
"Số 2, ngõ 9 Đường Tả Thanh Oai, Xã Đại Thanh, Hà Nội","Thanh Trì, Hà Nội"
"số 36D ngách 22 ngõ 322 Đường Mỹ Đình, Phường Từ Liêm, Hà Nội","Nam Từ Liêm, Hà Nội"
"Đường Đồng Bụt, Xã Kiều Phú, Hà Nội","Quốc Oai, Hà Nội"
"19 Đường Đông Khê, Hà Nội","Đan Phượng, Hà Nội"
"85 Đường Đoàn Kết, Xã Đan Phượng, Hà Nội","Đan Phượng, Hà Nội"
"54 Đường Gò Mèo, Hà Nội","Đan Phượng, Hà Nội"
"Ngõ 126 Phố Hào Nam, Phường Ô Chợ Dừa, Hà Nội","Đống Đa, Hà Nội"
"195 Đường Đội Cấn, Phường Ba Đình, Hà Nội","Ba Đình, Hà Nội"
"42/77 Đường Cầu Noi, Phường Đông Ngạc, Hà Nội","Bắc Từ Liêm, Hà Nội"
"56 Đường Phú Kiều, Hà Nội","Nam Từ Liêm, Hà Nội"
"191 Đường Phạm Văn Đồng, Phường Xuân Đỉnh, Hà Nội","Bắc Từ Liêm, Hà Nội"
"59 Đường Phạm Văn Đồng, Phường Phú Diễn, Hà Nội","Cầu Giấy, Hà Nội"
"75E Đường Đản Dị, Xã Đông Anh, Hà Nội","Đông Anh, Hà Nội"
"Số 1-LK Đường Xuân Phương, Phường Xuân Phương, Hà Nội","Nam Từ Liêm, Hà Nội"
"46 Đường Hoàng Ngân, Phường Thanh Xuân, Hà Nội","Thanh Xuân, Hà Nội"
"Ngõ 20 Đường Hồ Tùng Mậu, Phường Phú Diễn, Hà Nội","Cầu Giấy, Hà Nội"
"Ngõ 40 Đường Trần Thái Tông, Phường Cầu Giấy, Hà Nội","Cầu Giấy, Hà Nội"
"Đường Cổ Linh, Phường Long Biên, Hà Nội","Long Biên, Hà Nội"
"Xã Ô Diên, Hà Nội","Đan Phượng, Hà Nội"
"Xã Liên Minh, Hà Nội","Đan Phượng, Hà Nội"
"Ngõ 79 Đường Phùng, Xã Đan Phượng, Hà Nội","Đan Phượng, Hà Nội"
"4 Đường Văn Minh, Xã Hoài Đức, Hà Nội","Hoài Đức, Hà Nội"
"52 Đường Mỹ Đình, Xã Lạc Phượng, Hà Nội","Nam Từ Liêm, Hà Nội"
"19 ngõ 37 Phố Lê Thanh Nghị, Phường Bạch Mai, Hà Nội","Hai Bà Trưng, Hà Nội"
"Ngõ 192 Đường Kim Giang, Phường Định Công, Hà Nội","Hoàng Mai, Hà Nội"
"Ngõ 543 Đường Giải Phóng, Phường Tương Mai, Hà Nội","Hoàng Mai, Hà Nội"
"87/59 Đường Yên Xá, Phường Thanh Liệt, Hà Nội","Thanh Trì, Hà Nội"
"64A Đường Yên Phúc, Phường Hà Đông, Hà Nội","Hà Đông, Hà Nội"
"62 Phố Cầu Am, Phường Hà Đông, Hà Nội","Hà Đông, Hà Nội"
"Đường Văn La, Hà Nội","Hà Đông, Hà Nội"
"296 Đường Minh Khai, Phường Bạch Mai, Hà Nội","Hai Bà Trưng, Hà Nội"
"219 Đường Lĩnh Nam, Phường Vĩnh Hưng, Hà Nội","Hoàng Mai, Hà Nội"
"9 Đường Đào Tấn, Phường Giảng Võ, Hà Nội","Ba Đình, Hà Nội"
"Ngõ 405 Đường Phúc Tân, Phường Hồng Hà, Hà Nội","Hoàn Kiếm, Hà Nội"
"Đường Phan Đình Phùng, Phường Hoàn Kiếm, Hà Nội","Hoàn Kiếm, Hà Nội"
"19 Phố Lê Thanh Nghị, Hà Nội","Hai Bà Trưng, Hà Nội"
"LIbré Homestay Phố Hàng Cháo, Phường Ô Chợ Dừa, Hà Nội","Đống Đa, Hà Nội"
"số 21 A2 ngõ 2 phố hoàng đạo thành kim giang thanh xuân hà nội Đường Hoàng Đạo Thành, Phường Khương Đình, Hà Nội","Thanh Xuân, Hà Nội"
"ngõ 273 Phố Bạch Mai, Phường Bạch Mai, Hà Nội","Hai Bà Trưng, Hà Nội"
"Số 25 Ngõ 79 Phố Trần Cung, Phường Nghĩa Đô, Hà Nội","Cầu Giấy, Hà Nội"
"Ngõ 37 Phố Lê Thanh Nghị, Phường Bạch Mai, Hà Nội","Hai Bà Trưng, Hà Nội"
"Ngõ 11 Đường Thanh Lân, Phường Vĩnh Hưng, Hà Nội","Hoàng Mai, Hà Nội"
"691 Đường Giải Phóng, Phường Tương Mai, Hà Nội","Hoàng Mai, Hà Nội"
"93 Đường Đức Giang, Phường Việt Hưng, Hà Nội","Long Biên, Hà Nội"
"479 Đường Lĩnh Nam, Xã Bát Tràng, Hà Nội","Hoàng Mai, Hà Nội"
"Ngõ 85 Đường Bát Khối, Phường Long Biên, Hà Nội","Long Biên, Hà Nội"
"82 Đường Phú Kiều, Hà Nội","Nam Từ Liêm, Hà Nội"
"116/27 Đường Miếu Đầm, Phường Từ Liêm, Hà Nội","Nam Từ Liêm, Hà Nội"
"37 ngõ 61 Đường Bằng A, Phường Hoàng Liệt, Hà Nội","Hoàng Mai, Hà Nội"
"27/59 Đường Lê Đức Thọ, Xã Lạc Phượng, Hà Nội","Nam Từ Liêm, Hà Nội"
"B4 Đường K3, Phường Phú Diễn, Hà Nội","Bắc Từ Liêm, Hà Nội"
"88 Phố Ngọc Trục, Hà Nội","Nam Từ Liêm, Hà Nội"
"472 Đường Lạc Long Quân, Phường Hồng Hà, Hà Nội","Tây Hồ, Hà Nội"
"Ngõ 374 Đường Âu Cơ, Phường Hồng Hà, Hà Nội","Tây Hồ, Hà Nội"
"Ngõ 95 Đường An Dương Vương, Phường Phú Thượng, Hà Nội","Tây Hồ, Hà Nội"
"Đường Xuân Phương, Hà Nội","Nam Từ Liêm, Hà Nội"
"1/162 Đường Khương Đình, Phường Khương Đình, Hà Nội","Thanh Xuân, Hà Nội"
"Ngõ 73 Đường Hoàng Ngân, Phường Thanh Xuân, Hà Nội","Thanh Xuân, Hà Nội"
"Ngõ 41 Đường Bùi Xương Trạch, Phường Khương Đình, Hà Nội","Thanh Xuân, Hà Nội"
"89/97 Phố Thái Thịnh, Phường Đống Đa, Hà Nội","Đống Đa, Hà Nội"
"15/151 Phố Láng Hạ, Phường Láng, Hà Nội","Đống Đa, Hà Nội"
"367/44 Đường Cửu Việt 2, Xã Gia Lâm, Hà Nội","Gia Lâm, Hà Nội"
"Ngõ 68 Đường Giáp Hải, Hà Nội","Gia Lâm, Hà Nội"
"Đường Ngọc Động, Hà Nội","Gia Lâm, Hà Nội"
"Số 4 ngõ 141 Đường Lê Văn Hiến, Phường Đông Ngạc, Hà Nội","Bắc Từ Liêm, Hà Nội"
"19/52 Phố Yên Lạc, Phường Vĩnh Tuy, Hà Nội","Hai Bà Trưng, Hà Nội"
"Đường Quốc lộ 32, Xã Thuận An, Hà Nội","Hoài Đức, Hà Nội"
"27 Đường Lai Xá, Xã Hoài Đức, Hà Nội","Hoài Đức, Hà Nội"
"Xã Sơn Đồng, Hà Nội","Hoài Đức, Hà Nội"
"155 Đường Cầu Giấy, Phường Cầu Giấy, Hà Nội","Cầu Giấy, Hà Nội"
"Ngõ 68 Đường Triều Khúc, Phường Thanh Liệt, Hà Nội","Thanh Trì, Hà Nội"
"Ngõ 59 Đường Thanh Liệt, Hà Nội","Thanh Trì, Hà Nội"
"816/63 Đường Kim Giang, Hà Nội","Thanh Trì, Hà Nội"
"Xã Thường Tín, Hà Nội","Thường Tín, Hà Nội"
"Xã Đại Xuyên, Hà Nội","Phú Xuyên, Hà Nội"
"Đường Đồng Sậy, Hà Nội","Đan Phượng, Hà Nội"
"Đường Quốc lộ 3, Xã Đông Anh, Hà Nội","Đông Anh, Hà Nội"
"3/85 Đường Xuân Canh, Xã Vĩnh Thanh, Hà Nội","Đông Anh, Hà Nội"
"Đường Đản Dị, Xã Đông Anh, Hà Nội","Đông Anh, Hà Nội"
"Ngõ 279 Đường Đội Cấn, Phường Ba Đình, Hà Nội","Ba Đình, Hà Nội"
"Ngõ 7 Phố Kim Mã Thượng, Phường Ngọc Hà, Hà Nội","Ba Đình, Hà Nội"
"Đường Phú Kiều, Phường Phú Diễn, Hà Nội","Bắc Từ Liêm, Hà Nội"
"Ngõ 136 Đường Cầu Diễn, Phường Tây Tựu, Hà Nội","Bắc Từ Liêm, Hà Nội"
"Ngõ 132 Đường Cầu Diễn, Phường Tây Tựu, Hà Nội","Bắc Từ Liêm, Hà Nội"
"42 Đường Nguyễn Khang, Phường Cầu Giấy, Hà Nội","Cầu Giấy, Hà Nội"
"Ngõ 59 Đường Trần Cung, Phường Nghĩa Đô, Hà Nội","Cầu Giấy, Hà Nội"
"38/123 Đường Yên Xá, Phường Hà Đông, Hà Nội","Hà Đông, Hà Nội"
"2/109 Đường Nguyễn Văn Trỗi, Phường Hà Đông, Hà Nội","Hà Đông, Hà Nội"
"Ngõ 123 Đường Yên Xá, Phường Hà Đông, Hà Nội","Hà Đông, Hà Nội"
"15 Đường Gốc Đề, Phường Bạch Mai, Hà Nội","Hai Bà Trưng, Hà Nội"
"22 Phố Hàng Vôi, Phường Hoàn Kiếm, Hà Nội","Hoàn Kiếm, Hà Nội"
"26 Đường Cầu Đất, Phường Hồng Hà, Hà Nội","Hoàn Kiếm, Hà Nội"
"128 Đường Hàm Tử Quan, Phường Hồng Hà, Hà Nội","Hoàn Kiếm, Hà Nội"
"số 17 ngõ 120 Đường Định Công, Phường Tương Mai, Hà Nội","Hoàng Mai, Hà Nội"
"255 Đường Cầu Giấy, Phường Cầu Giấy, Hà Nội","Cầu Giấy, Hà Nội"
"Số 6 ngõ 123 Đường Yên Xá, Phường Thanh Liệt, Hà Nội","Thanh Trì, Hà Nội"
"Số 3 ngõ 26 Đường Ngọc Hồi, Phường Hoàng Liệt, Hà Nội","Hoàng Mai, Hà Nội"
"22 ngõ 31 Đường Dịch Vọng, Phường Cầu Giấy, Hà Nội","Cầu Giấy, Hà Nội"
"6 ngách 24 ngõ 9 Phố Trần Quốc Hoàn, Phường Nghĩa Đô, Hà Nội","Cầu Giấy, Hà Nội"
"nhà 06, ngách 1, ngõ 15A, Xã Đại Thanh, Hà Nội","Thanh Trì, Hà Nội"
"Ngõ 219 Đường Lĩnh Nam, Phường Vĩnh Hưng, Hà Nội","Hoàng Mai, Hà Nội"
"Ngõ 151 Đường Vĩnh Hưng, Phường Vĩnh Hưng, Hà Nội","Hoàng Mai, Hà Nội"
"254/91 Đường Minh Khai, Phường Vĩnh Tuy, Hà Nội","Hoàng Mai, Hà Nội"
"344 Đường Ngọc Thụy, Phường Hồng Hà, Hà Nội","Long Biên, Hà Nội"
"19/293 Đường Ngọc Thụy, Phường Hồng Hà, Hà Nội","Long Biên, Hà Nội"
"Đường Lâm Du, Phường Bồ Đề, Hà Nội","Long Biên, Hà Nội"
"Ngõ 28 Đường Đại Linh, Phường Đại Mỗ, Hà Nội","Nam Từ Liêm, Hà Nội"
"280 Đường Lạc Long Quân, Phường Tây Hồ, Hà Nội","Tây Hồ, Hà Nội"
"32/18 Đường Tô Ngọc Vân, Phường Tây Hồ, Hà Nội","Tây Hồ, Hà Nội"
"5 Đường Tô Ngọc Vân, Phường Tây Hồ, Hà Nội","Tây Hồ, Hà Nội"
"Ngõ 460 Đường Khương Đình, Phường Khương Đình, Hà Nội","Thanh Xuân, Hà Nội"
"1 Đường Nguyễn Thị Định, Phường Thanh Xuân, Hà Nội","Thanh Xuân, Hà Nội"
"Ngõ 145 Phố Quan Nhân, Phường Thanh Xuân, Hà Nội","Thanh Xuân, Hà Nội"
"189 Phố Nguyễn Ngọc Vũ, Xã Trung Giã, Hà Nội","Cầu Giấy, Hà Nội"
"Số 3 ngõ 89 Đường Phạm Văn Đồng, Phường Phú Diễn, Hà Nội","Cầu Giấy, Hà Nội"
"Ngõ 242 Đường Láng, Phường Đống Đa, Hà Nội","Đống Đa, Hà Nội"
"Xã Thuận An, Hà Nội","Hoài Đức, Hà Nội"
"Ngõ 63 Đường Lai Xá, Xã Hoài Đức, Hà Nội","Hoài Đức, Hà Nội"
"ngách 34/238 Đường Dương Văn Bé, Phường Vĩnh Tuy, Hà Nội","Hai Bà Trưng, Hà Nội"
"Số nhà 38 ngõ 34 Đường Xuân La, Phường Tây Hồ, Hà Nội","Tây Hồ, Hà Nội"
"37 ngõ 103 Đường Giáp Bát, Phường Tương Mai, Hà Nội","Hoàng Mai, Hà Nội"
"Ngõ 32 Đường Phú Diễn, Phường Nghĩa Đô, Hà Nội","Bắc Từ Liêm, Hà Nội"
Hà Nội,"Quốc Oai, Hà Nội"
"23 ngõ 26 đường Cầu Diễn Đường Cầu Diễn, Phường Phú Diễn, Hà Nội","Bắc Từ Liêm, Hà Nội"
"Ngõ 6 Đường Hữu Lê, Xã Đại Thanh, Hà Nội","Thanh Trì, Hà Nội"
"54 Đường Tân Triều, Phường Thanh Liệt, Hà Nội","Thanh Trì, Hà Nội"
"Ngõ 147 đường Đào Duy Tùng, Xã Đông Anh, Hà Nội","Đông Anh, Hà Nội"
"471 Đường Thụy Phương, Phường Đông Ngạc, Hà Nội","Bắc Từ Liêm, Hà Nội"
"Tòa N03.05 Đường Triều Khúc, Phường Thanh Xuân, Hà Nội","Thanh Xuân, Hà Nội"
"48 Đường Nguyễn Văn Lộc, Phường Hà Đông, Hà Nội","Hà Đông, Hà Nội"
"Ngõ 94 Phố Ngọc Khánh, Phường Giảng Võ, Hà Nội","Ba Đình, Hà Nội"
"Ngõ 189 Đường Hoàng Hoa Thám, Phường Ngọc Hà, Hà Nội","Ba Đình, Hà Nội"
"Ngõ 195 Đường Trần Cung, Phường Nghĩa Đô, Hà Nội","Bắc Từ Liêm, Hà Nội"
"Ngõ 447 Đường Phạm Văn Đồng, Phường Xuân Đỉnh, Hà Nội","Bắc Từ Liêm, Hà Nội"
"Ngõ 105 Đường Trần Quốc Vượng, Phường Cầu Giấy, Hà Nội","Cầu Giấy, Hà Nội"
"Phố Phạm Tuấn Tài, Phường Cầu Giấy, Hà Nội","Cầu Giấy, Hà Nội"
"Ngõ 401 Đường Xuân Đỉnh, Phường Xuân Đỉnh, Hà Nội","Bắc Từ Liêm, Hà Nội"
"80 Đường Quang Trung, Phường Hà Đông, Hà Nội","Hà Đông, Hà Nội"
"số 1 Đường Xuân Phương, Phường Xuân Phương, Hà Nội","Nam Từ Liêm, Hà Nội"
"Khu nhà ở Đường Vĩnh Hưng, Phường Vĩnh Hưng, Hà Nội","Hoàng Mai, Hà Nội"
"20 Đường Nguyễn Tam Trinh, Phường Vĩnh Tuy, Hà Nội","Hoàng Mai, Hà Nội"
"Ngõ 79 Đường Mễ Trì Thượng, Hà Nội","Nam Từ Liêm, Hà Nội"
"Đường Kim Quang Thượng, Phường Việt Hưng, Hà Nội","Long Biên, Hà Nội"
"8 Ngõ 347 Đường Hoàng Quốc Việt, Phường Nghĩa Đô, Hà Nội","Cầu Giấy, Hà Nội"
"408 đường Thụy Khuê phường bưởi quận tây hồ HN đường Thụy Khuê, Phường Tây Hồ, Hà Nội","Tây Hồ, Hà Nội"
"9 Đường Yên Phúc, Phường Hà Đông, Hà Nội","Hà Đông, Hà Nội"
"42 Đường Phú Đô, Phường Từ Liêm, Hà Nội","Nam Từ Liêm, Hà Nội"
"6 ngách 115 ngõ 8 Đường Lê Quang Đạo, Phường Từ Liêm, Hà Nội","Nam Từ Liêm, Hà Nội"
"118 ngõ 322 Đường Mỹ Đình, Xã Lạc Phượng, Hà Nội","Nam Từ Liêm, Hà Nội"
"số 20 TT K80C ngõ 376 Đường Bưởi, Phường Ngọc Hà, Hà Nội","Ba Đình, Hà Nội"
"Số 126 ngách 165/49/25 Đường Dương Quảng Hàm, Phường Nghĩa Đô, Hà Nội","Cầu Giấy, Hà Nội"
"số nhà 128 Đường Phan Bá Vành, Hà Nội","Nam Từ Liêm, Hà Nội"
"68 Đường Cầu Giấy, Phường Nghĩa Đô, Hà Nội","Cầu Giấy, Hà Nội"
"2 ngách 26, ngõ 734 Đường Kim Giang, Hà Nội","Thanh Trì, Hà Nội"
"ngõ 42 Đường Triều Khúc, Phường Thanh Xuân, Hà Nội","Thanh Xuân, Hà Nội"
"Đường Cầu Giấy, Phường Phú Diễn, Hà Nội","Cầu Giấy, Hà Nội"
"74 Đường Tân Triều, Phường Thanh Liệt, Hà Nội","Thanh Trì, Hà Nội"
"3 Đường Đội Cấn, Phường Ba Đình, Hà Nội","Ba Đình, Hà Nội"
"2 Đường Hòe Thị, Phường Xuân Phương, Hà Nội","Nam Từ Liêm, Hà Nội"
"68 ngõ 273 Đường Trần Cung, Phường Nghĩa Đô, Hà Nội","Bắc Từ Liêm, Hà Nội"
"173 Đường Định Công Thượng, Phường Định Công, Hà Nội","Hoàng Mai, Hà Nội"
"377 Đường Giải Phóng, Phường Phương Liệt, Hà Nội","Thanh Xuân, Hà Nội"
"71 Đường số 104, Phường Đông Ngạc, Hà Nội","Bắc Từ Liêm, Hà Nội"
"334/192 Phố Lê Trọng Tấn, Phường Định Công, Hà Nội","Hoàng Mai, Hà Nội"
"1589 Phố số 72, Xã An Khánh, Hà Nội","Hoài Đức, Hà Nội"
"39 nghách 12A ngõ 89 Đường Phạm Văn Đồng, Phường Phú Diễn, Hà Nội","Cầu Giấy, Hà Nội"
"79 Phố Thanh Đàm, Phường Vĩnh Hưng, Hà Nội","Hoàng Mai, Hà Nội"
"Số 18, Ngõ 47 Đường Láng, Phường Kim Liên, Hà Nội","Đống Đa, Hà Nội"
"32 ngách 184/85, ngõ 56 Đường Đê Trần Khát Chân, Phường Vĩnh Tuy, Hà Nội","Hai Bà Trưng, Hà Nội"
"Khu đô thị Hinode và lideco Đường Kim Chung, Xã Hoài Đức, Hà Nội","Hoài Đức, Hà Nội"
"42 Đường Triều Khúc, Phường Thanh Xuân, Hà Nội","Thanh Xuân, Hà Nội"
"27 ngõ 1 Đường Trung Văn, Phường Đại Mỗ, Hà Nội","Nam Từ Liêm, Hà Nội"
"16A ngõ 29 Hồng Mai, Phường Bạch Mai, Hà Nội","Hai Bà Trưng, Hà Nội"
"358/63 Đường Bùi Xương Trạch, Phường Khương Đình, Hà Nội","Thanh Xuân, Hà Nội"
"30E Ngõ 116 Đường Đại Từ, Phường Định Công, Hà Nội","Hoàng Mai, Hà Nội"
"Đường Hoàng Công Chất, Phường Phú Diễn, Hà Nội","Bắc Từ Liêm, Hà Nội"
"602 Đường Bạch Đằng, Phường Hồng Hà, Hà Nội","Hai Bà Trưng, Hà Nội"
"Ngách 20 Trại Cá Đường Trương Định, Phường Hoàng Mai, Hà Nội","Hoàng Mai, Hà Nội"
"233A Đường Yên Xá, Phường Thanh Liệt, Hà Nội","Thanh Trì, Hà Nội"
"số 63 ngõ 619 Phố Vũ Tông Phan, Phường Khương Đình, Hà Nội","Thanh Xuân, Hà Nội"
"Số 5, ngách 208/42 Đường Tam Trinh, Phường Yên Sở, Hà Nội","Hoàng Mai, Hà Nội"
"Ngõ 217 Đường Trần Phú, Hà Nội","Hà Đông, Hà Nội"
"Đường Miêu Nha, Phường Tây Mỗ, Hà Nội","Nam Từ Liêm, Hà Nội"
"322/17/15a Đường Lê Đức Thọ, Phường Từ Liêm, Hà Nội","Nam Từ Liêm, Hà Nội"
"20/193 Đường Miêu Nha, Phường Tây Mỗ, Hà Nội","Nam Từ Liêm, Hà Nội"
"41 Đường Khương Đình, Phường Khương Đình, Hà Nội","Thanh Xuân, Hà Nội"
"13 Đường Lĩnh Nam, Phường Vĩnh Tuy, Hà Nội","Hoàng Mai, Hà Nội"
"Đường Phúc Xá, Phường Hồng Hà, Hà Nội","Ba Đình, Hà Nội"
"624 Đường Minh Khai, Phường Vĩnh Tuy, Hà Nội","Hai Bà Trưng, Hà Nội"
"19LK2 Đường Kiến Hưng, Phường Kiến Hưng, Hà Nội","Hà Đông, Hà Nội"
"79/117 Phố Thái Hà, Phường Đống Đa, Hà Nội","Đống Đa, Hà Nội"
"96/245 Đường Định Công, Phường Định Công, Hà Nội","Hoàng Mai, Hà Nội"
"254 Đường Kim Ngưu, Phường Bạch Mai, Hà Nội","Hai Bà Trưng, Hà Nội"
"Khu đô thị mới Lai Xá Đường Lai Xá, Xã Hoài Đức, Hà Nội","Hoài Đức, Hà Nội"
"9 ngo 316 Phố Lê Trọng Tấn, Phường Phương Liệt, Hà Nội","Thanh Xuân, Hà Nội"
"135 Đường Đội Cấn, Phường Ba Đình, Hà Nội","Ba Đình, Hà Nội"
"112 Đường Hoàng Quốc Việt, Phường Nghĩa Đô, Hà Nội","Cầu Giấy, Hà Nội"
"Số 16B ngõ 236/34 Đường Đại Từ, Phường Định Công, Hà Nội","Hoàng Mai, Hà Nội"
"136 Đường Cầu Diễn, Phường Tây Tựu, Hà Nội","Bắc Từ Liêm, Hà Nội"
"60 ngõ 68 Đường Cầu Giấy, Phường Nghĩa Đô, Hà Nội","Cầu Giấy, Hà Nội"
"322/17 Đường Mỹ Đình, Phường Từ Liêm, Hà Nội","Nam Từ Liêm, Hà Nội"
"64 Đường Tân Phong, Phường Đông Ngạc, Hà Nội","Bắc Từ Liêm, Hà Nội"
"219 Đường Định Công Thượng, Phường Định Công, Hà Nội","Hoàng Mai, Hà Nội"
"12 Đường Trần Phú, Phường Hà Đông, Hà Nội","Hà Đông, Hà Nội"
"9 Đường Thanh Bình, Phường Hà Đông, Hà Nội","Hà Đông, Hà Nội"
"Đường Lê Đức Thọ, Xã Lạc Phượng, Hà Nội","Nam Từ Liêm, Hà Nội"
"39, ngõ 89 nghách 12A Đường Phạm Văn Đồng, Phường Phú Diễn, Hà Nội","Cầu Giấy, Hà Nội"
"113 Phố Phố Huế, Phường Hai Bà Trưng, Hà Nội","Hai Bà Trưng, Hà Nội"
"Số 25 ngách 322/17/25 ngõ 322 đường Mỹ Đình, Phường Từ Liêm, Hà Nội","Nam Từ Liêm, Hà Nội"
"44 Phố Hào Nam, phường Ô Chợ Dừa Phố Hào Nam, Phường Ô Chợ Dừa, Hà Nội","Đống Đa, Hà Nội"
"59 Đường Xuân Phương, Phường Xuân Phương, Hà Nội","Nam Từ Liêm, Hà Nội"
"Số nhà 41 ngõ 48 Trịnh Đình Cửu Đường Định Công, Phường Định Công, Hà Nội","Hoàng Mai, Hà Nội"
"19LK2 Bemes Kiến Hưng Đường Cầu Bươu, Phường Kiến Hưng, Hà Nội","Hà Đông, Hà Nội"
"218/44 NGÕ CHỢ KHÂM THIÊN, ĐỐNG ĐA, Phường Văn Miếu - Quốc Tử Giám, Hà Nội","Đống Đa, Hà Nội"
"số 21, Phường Đại Mỗ, Hà Nội","Nam Từ Liêm, Hà Nội"
"210 Đường Láng, Phường Đống Đa, Hà Nội","Đống Đa, Hà Nội"
"521 Đường Trương Định, Phường Hoàng Mai, Hà Nội","Hoàng Mai, Hà Nội"
"Số 98 Ngõ 66b Đường Triều Khúc, Phường Thanh Liệt, Hà Nội","Thanh Trì, Hà Nội"
"322/76/66 số nhà 8 Đường Mỹ Đình, Phường Từ Liêm, Hà Nội","Nam Từ Liêm, Hà Nội"
"42 ngõ 50 Phố Kim Hoa, Phường Kim Liên, Hà Nội","Đống Đa, Hà Nội"
"629 Phố Kim Mã, Phường Giảng Võ, Hà Nội","Ba Đình, Hà Nội"
"14 Đường Hoàng Hoa Thám, Phường Ngọc Hà, Hà Nội","Ba Đình, Hà Nội"
"Nhà C1, khu dự án 15 Đường Đông Quan, Phường Nghĩa Đô, Hà Nội","Cầu Giấy, Hà Nội"
"Ngõ 211 Đường Khương Trung, Phường Khương Đình, Hà Nội","Thanh Xuân, Hà Nội"
"83 Đường Xuân Đỉnh, Phường Xuân Đỉnh, Hà Nội","Bắc Từ Liêm, Hà Nội"
"1/31 Đường Bùi Xương Trạch, Phường Khương Đình, Hà Nội","Thanh Xuân, Hà Nội"
"203 Ngõ 132/46 Đường Cầu Giấy, Phường Nghĩa Đô, Hà Nội","Cầu Giấy, Hà Nội"
"Thông Phong Phố Tôn Đức Thắng, Phường Văn Miếu - Quốc Tử Giám, Hà Nội","Đống Đa, Hà Nội"
"508 Đường Đường Láng, Phường Láng, Hà Nội","Đống Đa, Hà Nội"
"Số 36 ngõ 324 Đường Phương Canh, Phường Xuân Phương, Hà Nội","Nam Từ Liêm, Hà Nội"
"210 Đường Thượng Đình, Phường Khương Đình, Hà Nội","Thanh Xuân, Hà Nội"
"Số 34 ngách 111/1 Đường Giáp Bát, Phường Tương Mai, Hà Nội","Hoàng Mai, Hà Nội"
"39 Trần Quốc Vượng, Cầu Giấy, Hà nội, Phường Cầu Giấy, Hà Nội","Cầu Giấy, Hà Nội"
"88 Đường Quang Trung, Phường Hà Đông, Hà Nội","Hà Đông, Hà Nội"
"424 đường Thụy Khuê, Phường Tây Hồ, Hà Nội","Tây Hồ, Hà Nội"
"7 ngõ 16 Đường Nguyễn Khánh Toàn, Phường Nghĩa Đô, Hà Nội","Cầu Giấy, Hà Nội"
"28/91 Đường Tứ Liên, Phường Hồng Hà, Hà Nội","Tây Hồ, Hà Nội"
"14 Đường Nguyên Xá, Phường Tây Tựu, Hà Nội","Bắc Từ Liêm, Hà Nội"
"Số nhà 40 ngách 39 ngõ Mai Hương Phố Bạch Mai, Phường Bạch Mai, Hà Nội","Hai Bà Trưng, Hà Nội"
"83 Tân Triều Đường Tân Triều, Phường Thanh Liệt, Hà Nội","Thanh Trì, Hà Nội"
"A2 tập thể Trung Tự Đường Phạm Ngọc Thạch, Phường Văn Miếu - Quốc Tử Giám, Hà Nội","Đống Đa, Hà Nội"
"Ngách 8, ngõ 310 Đường Cổ Nhuế, Phường Đông Ngạc, Hà Nội","Bắc Từ Liêm, Hà Nội"
"82 Phú Đô hoặc ngõ 08 Lê Quang Đạo Đường Phú Đô, Phường Từ Liêm, Hà Nội","Nam Từ Liêm, Hà Nội"
"809 Đường Giải Phóng, Phường Tương Mai, Hà Nội","Hoàng Mai, Hà Nội"
"203 Đường Nguyễn Huy Tưởng, Phường Thanh Xuân, Hà Nội","Thanh Xuân, Hà Nội"
"19C Đường Nguyễn Thượng Hiền, Phường Hai Bà Trưng, Hà Nội","Hai Bà Trưng, Hà Nội"
"9 Đường Lê Đức Thọ, Xã Lạc Phượng, Hà Nội","Nam Từ Liêm, Hà Nội"
"54 ngõ 127 Hao Nam Phố Hào Nam, Phường Ô Chợ Dừa, Hà Nội","Đống Đa, Hà Nội"
"83 Ngõ 42 Phố Thành Công, Phường Giảng Võ, Hà Nội","Ba Đình, Hà Nội"
"91/14 Đường Mễ Trì Hạ, Phường Từ Liêm, Hà Nội","Nam Từ Liêm, Hà Nội"
"14-16 ngõ 612 Đường Lạc Long Quân, Phường Hồng Hà, Hà Nội","Tây Hồ, Hà Nội"
"499A Đường Lạc Long Quân, Phường Tây Hồ, Hà Nội","Tây Hồ, Hà Nội"
"Số 7, ngách 1, ngõ 198 Đường Trần Cung, Phường Nghĩa Đô, Hà Nội","Bắc Từ Liêm, Hà Nội"
"13 hẻm 4/81, ngõ hòa bình 7 Đường Minh Khai, Phường Bạch Mai, Hà Nội","Hai Bà Trưng, Hà Nội"
"46 Phố Tương Mai, Phường Bạch Mai, Hà Nội","Hai Bà Trưng, Hà Nội"
"Tòa nhà Vinhomes Smart City, S202 Đường Đại Lộ Thăng Long, Phường Tây Mỗ, Hà Nội","Nam Từ Liêm, Hà Nội"
"55/34 Đường Yên Vĩnh, Xã Hoài Đức, Hà Nội","Hoài Đức, Hà Nội"
"Đường Phan Đình Phùng, Phường Ba Đình, Hà Nội","Ba Đình, Hà Nội"
"Ngõ 29 Ngách 68 số nhà 28 Phố Khương Hạ, Phường Khương Đình, Hà Nội","Thanh Xuân, Hà Nội"
"36 Phố Đình Thôn, Phường Từ Liêm, Hà Nội","Nam Từ Liêm, Hà Nội"
"27 ngõ 29 đường Võng Thị, Phường Tây Hồ, Hà Nội","Tây Hồ, Hà Nội"
"236 Đường Khương Đình, Phường Khương Đình, Hà Nội","Thanh Xuân, Hà Nội"
"111 Đường Hoàng Ngân, Phường Thanh Xuân, Hà Nội","Thanh Xuân, Hà Nội"
"108 Đường Nguyễn Lân, Phường Phương Liệt, Hà Nội","Thanh Xuân, Hà Nội"
"50C, ngõ Hòa Bình 7 Đường Minh Khai, Phường Bạch Mai, Hà Nội","Hai Bà Trưng, Hà Nội"
"Ngõ 260 Đường Cầu Giấy, Phường Nghĩa Đô, Hà Nội","Cầu Giấy, Hà Nội"
"Ngách 74 Đường Gốc Đề, Phường Bạch Mai, Hà Nội","Hai Bà Trưng, Hà Nội"
"67 Phố Thái Thịnh, Phường Đống Đa, Hà Nội","Đống Đa, Hà Nội"
"24 Đường Nguyễn Đình Chiểu, Phường Hai Bà Trưng, Hà Nội","Hai Bà Trưng, Hà Nội"
"Ngõ 142 Đường Yên Lãng, Phường Đống Đa, Hà Nội","Đống Đa, Hà Nội"
"Ngõ 612/77 Đường La Thành, Phường Giảng Võ, Hà Nội","Ba Đình, Hà Nội"
"Ngõ 160 Đường Hoàng Mai, Phường Tương Mai, Hà Nội","Hoàng Mai, Hà Nội"
"816 Đường Kim Giang, Phường Vĩnh Hưng, Hà Nội","Hoàng Mai, Hà Nội"
"26 Đường Ngọc Hồi, Phường Hoàng Liệt, Hà Nội","Hoàng Mai, Hà Nội"
"15 Đường Gốc Đề, Phường Tương Mai, Hà Nội","Hoàng Mai, Hà Nội"
"Đường Lạc Hồng, Phường Khương Đình, Hà Nội","Thanh Xuân, Hà Nội"
"123/35 Đường Xuân Phương, Phường Xuân Phương, Hà Nội","Nam Từ Liêm, Hà Nội"
"49 Đường Nguyễn Hoàng, Xã Lạc Phượng, Hà Nội","Nam Từ Liêm, Hà Nội"
"53 Phố Thiên Hiền, Phường Từ Liêm, Hà Nội","Nam Từ Liêm, Hà Nội"
"20 Đường Mỹ Đình, Xã Lạc Phượng, Hà Nội","Nam Từ Liêm, Hà Nội"
"Ngõ 61 Đường Khương Trung, Phường Khương Đình, Hà Nội","Thanh Xuân, Hà Nội"
"1 Đường Mỹ Đình, Phường Từ Liêm, Hà Nội","Nam Từ Liêm, Hà Nội"
"37 Phố An Trạch, Phường Ô Chợ Dừa, Hà Nội","Đống Đa, Hà Nội"
"Số 18 ngõ 245/120 Đường Định Công, Phường Định Công, Hà Nội","Hoàng Mai, Hà Nội"
"59 ngõ 192 Phố Lê Trọng Tấn, Phường Phương Liệt, Hà Nội","Thanh Xuân, Hà Nội"
"229/45 Đường Minh Khai, Phường Bạch Mai, Hà Nội","Hai Bà Trưng, Hà Nội"
"249 Đường Kim Ngưu, Phường Vĩnh Tuy, Hà Nội","Hai Bà Trưng, Hà Nội"
"101 Đường Thanh Nhàn, Phường Bạch Mai, Hà Nội","Hai Bà Trưng, Hà Nội"
"521 Đường Trương Định, Xã Phù Đổng, Hà Nội","Hai Bà Trưng, Hà Nội"
"28 Đường Cầu Noi, Phường Đông Ngạc, Hà Nội","Bắc Từ Liêm, Hà Nội"
"Ngõ 139 Đường Tam Trinh, Phường Vĩnh Tuy, Hà Nội","Hoàng Mai, Hà Nội"
"9 Đường Phạm Văn Nghị, Phường Đông Ngạc, Hà Nội","Bắc Từ Liêm, Hà Nội"
"81 Phố Xã Đàn, Phường Kim Liên, Hà Nội","Đống Đa, Hà Nội"
"Ngõ 241 Đường Yên Xá, Phường Hà Đông, Hà Nội","Hà Đông, Hà Nội"
"Sn 18A ngõ 99 Phố Trung Kính, Xã Trung Giã, Hà Nội","Cầu Giấy, Hà Nội"
"87/43 Đường Yên Xá, Phường Hà Đông, Hà Nội","Hà Đông, Hà Nội"
"182 Đường Yên Bình, Phường Hà Đông, Hà Nội","Hà Đông, Hà Nội"
"466 Đường Bưởi, Hà Nội","Ba Đình, Hà Nội"
"521 Đường Cổ Nhuế, Phường Nghĩa Đô, Hà Nội","Bắc Từ Liêm, Hà Nội"
"45D Đường Lâm Du, Phường Bồ Đề, Hà Nội","Long Biên, Hà Nội"
"16 phố Dốc Tam Đa, Phường Tây Hồ, Hà Nội","Tây Hồ, Hà Nội"
"Đường An Đào, Xã Gia Lâm, Hà Nội","Gia Lâm, Hà Nội"
"154 Đường Đội Cấn, Phường Ba Đình, Hà Nội","Ba Đình, Hà Nội"
"94 Phố Ngọc Khánh, Phường Giảng Võ, Hà Nội","Ba Đình, Hà Nội"
"279 Đường Đội Cấn, Phường Ngọc Hà, Hà Nội","Ba Đình, Hà Nội"
"179 Đường Hoàng Hoa Thám, Phường Ba Đình, Hà Nội","Ba Đình, Hà Nội"
"Làng Mỹ Lâm, xóm Bình Minh, Xã Phú Xuyên, Hà Nội","Phú Xuyên, Hà Nội"
"7 Đường Thịnh Liệt, Phường Hoàng Mai, Hà Nội","Hoàng Mai, Hà Nội"
"Số nhà 40 Ngõ 148 Đường Xuân Phương, Phường Xuân Phương, Hà Nội","Nam Từ Liêm, Hà Nội"
"11 ngõ 72 Phố Chính Kinh, Phường Thanh Xuân, Hà Nội","Thanh Xuân, Hà Nội"
"Ngõ 269 Đường Lạc Long Quân, Phường Tây Hồ, Hà Nội","Tây Hồ, Hà Nội"
"Ngõ 175 Đường Lạc Long Quân, Phường Tây Hồ, Hà Nội","Tây Hồ, Hà Nội"
"149 Đường Lạc Long Quân, Phường Tây Hồ, Hà Nội","Tây Hồ, Hà Nội"
"150 Ngõ 250/80 Đường Phan Trọng Tuệ, Hà Nội","Thanh Trì, Hà Nội"
"Ngõ 59 Đường Phạm Văn Đồng, Phường Nghĩa Đô, Hà Nội","Bắc Từ Liêm, Hà Nội"
"132 Đường Cầu Diễn, Phường Phú Diễn, Hà Nội","Bắc Từ Liêm, Hà Nội"
"Đường Phương Trạch, Xã Vĩnh Thanh, Hà Nội","Đông Anh, Hà Nội"
"173 Đường Hoàng Hoa Thám, Phường Ba Đình, Hà Nội","Ba Đình, Hà Nội"
"Ngõ 199 Đường Hồ Tùng Mậu, Phường Phú Diễn, Hà Nội","Cầu Giấy, Hà Nội"
"50 ngõ 132 Đường Cầu Giấy, Phường Nghĩa Đô, Hà Nội","Cầu Giấy, Hà Nội"
"Khu nhà 16A ngõ 285 Đường số 422, Xã Sơn Đồng, Hà Nội","Hoài Đức, Hà Nội"
"ngõ 68 Đường Triều Khúc, Phường Thanh Liệt, Hà Nội","Thanh Trì, Hà Nội"
"19 Đường Ái Mộ, Phường Bồ Đề, Hà Nội","Long Biên, Hà Nội"
"2 ngách 6 Đường Kiều Mai, Phường Từ Liêm, Hà Nội","Nam Từ Liêm, Hà Nội"
"154 Đường Ngọc Lâm, Phường Bồ Đề, Hà Nội","Long Biên, Hà Nội"
"Đường Đàm Quang Trung, Phường Long Biên, Hà Nội","Long Biên, Hà Nội"
"298 Đường Ngọc Lâm, Phường Bồ Đề, Hà Nội","Long Biên, Hà Nội"
"185 Đường Phùng Khoan, Phường Đại Mỗ, Hà Nội","Nam Từ Liêm, Hà Nội"
"35 Đường Trương Định, Xã Phù Đổng, Hà Nội","Hai Bà Trưng, Hà Nội"
"28 Phố Hàng Hương, Phường Hoàn Kiếm, Hà Nội","Hoàn Kiếm, Hà Nội"
"512 Đường Trương Định, Phường Hoàng Mai, Hà Nội","Hoàng Mai, Hà Nội"
"Ngõ 1035 Đường Hồng Hà, Phường Hồng Hà, Hà Nội","Hoàn Kiếm, Hà Nội"
"Đường Yết Kiêu, Phường Cửa Nam, Hà Nội","Hoàn Kiếm, Hà Nội"
"235 Đường Hồng Hà, Phường Cửa Nam, Hà Nội","Hoàn Kiếm, Hà Nội"
"1039 Đường Hồng Hà, Phường Hồng Hà, Hà Nội","Hoàn Kiếm, Hà Nội"
"Ngõ 274 Đường Phú Viên, Phường Bồ Đề, Hà Nội","Long Biên, Hà Nội"
"116/56/2 Đường Miếu Đầm, Phường Từ Liêm, Hà Nội","Nam Từ Liêm, Hà Nội"
"Ngõ 31 Đường Xuân Diệu, Phường Tây Hồ, Hà Nội","Tây Hồ, Hà Nội"
"20 ngõ 66 Đường Hoàng Ngân, Xã Trung Giã, Hà Nội","Cầu Giấy, Hà Nội"
"Đường Cầu Tó, Phường Thanh Liệt, Hà Nội","Thanh Trì, Hà Nội"
"790 Đường Láng, Phường Láng, Hà Nội","Đống Đa, Hà Nội"
"39 Đường Yên Xá, Phường Thanh Liệt, Hà Nội","Thanh Trì, Hà Nội"
"Đường Phú Lương, Hà Nội","Hà Đông, Hà Nội"
"367 Đường Ngô Xuân Quảng, Xã Gia Lâm, Hà Nội","Gia Lâm, Hà Nội"
"858 Đường Kim Giang, Hà Nội","Thanh Trì, Hà Nội"
"Ngõ 127 Đường Tựu Liệt, Phường Hoàng Liệt, Hà Nội","Thanh Trì, Hà Nội"
"8 Đường Cầu Tó, Xã Đại Thanh, Hà Nội","Thanh Trì, Hà Nội"
"570 Đường Kim Giang, Hà Nội","Thanh Trì, Hà Nội"
"51/25 Đường Thanh Liệt, Hà Nội","Thanh Trì, Hà Nội"
Hà Nội,"Đan Phượng, Hà Nội"
"Đường Vân Trì, Xã Phúc Thịnh, Hà Nội","Đông Anh, Hà Nội"
"55 Đường Hoàng Hoa Thám, Phường Ba Đình, Hà Nội","Ba Đình, Hà Nội"
"637/9 Đường Phạm Văn Đồng, Phường Nghĩa Đô, Hà Nội","Bắc Từ Liêm, Hà Nội"
"Đường Cửu Việt, Xã Gia Lâm, Hà Nội","Gia Lâm, Hà Nội"
"165 Phố Chợ Khâm Thiên, Phường Văn Miếu - Quốc Tử Giám, Hà Nội","Đống Đa, Hà Nội"
"706. CT2 Vĩnh Hoàng, Phường Tương Mai, Hà Nội","Hoàng Mai, Hà Nội"
"238 Đường Hoàng Quốc Việt, Phường Nghĩa Đô, Hà Nội","Bắc Từ Liêm, Hà Nội"
"809 Đường Giải Phóng, Phường Văn Miếu - Quốc Tử Giám, Hà Nội","Đống Đa, Hà Nội"
"19 Đường Ái Mộ, Phường Long Biên, Hà Nội","Long Biên, Hà Nội"
"Ngõ 134 Đường Cầu Diễn, Phường Tây Tựu, Hà Nội","Bắc Từ Liêm, Hà Nội"
"SN 22, ngách 12, ngõ 129 Đường Nguyễn Trãi, Phường Thanh Xuân, Hà Nội","Thanh Xuân, Hà Nội"
"392 Đường Bưởi, Phường Ngọc Hà, Hà Nội","Ba Đình, Hà Nội"
"Ngõ 74 Đường Kim Ngưu, Phường Bạch Mai, Hà Nội","Hai Bà Trưng, Hà Nội"
"Ngõ 81 Phố Trung Kính, Xã Trung Giã, Hà Nội","Cầu Giấy, Hà Nội"
"ngõ 1002 Đường Láng Thượng, Phường Láng, Hà Nội","Đống Đa, Hà Nội"
"Ngõ 87 Đường Yên Xá, Phường Thanh Liệt, Hà Nội","Thanh Trì, Hà Nội"
"A3,A4 Đường Nguyễn Cơ Thạch, Phường Từ Liêm, Hà Nội","Nam Từ Liêm, Hà Nội"
"Ngõ 358 Đường Bùi Xương Trạch, Phường Khương Đình, Hà Nội","Thanh Xuân, Hà Nội"
"2/52/2 Đường Ngọc Lâm, Phường Bồ Đề, Hà Nội","Long Biên, Hà Nội"
"Số 33, Ngõ 467 Phạm Văn Đồng Đường Phạm Văn Đồng, Phường Nghĩa Đô, Hà Nội","Bắc Từ Liêm, Hà Nội"
"15 Ngõ 41 Văn Trì 3 Đường Phú Minh, Phường Tây Tựu, Hà Nội","Bắc Từ Liêm, Hà Nội"
"23 Phố Đình Thôn, Phường Từ Liêm, Hà Nội","Nam Từ Liêm, Hà Nội"
"ngõ 68 Đường Tân Triều, Phường Thanh Liệt, Hà Nội","Thanh Trì, Hà Nội"
"91/40 Đường Nguyễn Chí Thanh, Phường Láng, Hà Nội","Đống Đa, Hà Nội"
"Ngõ 353 Đường Bát Khối, Phường Long Biên, Hà Nội","Long Biên, Hà Nội"
"B5 Phố Nghĩa Tân, Phường Nghĩa Đô, Hà Nội","Cầu Giấy, Hà Nội"
"Ngõ Cầu Bươu Đường Cầu Bươu, Xã Đại Thanh, Hà Nội","Thanh Trì, Hà Nội"
"155, Phường Xuân Phương, Hà Nội","Nam Từ Liêm, Hà Nội"
"Ngõ 205 Đường Xuân Đỉnh, Phường Xuân Đỉnh, Hà Nội","Bắc Từ Liêm, Hà Nội"
"Ngõ 78 Đường Trường Chinh, Phường Kim Liên, Hà Nội","Đống Đa, Hà Nội"
"3, ngách 112/29 Đường Mễ Trì Thượng, Phường Từ Liêm, Hà Nội","Nam Từ Liêm, Hà Nội"
"28 Đường Đại Linh, Phường Đại Mỗ, Hà Nội","Nam Từ Liêm, Hà Nội"
"63 Đường Lê Đức Thọ, Phường Từ Liêm, Hà Nội","Nam Từ Liêm, Hà Nội"
"68 Đường Kim Giang, Phường Khương Đình, Hà Nội","Thanh Xuân, Hà Nội"
"134 Đường Nguyễn An Ninh, Phường Thượng Cát, Hà Nội","Hoàng Mai, Hà Nội"
"126 ngõ 14 Đường Mễ Trì Hạ, Phường Từ Liêm, Hà Nội","Nam Từ Liêm, Hà Nội"
"12, ngách 8/172, tổ1 Đường Lê Quang Đạo, Phường Từ Liêm, Hà Nội","Nam Từ Liêm, Hà Nội"
"40d Phố Hòa Mã, Phường Hai Bà Trưng, Hà Nội","Hai Bà Trưng, Hà Nội"
"99 Đường Láng, Phường Kim Liên, Hà Nội","Đống Đa, Hà Nội"
"145 Phố Quan Nhân, Phường Thanh Xuân, Hà Nội","Thanh Xuân, Hà Nội"
"Nhà 34 ngõ 622 Đường Lạc Long Quân, Phường Tây Hồ, Hà Nội","Tây Hồ, Hà Nội"
"Phố Trần Quốc Hoàn, Phường Cầu Giấy, Hà Nội","Cầu Giấy, Hà Nội"
"256 Đường Thanh Bình, Phường Hà Đông, Hà Nội","Hà Đông, Hà Nội"
"26 ngõ 79 Đường Cầu Giấy, Phường Cầu Giấy, Hà Nội","Cầu Giấy, Hà Nội"
"Tsq Đường Nguyễn Văn Lộc, Phường Hà Đông, Hà Nội","Hà Đông, Hà Nội"
"Phường Dương Nội, Hà Nội","Hà Đông, Hà Nội"
"14a ngách 5/72 Đường Hoàng Quốc Việt, Phường Nghĩa Đô, Hà Nội","Cầu Giấy, Hà Nội"
"178 Phố Thái Hà, Phường Láng, Hà Nội","Đống Đa, Hà Nội"
"39 Đường Lê Văn Lương, Phường Thanh Xuân, Hà Nội","Thanh Xuân, Hà Nội"
"175 Đường Lạc Long Quân, Phường Tây Hồ, Hà Nội","Tây Hồ, Hà Nội"
"47 Phố Trần Đại Nghĩa, Phường Bạch Mai, Hà Nội","Hai Bà Trưng, Hà Nội"
"138 Đường Tân Triều, Phường Thanh Liệt, Hà Nội","Thanh Trì, Hà Nội"
"29 Đường Khuất Duy Tiến, Phường Thanh Xuân, Hà Nội","Thanh Xuân, Hà Nội"
"15/439 Đường Nguyễn Khang, Phường Cầu Giấy, Hà Nội","Cầu Giấy, Hà Nội"
"Số 15 ngõ 459 Phố Bạch Mai, Xã Phù Đổng, Hà Nội","Hai Bà Trưng, Hà Nội"
"63/167A/1 Đường Lê Đức Thọ, Xã Lạc Phượng, Hà Nội","Nam Từ Liêm, Hà Nội"
"60 Đường Văn Hội, Phường Đông Ngạc, Hà Nội","Bắc Từ Liêm, Hà Nội"
"14/128 Đường Thanh Nhàn, Phường Bạch Mai, Hà Nội","Hai Bà Trưng, Hà Nội"
"413 Đường Hoàng Quốc Việt, Phường Nghĩa Đô, Hà Nội","Cầu Giấy, Hà Nội"
"16 Đường Trần Đăng Ninh, Phường Hà Đông, Hà Nội","Hà Đông, Hà Nội"
"286 Đường Nguyễn Xiển, Phường Thanh Liệt, Hà Nội","Thanh Trì, Hà Nội"
"19 đường An Thành 2, Phường Hồng Hà, Hà Nội","Tây Hồ, Hà Nội"
"57 Đường Chùa Tổng, Xã An Khánh, Hà Nội","Hoài Đức, Hà Nội"
"Số nhà 12A ngõ 333/40 Xuân Đỉnh, Phường Xuân Đỉnh, Hà Nội","Bắc Từ Liêm, Hà Nội"
"17A Đường Yên Xá, Phường Thanh Liệt, Hà Nội","Thanh Trì, Hà Nội"
"34 Đường Thanh Lân, Phường Vĩnh Hưng, Hà Nội","Hoàng Mai, Hà Nội"
"số nhà 17 ngách 322/22/28 Đường Mỹ Đình, Phường Từ Liêm, Hà Nội","Nam Từ Liêm, Hà Nội"
"191 Đường Âu Cơ, Phường Tây Hồ, Hà Nội","Tây Hồ, Hà Nội"
"Ngo 90 Phố Láng Hạ, Phường Láng, Hà Nội","Đống Đa, Hà Nội"
"24 Đường Kim Đồng, Phường Tương Mai, Hà Nội","Hoàng Mai, Hà Nội"
"28 Đường Miếu Đầm, Phường Từ Liêm, Hà Nội","Nam Từ Liêm, Hà Nội"
"994 Đường Láng, Phường Láng, Hà Nội","Đống Đa, Hà Nội"
"235 Đường Yên Hòa, Phường Cầu Giấy, Hà Nội","Cầu Giấy, Hà Nội"
"Chung cư CT36 Đường Nguyễn Cảnh Dị, Phường Định Công, Hà Nội","Hoàng Mai, Hà Nội"
"209 Đường Định Công, Phường Định Công, Hà Nội","Hoàng Mai, Hà Nội"
"206 Đường Trương Định, Xã Phù Đổng, Hà Nội","Hai Bà Trưng, Hà Nội"
"2 ngõ 17 Phố Chính Kinh, Phường Thanh Xuân, Hà Nội","Thanh Xuân, Hà Nội"
"239 Đường Lĩnh Nam, Xã Bát Tràng, Hà Nội","Hoàng Mai, Hà Nội"
"44 khu B tập thể học viện cảnh sát Đường Phạm Văn Nghị, Phường Đông Ngạc, Hà Nội","Bắc Từ Liêm, Hà Nội"
"51 Đường Vân Trì, Phường Tây Tựu, Hà Nội","Bắc Từ Liêm, Hà Nội"
"Ngõ 51 Đường Vân Trì, Phường Tây Tựu, Hà Nội","Bắc Từ Liêm, Hà Nội"
"Ngõ 210 Đường Hoàng Quốc Việt, Phường Nghĩa Đô, Hà Nội","Cầu Giấy, Hà Nội"
"2 Đường Nguyễn Văn Lộc, Phường Hà Đông, Hà Nội","Hà Đông, Hà Nội"
"4/128 Đường Mễ Trì Hạ, Phường Từ Liêm, Hà Nội","Nam Từ Liêm, Hà Nội"
"232 Phố Trung Kính, Phường Cầu Giấy, Hà Nội","Cầu Giấy, Hà Nội"
"38/118 Đường Nguyễn Khánh Toàn, Phường Nghĩa Đô, Hà Nội","Cầu Giấy, Hà Nội"
"A19 mỹ đình 1 Đường Nguyễn Cơ Thạch, Hà Nội","Nam Từ Liêm, Hà Nội"
"622 Đường Lạc Long Quân, Phường Hồng Hà, Hà Nội","Tây Hồ, Hà Nội"
"Số 15D ngõ 163 Đường An Dương Vương, Phường Phú Thượng, Hà Nội","Tây Hồ, Hà Nội"
"15B, Ngõ 12 Đường Xuân La, Phường Tây Hồ, Hà Nội","Tây Hồ, Hà Nội"
"147 Đường Triều Khúc, Phường Thanh Xuân, Hà Nội","Thanh Xuân, Hà Nội"
"30 Đường Tứ Liên, Phường Hồng Hà, Hà Nội","Tây Hồ, Hà Nội"
"99 Đường Nguyễn Khang, Phường Cầu Giấy, Hà Nội","Cầu Giấy, Hà Nội"
"37 Phố Trần Quốc Hoàn, Phường Cầu Giấy, Hà Nội","Cầu Giấy, Hà Nội"
"133 Đường Xuân Thủy, Phường Cầu Giấy, Hà Nội","Cầu Giấy, Hà Nội"
"54 Đường Nguyễn Chí Thanh, Phường Láng, Hà Nội","Đống Đa, Hà Nội"
"185 Đường Thịnh Liệt, Phường Hoàng Mai, Hà Nội","Hoàng Mai, Hà Nội"
"32 ngõ 52 Phố Quan Nhân, Xã Trung Giã, Hà Nội","Cầu Giấy, Hà Nội"
"Số 38 Ngõ 444 đường Thụy Khuê đường Thụy Khuê, Phường Tây Hồ, Hà Nội","Tây Hồ, Hà Nội"
"Số 4 Ngách 90 Ngõ 445 Đường Nguyễn Khang, Phường Cầu Giấy, Hà Nội","Cầu Giấy, Hà Nội"
"230 Đường Mễ Trì Thượng, Phường Từ Liêm, Hà Nội","Nam Từ Liêm, Hà Nội"
"18 ngõ 63 Đường Xuân Thủy, Phường Cầu Giấy, Hà Nội","Cầu Giấy, Hà Nội"
"Số 15 Ngõ Trung Tả Phố Khâm Thiên, Phường Văn Miếu - Quốc Tử Giám, Hà Nội","Đống Đa, Hà Nội"
"Đường Hồ Đắc Di, Phường Đống Đa, Hà Nội","Đống Đa, Hà Nội"
"41 ngõ 7 Đường Giang Văn Minh, Phường Giảng Võ, Hà Nội","Ba Đình, Hà Nội"
"2 Đường Đức Thắng, Phường Đông Ngạc, Hà Nội","Bắc Từ Liêm, Hà Nội"
"Ngõ 398, Số nhà 02 Đường Hồ Tùng Mậu, Phường Phú Diễn, Hà Nội","Bắc Từ Liêm, Hà Nội"
"số 1 ngách 421/33 ngõ 421 Đường Xuân Đỉnh, Phường Xuân Đỉnh, Hà Nội","Bắc Từ Liêm, Hà Nội"
"11 Ngách 46 Đường số 19/5, Phường Hà Đông, Hà Nội","Hà Đông, Hà Nội"
"181 Đường Yên Xá, Phường Thanh Liệt, Hà Nội","Thanh Trì, Hà Nội"
"148 Đường Sông Nhuệ, Phường Đông Ngạc, Hà Nội","Bắc Từ Liêm, Hà Nội"
"1295 Đường Giải Phóng, Phường Hoàng Liệt, Hà Nội","Hoàng Mai, Hà Nội"
"112 Đường Nguyễn Khuyến, Phường Hà Đông, Hà Nội","Hà Đông, Hà Nội"
"229 Đường Trích Sài, Phường Tây Hồ, Hà Nội","Tây Hồ, Hà Nội"
"10 Phố Trần Đại Nghĩa, Phường Bạch Mai, Hà Nội","Hai Bà Trưng, Hà Nội"
"221 Phố Kim Mã, Phường Giảng Võ, Hà Nội","Ba Đình, Hà Nội"
"109A, ngõ 14 Đường Tố Hữu, Phường Đại Mỗ, Hà Nội","Nam Từ Liêm, Hà Nội"
"14 Đường Quần Ngựa, Phường Ngọc Hà, Hà Nội","Ba Đình, Hà Nội"
"Ngõ 108 Đường Ngọc Hà, Phường Ba Đình, Hà Nội","Ba Đình, Hà Nội"
"300 Đường Nguyễn Xiển, Phường Khương Đình, Hà Nội","Thanh Xuân, Hà Nội"
"113 Phố Chợ Khâm Thiên, Phường Văn Miếu - Quốc Tử Giám, Hà Nội","Đống Đa, Hà Nội"
"46A Đường Phạm Ngọc Thạch, Phường Kim Liên, Hà Nội","Đống Đa, Hà Nội"
"195 Đường Định Công Thượng, Phường Định Công, Hà Nội","Hoàng Mai, Hà Nội"
"238 Đường Hoàng Quốc Việt, Hà Nội","Nam Từ Liêm, Hà Nội"
"104, khu tập thể B3 Đường Tô Hiệu, Phường Nghĩa Đô, Hà Nội","Cầu Giấy, Hà Nội"
"8 ngõ 1 Phố Chu Huy Mân, Phường Phúc Lợi, Hà Nội","Long Biên, Hà Nội"
"8 ngõ 402 Đường Ngô Gia Tự, Phường Việt Hưng, Hà Nội","Long Biên, Hà Nội"
"Đường số 1A, Xã Thanh Trì, Hà Nội","Thanh Trì, Hà Nội"
"3, ngách 189/98 Phố Nguyễn Ngọc Vũ, Xã Trung Giã, Hà Nội","Cầu Giấy, Hà Nội"
"Đường Nguyễn Lương Bằng, Phường Ô Chợ Dừa, Hà Nội","Đống Đa, Hà Nội"
"29C, ngõ 79 Đường Cầu Giấy, Phường Nghĩa Đô, Hà Nội","Cầu Giấy, Hà Nội"
"Ngõ 143 Đường Chiến Thắng, Phường Hà Đông, Hà Nội","Hà Đông, Hà Nội"
"140/30/14 Đường Đông Thiên, Phường Vĩnh Hưng, Hà Nội","Hoàng Mai, Hà Nội"
"5 ngõ 467 Đường Hoàng Hoa Thám, Phường Ngọc Hà, Hà Nội","Ba Đình, Hà Nội"
"2 Phố Xã Đàn, Phường Kim Liên, Hà Nội","Đống Đa, Hà Nội"
"37 ngõ 66B Đường Triều Khúc, Phường Thanh Xuân, Hà Nội","Thanh Xuân, Hà Nội"
"5 ngách 50 ngõ 322 Đường Mỹ Đình, Phường Từ Liêm, Hà Nội","Nam Từ Liêm, Hà Nội"
"35, hẻm 5, ngách 97, ngõ 219 Đường Định Công Thượng, Phường Định Công, Hà Nội","Hoàng Mai, Hà Nội"
"401 xuân đỉnh Đường Xuân Đỉnh, Phường Xuân Đỉnh, Hà Nội","Bắc Từ Liêm, Hà Nội"
"90/78/16 Đường Gia Quất, Phường Xuân Đỉnh, Hà Nội","Long Biên, Hà Nội"
"11 ngõ 180/17/6 Đường Tây Mỗ, Phường Tây Mỗ, Hà Nội","Nam Từ Liêm, Hà Nội"
"đường An Dương, Phường Hồng Hà, Hà Nội","Tây Hồ, Hà Nội"
"1 ngõ 766 Đường La Thành, Phường Giảng Võ, Hà Nội","Ba Đình, Hà Nội"
"5 Đường Trần Thái Tông, Phường Cầu Giấy, Hà Nội","Cầu Giấy, Hà Nội"
"149 Phố Khương Thượng, Phường Kim Liên, Hà Nội","Đống Đa, Hà Nội"
"163 Đường Phạm Văn Đồng, Phường Phú Diễn, Hà Nội","Cầu Giấy, Hà Nội"
"402 Phố Bạch Mai, Phường Bạch Mai, Hà Nội","Hai Bà Trưng, Hà Nội"
"165 Phố Xã Đàn, Phường Đống Đa, Hà Nội","Đống Đa, Hà Nội"
"2 Đường Quang Trung, Hà Nội","Hà Đông, Hà Nội"
"91 Phố Chùa Láng, Phường Láng, Hà Nội","Đống Đa, Hà Nội"
"158 Phố Mai Dịch, Phường Phú Diễn, Hà Nội","Cầu Giấy, Hà Nội"
"35 Đường Cát Linh, Phường Ô Chợ Dừa, Hà Nội","Đống Đa, Hà Nội"
"Ngõ 68 Đường Xuân Thủy, Phường Cầu Giấy, Hà Nội","Cầu Giấy, Hà Nội"
"206 Đường Thịnh Quang, Phường Đống Đa, Hà Nội","Đống Đa, Hà Nội"
"52 Phố Phố Vọng, Phường Bạch Mai, Hà Nội","Hai Bà Trưng, Hà Nội"
"426 Đường Láng, Phường Láng, Hà Nội","Đống Đa, Hà Nội"
"97 Đường Trần Phú, Phường Hà Đông, Hà Nội","Hà Đông, Hà Nội"
"470 Đường Nguyễn Trãi, Phường Thanh Xuân, Hà Nội","Thanh Xuân, Hà Nội"
"219 Phố Nguyễn Ngọc Vũ, Xã Trung Giã, Hà Nội","Cầu Giấy, Hà Nội"
"112 Đường Tố Hữu, Phường Hà Đông, Hà Nội","Hà Đông, Hà Nội"
"63 Đường Khương Trung, Phường Khương Đình, Hà Nội","Thanh Xuân, Hà Nội"
"51A ngõ 85 Xuân Thủy Đường Cầu Giấy, Phường Cầu Giấy, Hà Nội","Cầu Giấy, Hà Nội"
"35 Đường Quan Hoa, Phường Nghĩa Đô, Hà Nội","Cầu Giấy, Hà Nội"
"6 ngõ 9/49/165 Đường Dương Quảng Hàm, Phường Nghĩa Đô, Hà Nội","Cầu Giấy, Hà Nội"
"Đường Hoàng Mai, Phường Vĩnh Hưng, Hà Nội","Hoàng Mai, Hà Nội"
"Ngách 25 ngõ Thổ Quan Phố Khâm Thiên, Phường Văn Miếu - Quốc Tử Giám, Hà Nội","Đống Đa, Hà Nội"
"Ngõ 220 Đường Định Công Thượng, Phường Định Công, Hà Nội","Hoàng Mai, Hà Nội"
"22 ngo 575 Đường Hoàng Hoa Thám, Phường Ngọc Hà, Hà Nội","Ba Đình, Hà Nội"
"Đường Trung Văn, Phường Đại Mỗ, Hà Nội","Nam Từ Liêm, Hà Nội"
"34 Phố Hoàng Cầu, Phường Ô Chợ Dừa, Hà Nội","Đống Đa, Hà Nội"
"99 Phố Trung Kính, Xã Trung Giã, Hà Nội","Cầu Giấy, Hà Nội"
"80 Đường Trần Duy Hưng, Xã Trung Giã, Hà Nội","Cầu Giấy, Hà Nội"
"590 Đường Nguyễn Văn Cừ, Phường Đông Ngạc, Hà Nội","Long Biên, Hà Nội"
"Đường Thanh Liệt, Phường Thanh Liệt, Hà Nội","Thanh Trì, Hà Nội"
"Số 8 ngõ 119lê thanh nghị Phố Lê Thanh Nghị, Phường Bạch Mai, Hà Nội","Hai Bà Trưng, Hà Nội"
"Ngõ 401 Đường Cổ Nhuế, Phường Đông Ngạc, Hà Nội","Bắc Từ Liêm, Hà Nội"
"ngõ 420/24/7 Đường Khương Đình, Phường Khương Đình, Hà Nội","Thanh Xuân, Hà Nội"
"ngõ 148 Đường Trần Duy Hưng, Xã Trung Giã, Hà Nội","Cầu Giấy, Hà Nội"
"176 Đường Nguyễn Đình Hoàn, Phường Nghĩa Đô, Hà Nội","Cầu Giấy, Hà Nội"
"9, Ngõ 40/60 Phố Tạ Quang Bửu, Phường Bạch Mai, Hà Nội","Hai Bà Trưng, Hà Nội"
"số 6 ngõ 1 Đường Yên Lộ, Phường Yên Nghĩa, Hà Nội","Hà Đông, Hà Nội"
"f361 đường An Dương, Phường Hồng Hà, Hà Nội","Tây Hồ, Hà Nội"
"3 Đường Phương Canh, Phường Xuân Phương, Hà Nội","Nam Từ Liêm, Hà Nội"
"Đường Lai Xá, Xã Thuận An, Hà Nội","Hoài Đức, Hà Nội"
"16 ngõ 143 Đường Chiến Thắng, Phường Thanh Liệt, Hà Nội","Thanh Trì, Hà Nội"
"45B ngõ 22 Dương Lâm Đường Dương Lâm, Phường Hà Đông, Hà Nội","Hà Đông, Hà Nội"
"10 ngõ 72 Đường Miếu Đầm, Phường Từ Liêm, Hà Nội","Nam Từ Liêm, Hà Nội"
"247/211 Đường Khương Trung, Phường Khương Đình, Hà Nội","Thanh Xuân, Hà Nội"
"Đường Tân Mai, Phường Tương Mai, Hà Nội","Hoàng Mai, Hà Nội"
"34 Ngõ 210A Đường Võ Chí Công, Phường Tây Hồ, Hà Nội","Tây Hồ, Hà Nội"
"6A Đường Phạm Văn Nghị, Phường Đông Ngạc, Hà Nội","Bắc Từ Liêm, Hà Nội"
"6/79/259 Đường Trần Kim Xuyến, Phường Cầu Giấy, Hà Nội","Cầu Giấy, Hà Nội"
"Ngõ 153/44 Đường Phú Đô, Phường Từ Liêm, Hà Nội","Nam Từ Liêm, Hà Nội"
"74 ngõ 127 Phố Hào Nam, Phường Ô Chợ Dừa, Hà Nội","Đống Đa, Hà Nội"
"Đường Nguyễn Khuyến, Phường Thanh Liệt, Hà Nội","Thanh Trì, Hà Nội"
"số nhà 23 Ngách 358/25 Đường Bùi Xương Trạch, Phường Khương Đình, Hà Nội","Thanh Xuân, Hà Nội"
"23 ngách 332/7/24 Đường Hoàng Công Chất, Phường Phú Diễn, Hà Nội","Bắc Từ Liêm, Hà Nội"
"1/28 ngõ 260 Đường Cầu Giấy, Phường Nghĩa Đô, Hà Nội","Cầu Giấy, Hà Nội"
"Đường Trần Phú, Hà Nội","Hà Đông, Hà Nội"
"Đường An Thắng, Phường Chương Mỹ, Hà Nội","Hà Đông, Hà Nội"
"Ngõ 60 Hậu Ái, Xã Sơn Đồng, Hà Nội","Hoài Đức, Hà Nội"
"Số 19, ngõ 49 Đường Lê Đức Thọ, Xã Lạc Phượng, Hà Nội","Nam Từ Liêm, Hà Nội"
"15B Ngõ 9 Đường Đặng Thai Mai, Phường Tây Hồ, Hà Nội","Tây Hồ, Hà Nội"
"5, ngách 29, ngõ 442 Đường Phạm Văn Đồng, Phường Đông Ngạc, Hà Nội","Bắc Từ Liêm, Hà Nội"
"19 ngõ 82 Đường Mễ Trì Hạ, Phường Từ Liêm, Hà Nội","Nam Từ Liêm, Hà Nội"
"19 Đường Mỹ Đình, Xã Lạc Phượng, Hà Nội","Nam Từ Liêm, Hà Nội"
"40 ngõ 61 Phố Phùng Chí Kiên, Phường Nghĩa Đô, Hà Nội","Cầu Giấy, Hà Nội"
"86 Phố An Trạch, Phường Văn Miếu - Quốc Tử Giám, Hà Nội","Đống Đa, Hà Nội"
"199 đường Thụy Khuê, Phường Tây Hồ, Hà Nội","Tây Hồ, Hà Nội"
"37 Đường Lâm Du, Phường Bồ Đề, Hà Nội","Long Biên, Hà Nội"
"7B 87/76 Đường Yên Xá, Phường Thanh Liệt, Hà Nội","Thanh Trì, Hà Nội"
"24/83 Đường Kim Đồng, Phường Tương Mai, Hà Nội","Hoàng Mai, Hà Nội"
"135 Đường Trần Hòa, Phường Định Công, Hà Nội","Hoàng Mai, Hà Nội"
"Ngõ 199/2 Đường Hồ Tùng Mậu, Hà Nội","Nam Từ Liêm, Hà Nội"
"69/139 Đường Hoa Lâm, Phường Việt Hưng, Hà Nội","Long Biên, Hà Nội"
"Số 09 Phố Khâm Thiên Phố Khâm Thiên, Phường Văn Miếu - Quốc Tử Giám, Hà Nội","Đống Đa, Hà Nội"
"20 Đường Hoàng Đạo Thành, Phường Khương Đình, Hà Nội","Thanh Xuân, Hà Nội"
"Đường Trưng Trắc, Phường Yên Nghĩa, Hà Nội","Hà Đông, Hà Nội"
"14 ngõ A8 Đường Lê Văn Lương, Phường Đại Mỗ, Hà Nội","Nam Từ Liêm, Hà Nội"
"số 47 ngõ 521 Đường Phạm Văn Đồng, Phường Nghĩa Đô, Hà Nội","Bắc Từ Liêm, Hà Nội"
"Phố Trịnh Văn Bô, Phường Xuân Phương, Hà Nội","Nam Từ Liêm, Hà Nội"
"Số 18 ngõ 279 Đường Nguyễn Quý Trị, Xã Gia Lâm, Hà Nội","Gia Lâm, Hà Nội"
"18 Đường Yên Hòa, Phường Cầu Giấy, Hà Nội","Cầu Giấy, Hà Nội"
"320 Đường Khương Đình, Phường Khương Đình, Hà Nội","Thanh Xuân, Hà Nội"
"63 ngõ 85/42 Phố Hạ Đình, Phường Thanh Xuân, Hà Nội","Thanh Xuân, Hà Nội"
"Phố Xốm, Hà Nội","Hà Đông, Hà Nội"
"Số 5 ngõ 858 Đường Kim Giang, Hà Nội","Thanh Trì, Hà Nội"
"ngõ 68 Đường Cầu Giấy, Phường Cầu Giấy, Hà Nội","Cầu Giấy, Hà Nội"
"Số 1, ngõ 106, Phố Trịnh Đình Cửu, Phường Định Công, Hà Nội","Hoàng Mai, Hà Nội"
"7b Ngõ 31 Đường Vĩnh Phúc, Phường Ngọc Hà, Hà Nội","Ba Đình, Hà Nội"
"số 60 ngõ 68 Đường Cầu Giấy, Phường Nghĩa Đô, Hà Nội","Cầu Giấy, Hà Nội"
"123 Đường Hoàng Liệt, Phường Hoàng Liệt, Hà Nội","Hoàng Mai, Hà Nội"
"Ngõ 10 Đường Yên Phúc, Phường Hà Đông, Hà Nội","Hà Đông, Hà Nội"
"749 Đường Quang Trung, Hà Nội","Hà Đông, Hà Nội"
"Đường Tăng Thiết Giáp, Phường Đông Ngạc, Hà Nội","Bắc Từ Liêm, Hà Nội"
"330 Đường Quỳnh Lôi, Phường Bạch Mai, Hà Nội","Hai Bà Trưng, Hà Nội"
"Ngõ 97 Đường Văn Cao, Phường Ngọc Hà, Hà Nội","Ba Đình, Hà Nội"
"Đường Võ Văn Kiệt, Hà Nội","Mê Linh, Hà Nội"
"244 Đường số 422, Xã Hoài Đức, Hà Nội","Hoài Đức, Hà Nội"
"244 Đường Tỉnh Lộ 422B, Xã Hoài Đức, Hà Nội","Hoài Đức, Hà Nội"
"Số 02, Ngõ 398 Đường Hồ Tùng Mậu, Phường Từ Liêm, Hà Nội","Nam Từ Liêm, Hà Nội"
"Ngõ 9 Đường Tả Thanh Oai, Xã Đại Thanh, Hà Nội","Thanh Trì, Hà Nội"
"Số 19 Ngõ 86 Đường Phú Kiều, Phường Từ Liêm, Hà Nội","Nam Từ Liêm, Hà Nội"
"1/188 Đường Triều Khúc, Phường Thanh Liệt, Hà Nội","Thanh Trì, Hà Nội"
"số 44 khu B tập thể Học viện cảnh sát Đường Phạm Văn Nghị, Phường Đông Ngạc, Hà Nội","Bắc Từ Liêm, Hà Nội"
"Số 16A ngach 50 ngõ 255 Đường Cầu Giấy, Phường Cầu Giấy, Hà Nội","Cầu Giấy, Hà Nội"
"16/61 Phố Đỗ Xuân Hợp, Phường Từ Liêm, Hà Nội","Nam Từ Liêm, Hà Nội"
"Đường Hữu Lê, Xã Đại Thanh, Hà Nội","Thanh Trì, Hà Nội"
"Ngõ 281 Đường Trương Định, Phường Thượng Cát, Hà Nội","Hoàng Mai, Hà Nội"
"54 ngách 95/81 Đường Vũ Xuân Thiều, Phường Phúc Lợi, Hà Nội","Long Biên, Hà Nội"
"121 Đường Hoàng Mai, Phường Tương Mai, Hà Nội","Hoàng Mai, Hà Nội"
"101BP5 ngo 147B/81 Đường Tân Mai, Phường Hoàng Mai, Hà Nội","Hoàng Mai, Hà Nội"
"22 ngõ 575 Đường Hoàng Hoa Thám, Phường Ngọc Hà, Hà Nội","Ba Đình, Hà Nội"
"10/623 Đường Hoàng Hoa Thám, Phường Ngọc Hà, Hà Nội","Ba Đình, Hà Nội"
"Đường Hồng Hà, Phường Hồng Hà, Hà Nội","Ba Đình, Hà Nội"
"208 Đường Tam Trinh, Phường Yên Sở, Hà Nội","Hoàng Mai, Hà Nội"
"97 Đường Lai Xá, Xã Hoài Đức, Hà Nội","Hoài Đức, Hà Nội"
"Đường số 69, Phường Phú Diễn, Hà Nội","Bắc Từ Liêm, Hà Nội"
"123 Đường Yên Xá, Phường Thanh Liệt, Hà Nội","Thanh Trì, Hà Nội"
"Số 16 ngõ 176 Đội Cấn, Phường Ba Đình, Hà Nội","Ba Đình, Hà Nội"
"19C Ngõ 131 Đường Nguyễn Thị Định, Phường Thanh Xuân, Hà Nội","Thanh Xuân, Hà Nội"
"17A Ngõ 333 Phố Vọng Phố Phố Vọng, Phường Bạch Mai, Hà Nội","Hai Bà Trưng, Hà Nội"
"134a Đường Cầu Giấy, Phường Cầu Giấy, Hà Nội","Cầu Giấy, Hà Nội"
"12 ngõ 103 Đường Phạm Ngọc Thạch, Phường Văn Miếu - Quốc Tử Giám, Hà Nội","Đống Đa, Hà Nội"
"Ngõ 116 Đường Miếu Đầm, Phường Từ Liêm, Hà Nội","Nam Từ Liêm, Hà Nội"
"39 Đường An Dương Vương, Phường Phú Thượng, Hà Nội","Tây Hồ, Hà Nội"
"Số 8 ngách 37 ngõ 155 Đường Cầu Giấy, Phường Nghĩa Đô, Hà Nội","Cầu Giấy, Hà Nội"
"20/65 Đường Yên Lộ, Phường Yên Nghĩa, Hà Nội","Hà Đông, Hà Nội"
"12 ngõ 116 Đường Miếu Đầm, Phường Từ Liêm, Hà Nội","Nam Từ Liêm, Hà Nội"
"27 ngõ 6 Đường Đội Nhân, Phường Ngọc Hà, Hà Nội","Ba Đình, Hà Nội"
"Ngách 144 Ngõ 22 Đường Tôn Thất Tùng, Phường Kim Liên, Hà Nội","Đống Đa, Hà Nội"
"69 Đường Hoàng Văn Thái, Phường Phương Liệt, Hà Nội","Thanh Xuân, Hà Nội"
"17D ngõ 27 đường Võng Thị, Phường Tây Hồ, Hà Nội","Tây Hồ, Hà Nội"
"8 Đường Đại Lộ Thăng Long, Phường Từ Liêm, Hà Nội","Nam Từ Liêm, Hà Nội"
"Số 46 Ngõ 230 Đường Mễ Trì Thượng, Phường Từ Liêm, Hà Nội","Nam Từ Liêm, Hà Nội"
"29 ngõ 90 Đường Hoàng Như Tiếp, Phường Bồ Đề, Hà Nội","Long Biên, Hà Nội"
"Số 7, ngách 29/16 Đường Thành Thái, Phường Cầu Giấy, Hà Nội","Cầu Giấy, Hà Nội"
"37 Đường Lê Đức Thọ, Xã Lạc Phượng, Hà Nội","Nam Từ Liêm, Hà Nội"
"119 Đường Âu Cơ, Phường Hồng Hà, Hà Nội","Tây Hồ, Hà Nội"
"205 Đường Phú Diễn, Phường Phú Diễn, Hà Nội","Bắc Từ Liêm, Hà Nội"
"Số 19 Ngõ 406/14 Đường Hồ Tùng Mậu, Phường Phú Diễn, Hà Nội","Bắc Từ Liêm, Hà Nội"
"128 Đường Gốc Đề, Phường Tương Mai, Hà Nội","Hoàng Mai, Hà Nội"
"124 Đường Gốc Đề, Phường Tương Mai, Hà Nội","Hoàng Mai, Hà Nội"
"87 Đường Hoà Bình 7, Phường Bạch Mai, Hà Nội","Hai Bà Trưng, Hà Nội"
"29 ngõ 18 Đường Thanh Bình, Phường Hà Đông, Hà Nội","Hà Đông, Hà Nội"
"9, ngách 121/62 Đường Tây Mỗ, Hà Nội","Nam Từ Liêm, Hà Nội"
"7 Đường Vân Trì, Xã Phúc Thịnh, Hà Nội","Đông Anh, Hà Nội"
"72 Đường Nguyễn Phong Sắc, Phường Cầu Giấy, Hà Nội","Cầu Giấy, Hà Nội"
"Ngõ 69 Đường Hoàng Văn Thái, Phường Phương Liệt, Hà Nội","Thanh Xuân, Hà Nội"
"19/52/25 Đường Mỹ Đình, Xã Lạc Phượng, Hà Nội","Nam Từ Liêm, Hà Nội"
"Nhà 35B Đường Nguyễn Ngọc Nại, Phường Phương Liệt, Hà Nội","Thanh Xuân, Hà Nội"
"10, ngõ 79/11 Đường Cầu Giấy, Phường Nghĩa Đô, Hà Nội","Cầu Giấy, Hà Nội"
"Đường Phú Lương, Phường Kiến Hưng, Hà Nội","Hà Đông, Hà Nội"
"8 ngách 87/28 Đường Yên Xá, Phường Thanh Liệt, Hà Nội","Thanh Trì, Hà Nội"
"Số 12 dãy B3 cuối ngõ 92 Đường Trần Phú, Phường Hà Đông, Hà Nội","Hà Đông, Hà Nội"
"Đường Yên Nghĩa, Phường Yên Nghĩa, Hà Nội","Hà Đông, Hà Nội"
"Ngõ 15 Đường K800A, Phường Nghĩa Đô, Hà Nội","Cầu Giấy, Hà Nội"
"số 01, ngõ 221 định công Đường Định Công, Phường Định Công, Hà Nội","Hoàng Mai, Hà Nội"
"Ngõ 394 Đường Mỹ Đình, Phường Từ Liêm, Hà Nội","Nam Từ Liêm, Hà Nội"
"Số 16 ngõ 281/5 đường Trương Định, Hà Nội. Đường Trương Định, Xã Phù Đổng, Hà Nội","Hai Bà Trưng, Hà Nội"
"503 nhà A, 131 Đường Thanh Nhàn, Phường Bạch Mai, Hà Nội","Hai Bà Trưng, Hà Nội"
"18 Đường Tôn Thất Tùng, Phường Kim Liên, Hà Nội","Đống Đa, Hà Nội"
"77 Đường Bùi Xương Trạch, Phường Khương Đình, Hà Nội","Thanh Xuân, Hà Nội"
"55/58 Đường Thanh Bình, Phường Hà Đông, Hà Nội","Hà Đông, Hà Nội"
"20 Đường Ngọc Chi, Xã Vĩnh Thanh, Hà Nội","Đông Anh, Hà Nội"
"29b ngách 91 ngõ 185 Phố Chùa Láng, Phường Láng, Hà Nội","Đống Đa, Hà Nội"
"Ngách 80 Đường Xuân Phương, Phường Xuân Phương, Hà Nội","Nam Từ Liêm, Hà Nội"
"B7 Đường Trần Nguyên Đán, Phường Định Công, Hà Nội","Hoàng Mai, Hà Nội"
"17 /27 Phố Bạch Mai, Phường Bạch Mai, Hà Nội","Hai Bà Trưng, Hà Nội"
"27 ngõ 154 Phố Đình Thôn, Phường Từ Liêm, Hà Nội","Nam Từ Liêm, Hà Nội"
"48 Ngõ 92 Đường Đào Tấn, Phường Ngọc Hà, Hà Nội","Ba Đình, Hà Nội"
"Đường Cầu Bươu, Hà Nội","Thanh Trì, Hà Nội"
"Đường Kiến Hưng, Phường Kiến Hưng, Hà Nội","Hà Đông, Hà Nội"
"Nguyễn Văn Tuyết, Phường Đống Đa, Hà Nội","Đống Đa, Hà Nội"
"Đường Yên Lãng, Phường Láng, Hà Nội","Đống Đa, Hà Nội"
"31 ngõ 6B Đường Thành Công, Phường Giảng Võ, Hà Nội","Ba Đình, Hà Nội"
"1 ngõ 10 Đường Nguyễn Văn Huyên, Phường Cầu Giấy, Hà Nội","Cầu Giấy, Hà Nội"
"51A ngõ 85 Đường Xuân Thủy, Phường Cầu Giấy, Hà Nội","Cầu Giấy, Hà Nội"
"9a2 Ngõ 120 Đường Kim Giang, Phường Vĩnh Hưng, Hà Nội","Hoàng Mai, Hà Nội"
"Phố Nguyễn Trác, Phường Yên Nghĩa, Hà Nội","Hà Đông, Hà Nội"
"Số 41 ngõ 45 Đường Phan Đình Phùng, Phường Ba Đình, Hà Nội","Ba Đình, Hà Nội"
"Số 40 ngõ 317 Đường Tây Sơn, Phường Kim Liên, Hà Nội","Đống Đa, Hà Nội"
"10 ngõ 2 Đường Nguyễn Công Trứ, Phường Hà Đông, Hà Nội","Hà Đông, Hà Nội"
"Ngõ 164 ngách 164/14 số nhà 5 Đường Đê La Thành, Phường Ô Chợ Dừa, Hà Nội","Đống Đa, Hà Nội"
"31C Đường Phố Viên, Phường Đông Ngạc, Hà Nội","Bắc Từ Liêm, Hà Nội"
"Đường Giải Phóng, Phường Hoàng Liệt, Hà Nội","Hoàng Mai, Hà Nội"
"19/266 thụy phương, Phường Đông Ngạc, Hà Nội","Bắc Từ Liêm, Hà Nội"
"12/22/326 Đường Sông Nhuệ, Phường Đông Ngạc, Hà Nội","Bắc Từ Liêm, Hà Nội"
"Nhà số 6, ngách 24, ngõ 68 Đường Ỷ Lan, Hà Nội","Gia Lâm, Hà Nội"
"8/102 Đường Kim Ngưu, Phường Bạch Mai, Hà Nội","Hai Bà Trưng, Hà Nội"
"164/38 Đường Vương Thừa Vũ, Phường Khương Đình, Hà Nội","Thanh Xuân, Hà Nội"
"91 ngõ 28 Tứ Liên Đường Tứ Liên, Phường Hồng Hà, Hà Nội","Tây Hồ, Hà Nội"
"203 Đường Kim Ngưu, Phường Vĩnh Tuy, Hà Nội","Hai Bà Trưng, Hà Nội"
"số 31 ngõ 136 Phố Trung Liệt, Phường Đống Đa, Hà Nội","Đống Đa, Hà Nội"
"67 ngõ 100 Đường Nguyễn Xiển, Phường Thanh Xuân, Hà Nội","Thanh Xuân, Hà Nội"
"Đường Nguyễn Đổng Chi, Phường Từ Liêm, Hà Nội","Nam Từ Liêm, Hà Nội"
"51 Ngõ 143 Đường Hòe Thị, Phường Xuân Phương, Hà Nội","Nam Từ Liêm, Hà Nội"
"Đường Văn Tiến Dũng, Phường Tây Tựu, Hà Nội","Bắc Từ Liêm, Hà Nội"
"Ngõ 78 Đường Hoàng Như Tiếp, Phường Bồ Đề, Hà Nội","Long Biên, Hà Nội"
"19B ngách 15 ngõ 235 Yên Hòa Đường Yên Hòa, Phường Cầu Giấy, Hà Nội","Cầu Giấy, Hà Nội"
"136 tân triều, Phường Thanh Liệt, Hà Nội","Thanh Trì, Hà Nội"
"số 40a, ngõ 261 Đường Phúc Diễn, Phường Phú Diễn, Hà Nội","Bắc Từ Liêm, Hà Nội"
"486 Đường Xuân Đỉnh, Phường Xuân Đỉnh, Hà Nội","Bắc Từ Liêm, Hà Nội"
"200 Đường Nguyễn Lân, Phường Phương Liệt, Hà Nội","Thanh Xuân, Hà Nội"
"tòa nhà genz số 10 ngõ 75 đường Tân Triều cũ Đường Tân Triều, Phường Thanh Liệt, Hà Nội","Thanh Trì, Hà Nội"
"118/750 Đường Kim Giang, Hà Nội","Thanh Trì, Hà Nội"
"12 Đường Thanh Bình, Phường Hà Đông, Hà Nội","Hà Đông, Hà Nội"
"167 Đường Yên Xá, Phường Thanh Liệt, Hà Nội","Thanh Trì, Hà Nội"
"81/10 Đường Yên Xá, Phường Thanh Liệt, Hà Nội","Thanh Trì, Hà Nội"
"Số nhà 47A, ngõ 385 Đường Lương Thế Vinh, Phường Thanh Xuân, Hà Nội","Thanh Xuân, Hà Nội"
"Đường Hà Trì, Hà Nội","Hà Đông, Hà Nội"
"ngách 201 ngõ 179 vĩnh hưng Đường Vĩnh Hưng, Phường Vĩnh Hưng, Hà Nội","Hoàng Mai, Hà Nội"
"11 Đường Láng, Phường Láng, Hà Nội","Đống Đa, Hà Nội"
"32 Đường Đỗ Đức Dục, Phường Từ Liêm, Hà Nội","Nam Từ Liêm, Hà Nội"
"123 Đường Tây Sơn, Phường Đống Đa, Hà Nội","Đống Đa, Hà Nội"
"124 Phố Mai Dịch, Phường Phú Diễn, Hà Nội","Cầu Giấy, Hà Nội"
"Số 24 Ngõ 203 Đường Trường Chinh, Phường Phương Liệt, Hà Nội","Thanh Xuân, Hà Nội"
"Số nhà 25, ngõ 134 Đường Cầu Diễn, Phường Tây Tựu, Hà Nội","Bắc Từ Liêm, Hà Nội"
"ngõ 100 Đường Nguyễn Xiển, Phường Khương Đình, Hà Nội","Thanh Xuân, Hà Nội"
"28B3 ngõ 217 Phố Mai Dịch, Phường Phú Diễn, Hà Nội","Cầu Giấy, Hà Nội"
"Số 1064 Đường Nguyễn Khoái, Phường Vĩnh Hưng, Hà Nội","Hoàng Mai, Hà Nội"
"89 ngõ 55 Đường Hoàng Hoa Thám, Phường Ba Đình, Hà Nội","Ba Đình, Hà Nội"
"26/140 Đường Vương Thừa Vũ, Phường Khương Đình, Hà Nội","Thanh Xuân, Hà Nội"
"258 Đường Giải Phóng, Phường Bạch Mai, Hà Nội","Hai Bà Trưng, Hà Nội"
"91 ngõ 12 Đường Nguyễn Trãi, Phường Thanh Xuân, Hà Nội","Thanh Xuân, Hà Nội"
"No. 5 Quang Trung Street Đường Quang Trung, Phường Cửa Nam, Hà Nội","Hoàn Kiếm, Hà Nội"
"1D, 102 Đường Nguyễn Đổng Chi, Phường Từ Liêm, Hà Nội","Nam Từ Liêm, Hà Nội"
"Đường Thanh Am, Phường Việt Hưng, Hà Nội","Long Biên, Hà Nội"
"97 Đường Lê Đức Thọ, Xã Lạc Phượng, Hà Nội","Nam Từ Liêm, Hà Nội"
"59, ngõ 67 Phố Thái Thịnh, Phường Đống Đa, Hà Nội","Đống Đa, Hà Nội"
"Ngõ 1375 Đường Giải Phóng, Phường Hoàng Liệt, Hà Nội","Hoàng Mai, Hà Nội"
"Đường Trần Thái Tông, Hà Nội","Cầu Giấy, Hà Nội"
"28, Ngõ 26 Phố Từ Hoa, Phường Tây Hồ, Hà Nội","Tây Hồ, Hà Nội"
"26 Đường Mỹ Đình, Phường Từ Liêm, Hà Nội","Nam Từ Liêm, Hà Nội"
"15 ngõ 62 Đường Đặng Văn Ngữ, Phường Kim Liên, Hà Nội","Đống Đa, Hà Nội"
"D14-09 Phố Lê Trọng Tấn, Phường Dương Nội, Hà Nội","Hà Đông, Hà Nội"
"26 Đường Trần Hưng Đạo, Hà Nội","Hoàn Kiếm, Hà Nội"
"Đường Ba La, Phường Yên Nghĩa, Hà Nội","Hà Đông, Hà Nội"
"Số 19, ngõ 82 Đường Phú Gia, Phường Phú Thượng, Hà Nội","Tây Hồ, Hà Nội"
"188/22 Đường Lê Đức Thọ, Phường Từ Liêm, Hà Nội","Nam Từ Liêm, Hà Nội"
"Số nhà 14-16 ngõ 612 Đường Lạc Long Quân, Phường Hồng Hà, Hà Nội","Tây Hồ, Hà Nội"
"39, ngõ 147 Đường Phú Đô, Phường Từ Liêm, Hà Nội","Nam Từ Liêm, Hà Nội"
"23 Đường Nguyễn Chí Thanh, Phường Láng, Hà Nội","Đống Đa, Hà Nội"
"ngõ 57/80 Đường Mễ Trì Hạ, Phường Từ Liêm, Hà Nội","Nam Từ Liêm, Hà Nội"
"57/80 mỄ TRÌ HẠ (ngay chợ Cốm ), Phường Từ Liêm, Hà Nội","Nam Từ Liêm, Hà Nội"
"Đường Khuyến Lương, Phường Lĩnh Nam, Hà Nội","Hoàng Mai, Hà Nội"
"902 Đường Kim Giang, Hà Nội","Thanh Trì, Hà Nội"
"số 2 ngõ 98 Đường Xa La, Phường Kiến Hưng, Hà Nội","Hà Đông, Hà Nội"
"Số 6B, ngách 42A, ngõ 132, đường Cầu Giấy, Hà Nội Đường Cầu Giấy, Phường Nghĩa Đô, Hà Nội","Cầu Giấy, Hà Nội"
"28 , ngõ 255 Đường Nguyễn Văn Trỗi, Phường Hà Đông, Hà Nội","Hà Đông, Hà Nội"
"886 Đường Giải Phóng, Phường Tương Mai, Hà Nội","Hoàng Mai, Hà Nội"
"22/105 Phố Đình Thôn, Phường Từ Liêm, Hà Nội","Nam Từ Liêm, Hà Nội"
"8 Phố Trung Kính, Xã Trung Giã, Hà Nội","Cầu Giấy, Hà Nội"
"số 3/18 ngõ 6/59 tổ dân phố 2 Đường Miêu Nha, Phường Tây Mỗ, Hà Nội","Nam Từ Liêm, Hà Nội"
"17 ngách 99 ngõ 401 Đường Xuân Đỉnh, Phường Xuân Đỉnh, Hà Nội","Bắc Từ Liêm, Hà Nội"
"Ngõ 14/20 Đường Hồ Tùng Mậu, Phường Cầu Giấy, Hà Nội","Cầu Giấy, Hà Nội"
"Ngõ 302 Đường Láng, Phường Láng, Hà Nội","Đống Đa, Hà Nội"
"Đường Quốc lộ 1A, Xã Thượng Phúc, Hà Nội","Thường Tín, Hà Nội"
"4/34 Đường Nguyên Khiết, Phường Hồng Hà, Hà Nội","Hoàn Kiếm, Hà Nội"
"59 Phố Hoàng Cầu, Phường Ô Chợ Dừa, Hà Nội","Đống Đa, Hà Nội"
"2, hẻm 143/45/17 Đường Quan Hoa, Phường Nghĩa Đô, Hà Nội","Cầu Giấy, Hà Nội"
"Đường Bằng B, Phường Hoàng Liệt, Hà Nội","Hoàng Mai, Hà Nội"
"1 Đường số 1, Phường Dương Nội, Hà Nội","Hà Đông, Hà Nội"
"24B NGÕ 16 Đường Nguyễn Văn Huyên, Phường Nghĩa Đô, Hà Nội","Cầu Giấy, Hà Nội"
"a 01-l70 Đường số 70, Phường Dương Nội, Hà Nội","Hà Đông, Hà Nội"
"Ngõ 46 Phú xá Đường Phú Xá, Phường Phú Thượng, Hà Nội","Tây Hồ, Hà Nội"
"ngõ 329 Đường Cầu Giấy, Phường Cầu Giấy, Hà Nội","Cầu Giấy, Hà Nội"
"488 Đường Trần Cung, Phường Nghĩa Đô, Hà Nội","Bắc Từ Liêm, Hà Nội"
"20b ngõ 16/3 Phố Thượng Thụy, Phường Phú Thượng, Hà Nội","Tây Hồ, Hà Nội"
"31C phố viên Đường Phố Viên, Phường Đông Ngạc, Hà Nội","Bắc Từ Liêm, Hà Nội"
"Số 8A Ngõ 37 Đường Cầu Noi, Phường Đông Ngạc, Hà Nội","Bắc Từ Liêm, Hà Nội"
"Ngõ 101 Đường Trích Sài, Phường Tây Hồ, Hà Nội","Tây Hồ, Hà Nội"
"Ngõ 259 Đường Yên Hòa, Phường Cầu Giấy, Hà Nội","Cầu Giấy, Hà Nội"
"Ngõ 53 Đường Bồ Đề, Phường Bồ Đề, Hà Nội","Long Biên, Hà Nội"
"Số 72 ngõ 58 Phố Trần Bình, Phường Phú Diễn, Hà Nội","Cầu Giấy, Hà Nội"
"Số 7 ngõ 56 Đường Lê Văn Hiến, Phường Đông Ngạc, Hà Nội","Bắc Từ Liêm, Hà Nội"
"Đường Xa La, Phường Kiến Hưng, Hà Nội","Hà Đông, Hà Nội"
"14, ngõ 22 Đường Phan Đình Giót, Phường Phương Liệt, Hà Nội","Thanh Xuân, Hà Nội"
"Đường Hàm Nghi, Phường Từ Liêm, Hà Nội","Nam Từ Liêm, Hà Nội"
"322/ Đường Mỹ Đình, Phường Từ Liêm, Hà Nội","Nam Từ Liêm, Hà Nội"
"Số 22 Ngõ 183 Đường Hoàng Văn Thái, Phường Khương Đình, Hà Nội","Thanh Xuân, Hà Nội"
"2 ngõ 105 Phố Láng Hạ, Phường Láng, Hà Nội","Đống Đa, Hà Nội"
"Số 38 Ngõ 16 Phố Đỗ Xuân Hợp, Phường Từ Liêm, Hà Nội","Nam Từ Liêm, Hà Nội"
"Ngõ 50, Nhà 116 Đường Mễ Trì Thượng, Phường Từ Liêm, Hà Nội","Nam Từ Liêm, Hà Nội"
"624/12/109/9 Đường Minh Khai, Phường Vĩnh Tuy, Hà Nội","Hai Bà Trưng, Hà Nội"
"10 Phố Thiên Hiền, Phường Từ Liêm, Hà Nội","Nam Từ Liêm, Hà Nội"
"18 Phố Đại La, Phường Bạch Mai, Hà Nội","Hai Bà Trưng, Hà Nội"
"19/615 Đường Lĩnh Nam Đường Lĩnh Nam, Xã Bát Tràng, Hà Nội","Hoàng Mai, Hà Nội"
"Ngõ 4 Đường Kim Giang, Phường Khương Đình, Hà Nội","Thanh Xuân, Hà Nội"
"số 27 ngõ 898 Đường Láng, Phường Láng, Hà Nội","Đống Đa, Hà Nội"
"Ngõ 210 Đường Hoàng Quốc Việt, Phường Nghĩa Đô, Hà Nội","Bắc Từ Liêm, Hà Nội"
"25 ngõ 259 Yên Hòa, Phường Yên Hòa Đường Yên Hòa, Phường Cầu Giấy, Hà Nội","Cầu Giấy, Hà Nội"
"20, ngõ 262B Đường Nguyễn Trãi, Phường Thanh Xuân, Hà Nội","Thanh Xuân, Hà Nội"
"Ngõ 90 Đường Hoàng Ngân, Xã Trung Giã, Hà Nội","Cầu Giấy, Hà Nội"
"Đường Giáp Bát, Phường Tương Mai, Hà Nội","Hoàng Mai, Hà Nội"
"41 ngõ 45 Đường Phan Đình Phùng, Hà Nội","Ba Đình, Hà Nội"
"Số 58 ngõ 83 Đường Triều Khúc, Hà Nội","Thanh Xuân, Hà Nội"
"11 Phố Đồng Nhân, Phường Hai Bà Trưng, Hà Nội","Hai Bà Trưng, Hà Nội"
"12 Đường Khương Trung, Xã Hòa Vang, Hà Nội","Thanh Xuân, Hà Nội"
"Phố Thiên Hiền, Phường Từ Liêm, Hà Nội","Nam Từ Liêm, Hà Nội"
"Ngõ 183A Đường Lĩnh Nam, Phường Vĩnh Hưng, Hà Nội","Hoàng Mai, Hà Nội"
"3 ngõ 239 Đường Định Công, Phường Định Công, Hà Nội","Hoàng Mai, Hà Nội"
"161 Đường Đê Tô Hoàng, Phường Bạch Mai, Hà Nội","Hai Bà Trưng, Hà Nội"
"Đường Đội Cấn, Hà Nội","Ba Đình, Hà Nội"
"28 ngõ 402/42/22 Đường Mỹ Đình, Phường Từ Liêm, Hà Nội","Nam Từ Liêm, Hà Nội"
"Ngõ 559 Đường Kim Ngưu, Phường Vĩnh Tuy, Hà Nội","Hai Bà Trưng, Hà Nội"
"30 ngõ Đỗ Thuận Phố Bạch Mai, Phường Bạch Mai, Hà Nội","Hai Bà Trưng, Hà Nội"
"7/126 Phố Lệ Mật, Phường Việt Hưng, Hà Nội","Long Biên, Hà Nội"
"số 1 ngõ 109/6 Đường Hoàng Ngân, Phường Thanh Xuân, Hà Nội","Thanh Xuân, Hà Nội"
"ngõ 190 Đường Nguyễn Trãi, Phường Thanh Xuân, Hà Nội","Thanh Xuân, Hà Nội"
"Số 85 Đường Bát Khối, Hà Nội","Long Biên, Hà Nội"
"10C ngách 1/2 ngõ 59 Phố Khúc Thừa Dụ, Phường Cầu Giấy, Hà Nội","Cầu Giấy, Hà Nội"
"16 ngõ 133 Đường Hoa Bằng, Phường Cầu Giấy, Hà Nội","Cầu Giấy, Hà Nội"
"Ngách 95 ngõ 322 Đường Mỹ Đình, Phường Từ Liêm, Hà Nội","Nam Từ Liêm, Hà Nội"
"Đường Vĩnh Hưng, Phường Tương Mai, Hà Nội","Hoàng Mai, Hà Nội"
"7 Đường Văn La, Hà Nội","Hà Đông, Hà Nội"
"36 ngõ 43 Phố Doãn Kế Thiện, Phường Phú Diễn, Hà Nội","Cầu Giấy, Hà Nội"
"Ngõ 20 Phố Láng Hạ, Phường Láng, Hà Nội","Đống Đa, Hà Nội"
"82 ngõ 224/88 Đường Hoàng Mai, Phường Tương Mai, Hà Nội","Hoàng Mai, Hà Nội"
"Số 3 ngõ 35 Đường Đông Ngạc, Phường Đông Ngạc, Hà Nội","Bắc Từ Liêm, Hà Nội"
"Ngõ 166/22 Đường Đội Cấn, Phường Ba Đình, Hà Nội","Ba Đình, Hà Nội"
"35a ngõ 32 Đường Đỗ Đức Dục, Phường Từ Liêm, Hà Nội","Nam Từ Liêm, Hà Nội"
"BT1 Đường Hoàng Công Chất, Phường Phú Diễn, Hà Nội","Bắc Từ Liêm, Hà Nội"
"Đường Yên Xá, Phường Yên Nghĩa, Hà Nội","Hà Đông, Hà Nội"
"Đường Nghiêm Xuân Yêm, Phường Định Công, Hà Nội","Hoàng Mai, Hà Nội"
"Ngõ 1 Đường Bùi Xương Trạch, Phường Khương Đình, Hà Nội","Thanh Xuân, Hà Nội"
"20 ngõ 100 Đường Cổ Nhuế, Phường Nghĩa Đô, Hà Nội","Bắc Từ Liêm, Hà Nội"
"18 Đường Thanh Nhàn, Phường Bạch Mai, Hà Nội","Hai Bà Trưng, Hà Nội"
"68/119 Đường Cầu Giấy, Phường Nghĩa Đô, Hà Nội","Cầu Giấy, Hà Nội"
"2C Ngõ 89 Phố Thái Hà, Phường Đống Đa, Hà Nội","Đống Đa, Hà Nội"
"88 Ngõ 79 Đường Cầu Giấy, Phường Nghĩa Đô, Hà Nội","Cầu Giấy, Hà Nội"
"22 ngách 127/38 Phố Hào Nam, Phường Ô Chợ Dừa, Hà Nội","Đống Đa, Hà Nội"
"65B Ngõ 35 Đường Đông Ngạc, Phường Đông Ngạc, Hà Nội","Bắc Từ Liêm, Hà Nội"
"66 Ngõ Thông Phong Phố Tôn Đức Thắng, Hà Nội","Đống Đa, Hà Nội"
"Đường Dương Khuê, Phường Phú Diễn, Hà Nội","Cầu Giấy, Hà Nội"
"Tổ 2 Xóm 4 Đường số 6, Phường Yên Nghĩa, Hà Nội","Hà Đông, Hà Nội"
"87 Đường Nguyên Xá, Hà Nội","Nam Từ Liêm, Hà Nội"
"15b ngõ 79 Đường Cầu Giấy, Phường Nghĩa Đô, Hà Nội","Cầu Giấy, Hà Nội"
"15, Ngõ 184a/1 Đường Đê Trần Khát Chân, Phường Vĩnh Tuy, Hà Nội","Hai Bà Trưng, Hà Nội"
"68 ngõ 199 Phố Lò Đúc, Phường Hai Bà Trưng, Hà Nội","Hai Bà Trưng, Hà Nội"
"33 ngõ 68 Đường Triều Khúc, Phường Thanh Liệt, Hà Nội","Thanh Trì, Hà Nội"
"3 ngách 74 Đường Minh Khai, Phường Tương Mai, Hà Nội","Hoàng Mai, Hà Nội"
"5, ngách 39/2, phố Lụa Phố Cầu Am, Phường Hà Đông, Hà Nội","Hà Đông, Hà Nội"
"Đường Duy Tân, Xã Lạc Phượng, Hà Nội","Nam Từ Liêm, Hà Nội"
"Tầng 3 cầu thang 1 B16 Kim Liên Phố Lương Định Của, Phường Kim Liên, Hà Nội","Đống Đa, Hà Nội"
"số 1 ngõ 87 Đường Phú Đô, Phường Từ Liêm, Hà Nội","Nam Từ Liêm, Hà Nội"
"Ngõ 34 Thanh đàm Phố Thanh Đàm, Phường Vĩnh Hưng, Hà Nội","Hoàng Mai, Hà Nội"
"Ngách 356/4 Ngõ 356 Đường Phan Trọng Tuệ, Hà Nội","Thanh Trì, Hà Nội"
"13 ngách 81/4 ngõ hòa bình 7, phố minh khai Đường Minh Khai, Phường Bạch Mai, Hà Nội","Hai Bà Trưng, Hà Nội"
"68 Đường Hoàng Ngân, Xã Trung Giã, Hà Nội","Cầu Giấy, Hà Nội"
"số 28 ngõ 150 ngách 55/15 Phố Phố Tân Khai, Phường Vĩnh Hưng, Hà Nội","Hoàng Mai, Hà Nội"
"402 Đường Mỹ Đình, Phường Từ Liêm, Hà Nội","Nam Từ Liêm, Hà Nội"
"3, hẻm 89/19/37, Tổ 1 Đường Bằng A, Phường Hoàng Liệt, Hà Nội","Hoàng Mai, Hà Nội"
"217 Đường Yên Hòa, Phường Cầu Giấy, Hà Nội","Cầu Giấy, Hà Nội"
"2 Đường Kiều Mai, Phường Phú Diễn, Hà Nội","Bắc Từ Liêm, Hà Nội"
"số 23 ngõ 124 Đường Vĩnh Tuy, Phường Vĩnh Tuy, Hà Nội","Hai Bà Trưng, Hà Nội"
"48 Phố Chính Kinh, Phường Thanh Xuân, Hà Nội","Thanh Xuân, Hà Nội"
"3 Nghách 25 ngõ 91 Đường Nguyễn Chí Thanh, Phường Láng, Hà Nội","Đống Đa, Hà Nội"
"15b ngõ 79 cầu giấy , hà nội, Phường Nghĩa Đô, Hà Nội","Cầu Giấy, Hà Nội"
"3 NGÁCH 25 NGÕ 91 Đường Nguyễn Chí Thanh, Phường Láng, Hà Nội","Đống Đa, Hà Nội"
"209B (trong ngõ) Phố Phố Huế, Phường Hai Bà Trưng, Hà Nội","Hai Bà Trưng, Hà Nội"
"172 Đường Phú Diễn, Phường Phú Diễn, Hà Nội","Bắc Từ Liêm, Hà Nội"
"Số 12B ngách 82/122 ngõ 166 Phố Kim Mã, Phường Giảng Võ, Hà Nội","Ba Đình, Hà Nội"
"60 ngõ 68 Đường Cầu Giấy, Phường Cầu Giấy, Hà Nội","Cầu Giấy, Hà Nội"
"Số 32 - Ngõ 226 Đường số 422, Xã Sơn Đồng, Hà Nội","Hoài Đức, Hà Nội"
"60 Đường Vũ Phạm Hàm, Xã Trung Giã, Hà Nội","Cầu Giấy, Hà Nội"
"46 ngõ 97/17/35 Đường Đức Giang, Phường Việt Hưng, Hà Nội","Long Biên, Hà Nội"
"69 Đường Cầu Giấy, Phường Cầu Giấy, Hà Nội","Cầu Giấy, Hà Nội"
"22 ngách 127/3 Phố Hào Nam, Phường Ô Chợ Dừa, Hà Nội","Đống Đa, Hà Nội"
"Nhà 146 Trần Duy Hưng Đường Trần Duy Hưng, Xã Trung Giã, Hà Nội","Cầu Giấy, Hà Nội"
"Ngõ 90 Đường Miếu Đầm, Phường Từ Liêm, Hà Nội","Nam Từ Liêm, Hà Nội"
"Ngõ 91 Ô Đồng Lầm, Đường Hồ Ba Mẫu, Phường Kim Liên, Hà Nội","Đống Đa, Hà Nội"
"65 Phố Khâm Thiên, Phường Văn Miếu - Quốc Tử Giám, Hà Nội","Đống Đa, Hà Nội"
"Ngõ 119 Đường Tam Trinh, Phường Vĩnh Tuy, Hà Nội","Hoàng Mai, Hà Nội"
"Ngõ 55 Đường Nguyễn Đạo An, Phường Phú Diễn, Hà Nội","Bắc Từ Liêm, Hà Nội"
"Đường Nhật Chiêu, Phường Hồng Hà, Hà Nội","Tây Hồ, Hà Nội"
"Đường Nguyên Xá, Phường Tây Tựu, Hà Nội","Bắc Từ Liêm, Hà Nội"
"25/59 Phố Vũ Ngọc Phan, Phường Láng, Hà Nội","Đống Đa, Hà Nội"
"29/72/1 Phố Khương Hạ, Phường Khương Đình, Hà Nội","Thanh Xuân, Hà Nội"
"Ngõ 2 Đường Nguyên Xá, Phường Tây Tựu, Hà Nội","Bắc Từ Liêm, Hà Nội"
"207 Đường Xuân Đỉnh, Phường Xuân Đỉnh, Hà Nội","Bắc Từ Liêm, Hà Nội"
"241 Đường Yên Xá, Phường Thanh Liệt, Hà Nội","Thanh Trì, Hà Nội"
"Đường Trịnh Công Sơn, Phường Hồng Hà, Hà Nội","Tây Hồ, Hà Nội"
"406 Đường Hồ Tùng Mậu, Phường Phú Diễn, Hà Nội","Bắc Từ Liêm, Hà Nội"
"Ngõ 25.106 Đường Phú Minh, Phường Tây Tựu, Hà Nội","Bắc Từ Liêm, Hà Nội"
"97A Đường Lương Thế Vinh, Phường Thanh Xuân, Hà Nội","Thanh Xuân, Hà Nội"
"Ngõ 141/172/20 nhà số 6 Đường Giáp Nhị, Phường Hoàng Mai, Hà Nội","Hoàng Mai, Hà Nội"
"Số 8 Đường Bờ Sông Sét, Phường Tương Mai, Hà Nội","Hoàng Mai, Hà Nội"
"Số 49 ngách 174/14 Đường Phương Canh, Phường Xuân Phương, Hà Nội","Nam Từ Liêm, Hà Nội"
"Số 22A - ngõ 76 Đường Nguyễn Chí Thanh, Phường Láng, Hà Nội","Đống Đa, Hà Nội"
"số 4 ngõ 81 Đường Mễ Trì Thượng, Phường Từ Liêm, Hà Nội","Nam Từ Liêm, Hà Nội"
"28 ngõ 84 Đường Võ Thị Sáu, Phường Bạch Mai, Hà Nội","Hai Bà Trưng, Hà Nội"
"số 20 ngõ 53 thiên hiền Đường Mỹ Đình, Phường Từ Liêm, Hà Nội","Nam Từ Liêm, Hà Nội"
"số 20 ngõ 53 Phố Thiên Hiền, Phường Từ Liêm, Hà Nội","Nam Từ Liêm, Hà Nội"
"Đường Vân Lũng, Xã An Khánh, Hà Nội","Hoài Đức, Hà Nội"
"Số 8 ngõ 219 Phố Nguyễn Ngọc Vũ, Xã Trung Giã, Hà Nội","Cầu Giấy, Hà Nội"
"Số nhà 29 ngõ 139 Đường Tân Mai, Phường Hoàng Mai, Hà Nội","Hoàng Mai, Hà Nội"
"370 Đường Trương Định, Phường Thượng Cát, Hà Nội","Hoàng Mai, Hà Nội"
"số 44, ngõ 9 Đường Phú Lương, Hà Nội","Hà Đông, Hà Nội"
"68/32/7 Đường Xuân Thủy, Phường Cầu Giấy, Hà Nội","Cầu Giấy, Hà Nội"
"ngõ 79 Đường Mễ Trì Thượng, Phường Từ Liêm, Hà Nội","Nam Từ Liêm, Hà Nội"
"ngách 39 nhà 49 Đường Kim Giang, Phường Khương Đình, Hà Nội","Thanh Xuân, Hà Nội"
"44 Đường Trần Duy Hưng, Xã Trung Giã, Hà Nội","Cầu Giấy, Hà Nội"
"ngõ 116 Miếu Đầm - Nam Từ Liêm Đường Miếu Đầm, Phường Từ Liêm, Hà Nội","Nam Từ Liêm, Hà Nội"
"116/4/13 Đường Trương Định, Xã Phù Đổng, Hà Nội","Hai Bà Trưng, Hà Nội"
"Ngõ 32 Đường Đỗ Đức Dục, Phường Từ Liêm, Hà Nội","Nam Từ Liêm, Hà Nội"
"19 ngõ 89 Đường Phan Kế Bính, Phường Ngọc Hà, Hà Nội","Ba Đình, Hà Nội"
"Đường Yên Bình, Phường Hà Đông, Hà Nội","Hà Đông, Hà Nội"
"Phố Lương Sử C, Phường Văn Miếu - Quốc Tử Giám, Hà Nội","Đống Đa, Hà Nội"
"19 Đường Trường Chinh, Phường Kim Liên, Hà Nội","Đống Đa, Hà Nội"
"11 Đường Tôn Thất Tùng, Phường Kim Liên, Hà Nội","Đống Đa, Hà Nội"
"2B ngõ 79/40/22 Đường Dương Quảng Hàm, Phường Nghĩa Đô, Hà Nội","Cầu Giấy, Hà Nội"
"37 hoàng mai, Phường Tương Mai, Hà Nội","Hoàng Mai, Hà Nội"
"28 ngõ Đường Hồ Ba Mẫu, Phường Kim Liên, Hà Nội","Đống Đa, Hà Nội"
"123 ngõ 20 Đường Mỹ Đình, Phường Từ Liêm, Hà Nội","Nam Từ Liêm, Hà Nội"
"243 Đường Trung Văn, Phường Đại Mỗ, Hà Nội","Nam Từ Liêm, Hà Nội"
"số 17 ngõ an trạch 2 Đường Đoàn Thị Điểm, Phường Văn Miếu - Quốc Tử Giám, Hà Nội","Đống Đa, Hà Nội"
"Số 1 Đường Trung Yên 7, Phường Cầu Giấy, Hà Nội","Cầu Giấy, Hà Nội"
"Số 93 ngõ 1194 Đường Láng, Phường Láng, Hà Nội","Đống Đa, Hà Nội"
"số nhà 30E ngõ 116 Đường Đại Từ, Phường Định Công, Hà Nội","Hoàng Mai, Hà Nội"
"126 Tân Triều, Phường Thanh Liệt, Hà Nội","Thanh Trì, Hà Nội"
"38 Đường Phạm Văn Đồng Đường Phạm Văn Đồng, Phường Cầu Giấy, Hà Nội","Cầu Giấy, Hà Nội"
"Số nhà 4 Ngách 208/8, Ngõ 8 Đường Lê Quang Đạo, Phường Từ Liêm, Hà Nội","Nam Từ Liêm, Hà Nội"
"243/3 Đường Trung Văn, Phường Đại Mỗ, Hà Nội","Nam Từ Liêm, Hà Nội"
"82.xx Kim Mã Phố Kim Mã, Phường Giảng Võ, Hà Nội","Ba Đình, Hà Nội"
"12/127 Đường Lạc Long Quân, Phường Nghĩa Đô, Hà Nội","Cầu Giấy, Hà Nội"
"số 8 ngõ 235 Đường Yên Hòa, Phường Cầu Giấy, Hà Nội","Cầu Giấy, Hà Nội"
"Số 6/31 ngõ 663 Đường Trương Định, Phường Hoàng Mai, Hà Nội","Hoàng Mai, Hà Nội"
"Đường Trinh Lương, Hà Nội","Hà Đông, Hà Nội"
"Đường Phú Mỹ, Xã Lạc Phượng, Hà Nội","Nam Từ Liêm, Hà Nội"
"88 ngõ 71 Đường Tân Ấp, Phường Hồng Hà, Hà Nội","Ba Đình, Hà Nội"
"Ngách 470/12, ngõ 470 Đường Nguyễn Trãi, Phường Thanh Xuân, Hà Nội","Thanh Xuân, Hà Nội"
"15 ngõ 9 Đặng Thai Mai Đường Đặng Thai Mai, Phường Tây Hồ, Hà Nội","Tây Hồ, Hà Nội"
"84 ngõ 13 Đường Khuất Duy Tiến, Phường Thanh Xuân, Hà Nội","Thanh Xuân, Hà Nội"
"Số nhà 20 nghách 79 ngõ Cẩm Văn Phố Tôn Đức Thắng, Hà Nội","Đống Đa, Hà Nội"
"26 ngách 66/18 Đường Duy Tân, Phường Cầu Giấy, Hà Nội","Cầu Giấy, Hà Nội"
"Nghách 8/191 Đường Lê Quang Đạo, Phường Từ Liêm, Hà Nội","Nam Từ Liêm, Hà Nội"
"119 Đường Đại Linh, Phường Đại Mỗ, Hà Nội","Nam Từ Liêm, Hà Nội"
"Số 5 ngõ 5 Đường Võ Quý Huân, Phường Phú Diễn, Hà Nội","Bắc Từ Liêm, Hà Nội"
"Số 5 ngõ 5 Võ Qúy Huân Đường Võ Quý Huân, Phường Phú Diễn, Hà Nội","Bắc Từ Liêm, Hà Nội"
"Số nhà 3, Phường Định Công, Hà Nội","Hoàng Mai, Hà Nội"
"137 Phố Thái Thịnh, Phường Đống Đa, Hà Nội","Đống Đa, Hà Nội"
"Đường Hà Trì 5, Phường Hà Đông, Hà Nội","Hà Đông, Hà Nội"
"số 39 ngõ 470 Đường Nguyễn Trãi, Phường Thanh Xuân, Hà Nội","Thanh Xuân, Hà Nội"
"8 Đường Dịch Vọng, Phường Cầu Giấy, Hà Nội","Cầu Giấy, Hà Nội"
"Số 2 Ngõ 1375 Đường Giải Phóng, Phường Hoàng Liệt, Hà Nội","Hoàng Mai, Hà Nội"
"Đường Đại Lộ Thăng Long, Phường Từ Liêm, Hà Nội","Nam Từ Liêm, Hà Nội"
"23 ngõ 124 Đường Vĩnh Tuy, Phường Bạch Mai, Hà Nội","Hai Bà Trưng, Hà Nội"
"71 Đường Mỹ Đình, Xã Lạc Phượng, Hà Nội","Nam Từ Liêm, Hà Nội"
"ngõ 93 Đường Hoàng Văn Thái, Phường Khương Đình, Hà Nội","Thanh Xuân, Hà Nội"
"Ngõ 23 Đường Xuân La, Phường Tây Hồ, Hà Nội","Tây Hồ, Hà Nội"
"Phố Nhân Hòa, Phường Khương Đình, Hà Nội","Thanh Xuân, Hà Nội"
"73 Đường Hoàng Ngân, Phường Thanh Xuân, Hà Nội","Thanh Xuân, Hà Nội"
"Phố Đồng Nhân, Xã Phù Đổng, Hà Nội","Hai Bà Trưng, Hà Nội"
"15B Ngõ 49 Đường Hoàng Hoa Thám, Phường Ba Đình, Hà Nội","Ba Đình, Hà Nội"
"44 Đường Phạm Văn Nghị, Phường Đông Ngạc, Hà Nội","Bắc Từ Liêm, Hà Nội"
"Số 5A, hẻm 43/10/3, phố Trung Kính Phố Trung Kính, Xã Trung Giã, Hà Nội","Cầu Giấy, Hà Nội"
"5A ngõ 307 Phố Bạch Mai, Phường Bạch Mai, Hà Nội","Hai Bà Trưng, Hà Nội"
"Ngõ 163 Đường Đại Mỗ, Hà Nội","Nam Từ Liêm, Hà Nội"
"Số 9 ngách 46 ngõ 96 Đường Chiến Thắng, Phường Hà Đông, Hà Nội","Hà Đông, Hà Nội"
"174B Đường Nguyễn Huy Tưởng, Phường Thanh Xuân, Hà Nội","Thanh Xuân, Hà Nội"
"Ngõ 105 Đường Phú Xá, Phường Phú Thượng, Hà Nội","Tây Hồ, Hà Nội"
"12 nghách 59/43 Phố Chùa Bộc, Phường Kim Liên, Hà Nội","Đống Đa, Hà Nội"
"Ngõ 82 Đường Yên Lãng, Phường Đống Đa, Hà Nội","Đống Đa, Hà Nội"
"54 ngõ 127 Phố Hào Nam, Phường Ô Chợ Dừa, Hà Nội","Đống Đa, Hà Nội"
"105 Phố Mai Dịch, Phường Cầu Giấy, Hà Nội","Cầu Giấy, Hà Nội"
"25/106 Đường Phú Minh, Phường Tây Tựu, Hà Nội","Bắc Từ Liêm, Hà Nội"
"105 Phố Doãn Kế Thiện, Phường Cầu Giấy, Hà Nội","Cầu Giấy, Hà Nội"
"36 Phố Mai Dịch, Phường Cầu Giấy, Hà Nội","Cầu Giấy, Hà Nội"
"27 ngõ 324 đường Thụy Khuê, Phường Tây Hồ, Hà Nội","Tây Hồ, Hà Nội"
"Đường Nguyễn Phong Sắc, Phường Nghĩa Đô, Hà Nội","Cầu Giấy, Hà Nội"
"Số 7 hẻm 10 ngách 37/27 tổ 29, Đường Dịch Vọng, Phường Cầu Giấy, Hà Nội","Cầu Giấy, Hà Nội"
"Ngõ 54 Đường Âu Cơ, Phường Hồng Hà, Hà Nội","Tây Hồ, Hà Nội"
"Ngõ 39 Đường Đông Ngạc, Phường Đông Ngạc, Hà Nội","Bắc Từ Liêm, Hà Nội"
"Số 15 ngõ 518 Đường Đội Cấn, Phường Ngọc Hà, Hà Nội","Ba Đình, Hà Nội"
"45 Đường Trần Thái Tông, Phường Cầu Giấy, Hà Nội","Cầu Giấy, Hà Nội"
"17 ngõ 45 Đường Cầu Giấy, Phường Nghĩa Đô, Hà Nội","Cầu Giấy, Hà Nội"
"23 ngõ 79 Đường Cầu Giấy, Phường Cầu Giấy, Hà Nội","Cầu Giấy, Hà Nội"
"20 Đường Dịch Vọng, Phường Cầu Giấy, Hà Nội","Cầu Giấy, Hà Nội"
"150/55/1 Phố Phố Tân Khai, Phường Vĩnh Hưng, Hà Nội","Hoàng Mai, Hà Nội"
"48F Ngõ 63 Phố Thiên Hiền, Phường Từ Liêm, Hà Nội","Nam Từ Liêm, Hà Nội"
"619 Phố Vũ Tông Phan, Phường Khương Đình, Hà Nội","Thanh Xuân, Hà Nội"
"151 Phố Láng Hạ, Phường Láng, Hà Nội","Đống Đa, Hà Nội"
"Số 7, ngõ 401/123 Đường Xuân Đỉnh, Phường Xuân Đỉnh, Hà Nội","Bắc Từ Liêm, Hà Nội"
"Đường Phương Canh, Phường Xuân Phương, Hà Nội","Nam Từ Liêm, Hà Nội"
"Ngõ 66 Đường Hồ Tùng Mậu, Phường Phú Diễn, Hà Nội","Cầu Giấy, Hà Nội"
"Ngõ 14 Đường Mễ Trì Hạ, Phường Từ Liêm, Hà Nội","Nam Từ Liêm, Hà Nội"
"Số 94A ngõ 278 Phố Thái Hà, Phường Đống Đa, Hà Nội","Đống Đa, Hà Nội"
"94 Phố Thái Hà, Phường Đống Đa, Hà Nội","Đống Đa, Hà Nội"
"Số 11 ngách 106 ngõ 250 Đường Kim Giang, Phường Định Công, Hà Nội","Hoàng Mai, Hà Nội"
"30 ngõ 28 Phố Trần Điền, Phường Định Công, Hà Nội","Hoàng Mai, Hà Nội"
"Ngõ 50 Đường Nguyễn Đạo An, Phường Phú Diễn, Hà Nội","Bắc Từ Liêm, Hà Nội"
"Ngõ 207 Đường Triều Khúc, Phường Thanh Xuân, Hà Nội","Thanh Xuân, Hà Nội"
"Đường Cầu Vồng, Phường Đông Ngạc, Hà Nội","Bắc Từ Liêm, Hà Nội"
"số 60 ngõ 68 Phố Thiên Hiền, Phường Từ Liêm, Hà Nội","Nam Từ Liêm, Hà Nội"
"69 Đường Phạm Văn Nghị, Phường Đông Ngạc, Hà Nội","Bắc Từ Liêm, Hà Nội"
"168 Đường Kim Giang, Phường Định Công, Hà Nội","Hoàng Mai, Hà Nội"
"294 Đường Đội Cấn, Phường Ngọc Hà, Hà Nội","Ba Đình, Hà Nội"
"10/73 Đường Hoàng Ngân, Phường Thanh Xuân, Hà Nội","Thanh Xuân, Hà Nội"
"ngõ 196 Đường Trần Duy Hưng, Xã Trung Giã, Hà Nội","Cầu Giấy, Hà Nội"
"Đường Định Công Thượng, Phường Phương Liệt, Hà Nội","Thanh Xuân, Hà Nội"
"ngõ 20 Đường Hồ Tùng Mậu, Phường Phú Diễn, Hà Nội","Cầu Giấy, Hà Nội"
"541 Đường Trương Định, Phường Hoàng Mai, Hà Nội","Hoàng Mai, Hà Nội"
"Phố số 8/3, Hà Nội","Hai Bà Trưng, Hà Nội"
"số nhà 28 ngách 59 ngõ 87 Đường Yên Xá, Phường Thanh Liệt, Hà Nội","Thanh Trì, Hà Nội"
"29/70/41 Phố Khương Hạ, Phường Khương Đình, Hà Nội","Thanh Xuân, Hà Nội"
"Đường Lê Quang Đạo, Phường Dương Nội, Hà Nội","Hà Đông, Hà Nội"
"Đường Phan Kế Toại, Phường Dương Nội, Hà Nội","Hà Đông, Hà Nội"
"Ngõ 416 Đường Lạc Long Quân, Phường Hồng Hà, Hà Nội","Tây Hồ, Hà Nội"
"Ngõ 63 Đường Trần Quốc Vượng, Phường Cầu Giấy, Hà Nội","Cầu Giấy, Hà Nội"
"Đường Lê Quang Đạo, Hà Nội","Nam Từ Liêm, Hà Nội"
"18 ngõ 154 Phố Đình Thôn, Phường Từ Liêm, Hà Nội","Nam Từ Liêm, Hà Nội"
"Số 10 Ngõ 29 Đường Dịch Vọng, Phường Cầu Giấy, Hà Nội","Cầu Giấy, Hà Nội"
"số 2 ngách 49 ngõ 14 Đường Mễ Trì Hạ, Phường Từ Liêm, Hà Nội","Nam Từ Liêm, Hà Nội"
"32 ngõ 168/54 Đường Nguyễn Lân, Phường Phương Liệt, Hà Nội","Thanh Xuân, Hà Nội"
"376 Đường Khương Đình, Phường Khương Đình, Hà Nội","Thanh Xuân, Hà Nội"
"100 Đường Văn Hội, Phường Đông Ngạc, Hà Nội","Bắc Từ Liêm, Hà Nội"
"32 Đường Đồng Me, Phường Từ Liêm, Hà Nội","Nam Từ Liêm, Hà Nội"
"171 / 7 Thanh Nhàn, Phường Bạch Mai, Hà Nội","Hai Bà Trưng, Hà Nội"
"Ngõ 562 đường Thụy Khuê, Phường Tây Hồ, Hà Nội","Tây Hồ, Hà Nội"
"Đường Tố Hữu, Phường Dương Nội, Hà Nội","Hà Đông, Hà Nội"
"ngõ 79 Đường Cầu Giấy, Phường Cầu Giấy, Hà Nội","Cầu Giấy, Hà Nội"
"Số nhà 12, ngõ 89 Đường Mễ Trì Thượng, Phường Từ Liêm, Hà Nội","Nam Từ Liêm, Hà Nội"
"Đường Thượng Đình, Phường Khương Đình, Hà Nội","Thanh Xuân, Hà Nội"
"13 ngách 521/9 Đường Trương Định, Phường Hoàng Mai, Hà Nội","Hoàng Mai, Hà Nội"
"Đường Phố Lụa, Phường Hà Đông, Hà Nội","Hà Đông, Hà Nội"
"48 Ngõ 13, Khuất Duy Tiến, Phường Thanh Xuân, Hà Nội","Thanh Xuân, Hà Nội"
"11 Đường Hoàng Hoa Thám, Phường Ngọc Hà, Hà Nội","Ba Đình, Hà Nội"
"Đường Lê Đức Thọ, Phường Từ Liêm, Hà Nội","Nam Từ Liêm, Hà Nội"
"245 Đường Định Công, Phường Định Công, Hà Nội","Hoàng Mai, Hà Nội"
"210 Đường Hoàng Quốc Việt, Phường Nghĩa Đô, Hà Nội","Bắc Từ Liêm, Hà Nội"
"ngách 50 ngõ 144 Đường An Dương Vương, Phường Phú Thượng, Hà Nội","Tây Hồ, Hà Nội"
"Ngách 66/18 Đường Duy Tân, Phường Cầu Giấy, Hà Nội","Cầu Giấy, Hà Nội"
"168 Đường Huỳnh Cung, Phường Hoàng Liệt, Hà Nội","Thanh Trì, Hà Nội"
"5 Đường Hoàng Quốc Việt, Phường Nghĩa Đô, Hà Nội","Bắc Từ Liêm, Hà Nội"
"5 ngõ 238 Đường Hoàng Quốc Việt, Phường Nghĩa Đô, Hà Nội","Bắc Từ Liêm, Hà Nội"
"137 đường Nghi Tàm, Phường Hồng Hà, Hà Nội","Tây Hồ, Hà Nội"
"Ngõ 1 ngách 62 hẻm 23 Đường Bùi Xương Trạch, Phường Khương Đình, Hà Nội","Thanh Xuân, Hà Nội"
"Ngõ 104 Phố Đình Thôn, Xã Lạc Phượng, Hà Nội","Nam Từ Liêm, Hà Nội"
"Đường Hoàng Công, Phường Kiến Hưng, Hà Nội","Hà Đông, Hà Nội"
"15 Phố Mạc Thị Bưởi, Phường Vĩnh Tuy, Hà Nội","Hai Bà Trưng, Hà Nội"
"Đường Ngọc Lâm, Phường Hồng Hà, Hà Nội","Long Biên, Hà Nội"
"6/266 Phố Lê Thanh Nghị, Phường Bạch Mai, Hà Nội","Hai Bà Trưng, Hà Nội"
"17/22/322 Đường Mỹ Đình, Phường Từ Liêm, Hà Nội","Nam Từ Liêm, Hà Nội"
"Ngõ 145 Phố Quan Nhân, Phường Khương Đình, Hà Nội","Thanh Xuân, Hà Nội"
"Đối diện nhà số 12, ngõ 105 Đường Phú Xá, Phường Phú Thượng, Hà Nội","Tây Hồ, Hà Nội"
"3B Đường Phùng Khắc Khoan, Phường Hai Bà Trưng, Hà Nội","Hai Bà Trưng, Hà Nội"
"Ngõ số 4, số nhà 35 B tổ 16 Đường Hoàng Quốc Việt, Phường Nghĩa Đô, Hà Nội","Cầu Giấy, Hà Nội"
"số nhà 26 Đường Vạn Kiếp, Phường Cửa Nam, Hà Nội","Hoàn Kiếm, Hà Nội"
"Ngõ 9 nhà 2A Đường Tả Thanh Oai, Xã Đại Thanh, Hà Nội","Thanh Trì, Hà Nội"
"Số 14 - Ngõ 29 Ngách 70 Hẻm 41 Phố Khương Hạ, Phường Khương Đình, Hà Nội","Thanh Xuân, Hà Nội"
"120 Đường Nguyễn Đạo An, Phường Phú Diễn, Hà Nội","Bắc Từ Liêm, Hà Nội"
"Số 2 đường Tây Hồ, Phường Tây Hồ, Hà Nội","Tây Hồ, Hà Nội"
"546 Đường Nguyễn Khoái, Phường Vĩnh Hưng, Hà Nội","Hoàng Mai, Hà Nội"
"Số 62 ngõ đinh đông Phố Bạch Mai, Phường Bạch Mai, Hà Nội","Hai Bà Trưng, Hà Nội"
"đường Võng Thị, Phường Tây Hồ, Hà Nội","Tây Hồ, Hà Nội"
"Ngõ 398 Đường Hồ Tùng Mậu, Phường Phú Diễn, Hà Nội","Bắc Từ Liêm, Hà Nội"
"JSC 34 Đường Lê Văn Lương, Phường Thanh Xuân, Hà Nội","Thanh Xuân, Hà Nội"
"442/15/28 Đường Vĩnh Hưng, Phường Vĩnh Hưng, Hà Nội","Hoàng Mai, Hà Nội"
"SỐ 69 NGÕ 5 Đường Trường Chinh, Phường Phương Liệt, Hà Nội","Thanh Xuân, Hà Nội"
"ngách 101 ngõ Quỳnh Đường Thanh Nhàn, Phường Bạch Mai, Hà Nội","Hai Bà Trưng, Hà Nội"
"136 Tổ 16, Ngõ 36 Đường Trần Thái Tông, Phường Cầu Giấy, Hà Nội","Cầu Giấy, Hà Nội"
"569 Đường Lạc Long Quân, Phường Tây Hồ, Hà Nội","Tây Hồ, Hà Nội"
"18 Đường Đại Mỗ, Hà Nội","Nam Từ Liêm, Hà Nội"
"10 /9 ngõ 280 Đường Cổ Nhuế, Phường Đông Ngạc, Hà Nội","Bắc Từ Liêm, Hà Nội"
"119 ngõ 100 Nguyễn Văn Viên, Phường Vĩnh Tuy, Hà Nội","Hai Bà Trưng, Hà Nội"
"số 20 ngõ 341/19 Đường Xuân Phương, Phường Xuân Phương, Hà Nội","Nam Từ Liêm, Hà Nội"
"104 Đường Lê Đức Thọ, Xã Lạc Phượng, Hà Nội","Nam Từ Liêm, Hà Nội"
"10 Đường Nguyễn Khuyến, Phường Văn Miếu - Quốc Tử Giám, Hà Nội","Đống Đa, Hà Nội"
"Nhà 1C ngách 8 ngõ 22 Phố Trung Kính, Xã Trung Giã, Hà Nội","Cầu Giấy, Hà Nội"
"số 7/141/7 Đường Giáp Nhị, Phường Hoàng Mai, Hà Nội","Hoàng Mai, Hà Nội"
"553 Đường Lạc Long Quân, Phường Tây Hồ, Hà Nội","Tây Hồ, Hà Nội"
"Ngõ 94 Đường Tân Mai, Phường Hoàng Mai, Hà Nội","Hoàng Mai, Hà Nội"
"Ngõ 98 Đường Tân Triều, Phường Thanh Liệt, Hà Nội","Thanh Trì, Hà Nội"
"số 7 ngõ 20 Đường Tân Triều, Phường Thanh Liệt, Hà Nội","Thanh Trì, Hà Nội"
"Số 3 ngõ 285/71/16 Đường Đội Cấn, Phường Ngọc Hà, Hà Nội","Ba Đình, Hà Nội"
"Số nhà 16 - Ngõ 80 Đường Phú Đô, Phường Từ Liêm, Hà Nội","Nam Từ Liêm, Hà Nội"
"5 Đường Thúy Lĩnh, Xã Bát Tràng, Hà Nội","Hoàng Mai, Hà Nội"
"Ngõ 28B Đường Điện Biên Phủ, Phường Ba Đình, Hà Nội","Ba Đình, Hà Nội"
"2B, 50/59/23 Đường Đặng Thai Mai, Phường Tây Hồ, Hà Nội","Tây Hồ, Hà Nội"
"76 Đường Yên Sở, Phường Yên Sở, Hà Nội","Hoàng Mai, Hà Nội"
"Số 121 ngõ 172 Phú Diễn, Phường Phú Diễn, Hà Nội","Bắc Từ Liêm, Hà Nội"
"Đường Văn Trì, Phường Tây Tựu, Hà Nội","Bắc Từ Liêm, Hà Nội"
"25/106 Đường Phú Minh, Hà Nội","Bắc Từ Liêm, Hà Nội"
"số 36, ngõ 62 Đường Bảo Linh, Phường Hồng Hà, Hà Nội","Hoàn Kiếm, Hà Nội"
"Đường Trâu Quỳ, Hà Nội","Gia Lâm, Hà Nội"
"823 Đường Hồng Hà, Phường Hồng Hà, Hà Nội","Hoàn Kiếm, Hà Nội"
"79 Đường Ngọc Hồi, Phường Hoàng Liệt, Hà Nội","Hoàng Mai, Hà Nội"
"44/29/70 Phố Khương Hạ, Phường Khương Đình, Hà Nội","Thanh Xuân, Hà Nội"
"70/90/2 nhà 6 Đường Vân Trì, Phường Tây Tựu, Hà Nội","Bắc Từ Liêm, Hà Nội"
"514 đường Thụy Khuê, Phường Tây Hồ, Hà Nội","Tây Hồ, Hà Nội"
"690 Đường Lạc Long Quân, Phường Hồng Hà, Hà Nội","Tây Hồ, Hà Nội"
"Tổ 5 Đường Mỹ Đình, Phường Từ Liêm, Hà Nội","Nam Từ Liêm, Hà Nội"
"27A Đường Bùi Xương Trạch, Phường Khương Đình, Hà Nội","Thanh Xuân, Hà Nội"
"31/54 Đường Ngọc Hồi, Phường Hoàng Liệt, Hà Nội","Hoàng Mai, Hà Nội"
"Ngõ 43, Ngách 86 Phố Trung Kính, Xã Trung Giã, Hà Nội","Cầu Giấy, Hà Nội"
"Phố Nguyễn Trác, Phường Dương Nội, Hà Nội","Hà Đông, Hà Nội"
"169 Đường Đặng Tiến Đông, Phường Đống Đa, Hà Nội","Đống Đa, Hà Nội"
"ngõ 22 Đường Lĩnh Nam, Phường Vĩnh Tuy, Hà Nội","Hoàng Mai, Hà Nội"
"ngõ 286 Đường Nguyễn Xiển, Hà Nội","Thanh Xuân, Hà Nội"
"Ngõ 282 Đường Định Công, Hà Nội","Hoàng Mai, Hà Nội"
"NGÕ 354 Đường Trường Chinh, Hà Nội","Đống Đa, Hà Nội"
"143 Phố Kim Mã, Hà Nội","Ba Đình, Hà Nội"
"Đường Tu Hoàng, Phường Xuân Phương, Hà Nội","Nam Từ Liêm, Hà Nội"
"45 ngõ 66 Đường Hồ Tùng Mậu, Phường Phú Diễn, Hà Nội","Cầu Giấy, Hà Nội"
"Đường Hòe Thị, Phường Xuân Phương, Hà Nội","Nam Từ Liêm, Hà Nội"
"25 Ngõ 290, Phường Xuân Đỉnh, Hà Nội","Bắc Từ Liêm, Hà Nội"
"Nhà 7A Ngõ 275 Phố Quan Nhân, Phường Thanh Xuân, Hà Nội","Thanh Xuân, Hà Nội"
"Nhà 7A ngõ 275 Phố Quan Nhân, Phường Thanh Xuân, Hà Nội","Thanh Xuân, Hà Nội"
"3 NGÕ 347/57 Đường Cổ Nhuế, Phường Đông Ngạc, Hà Nội","Bắc Từ Liêm, Hà Nội"
"7a ngõ 111 quan hoa Đường Quan Hoa, Phường Nghĩa Đô, Hà Nội","Cầu Giấy, Hà Nội"
"số 8 tập thể đài phát thanh, Phường Từ Liêm, Hà Nội","Nam Từ Liêm, Hà Nội"
"26 ngõ 172 Đường Phú Diễn, Phường Phú Diễn, Hà Nội","Bắc Từ Liêm, Hà Nội"
"86 ngõ 20 Đường Mỹ Đình, Xã Lạc Phượng, Hà Nội","Nam Từ Liêm, Hà Nội"
"Đường Phạm Văn Đồng, Phường Đông Ngạc, Hà Nội","Bắc Từ Liêm, Hà Nội"
"Số 7 ngõ 848 Đường Bạch Đằng, Phường Vĩnh Tuy, Hà Nội","Hai Bà Trưng, Hà Nội"
"số 8A ngách 28/132 A Đường Đại Linh, Phường Đại Mỗ, Hà Nội","Nam Từ Liêm, Hà Nội"
"191/63 Phố Khương Thượng, Phường Kim Liên, Hà Nội","Đống Đa, Hà Nội"
"Đường Đông Thiên, Phường Vĩnh Hưng, Hà Nội","Hoàng Mai, Hà Nội"
"14 Đường Văn Minh, Xã Hoài Đức, Hà Nội","Hoài Đức, Hà Nội"
"83 Ngõ 242 Đường Láng, Phường Đống Đa, Hà Nội","Đống Đa, Hà Nội"
"Số 6 Ngõ 28 Phố Thanh Bảo, Phường Giảng Võ, Hà Nội","Ba Đình, Hà Nội"
"Số nhà 95 Ngõ 87 Đường Nguyễn Khang, Phường Cầu Giấy, Hà Nội","Cầu Giấy, Hà Nội"
"Số 2 Ngõ 322/95/1 Đường Mỹ Đình, Phường Từ Liêm, Hà Nội","Nam Từ Liêm, Hà Nội"
"166 Phố Kim Mã, Phường Giảng Võ, Hà Nội","Ba Đình, Hà Nội"
"Nhà 2 ngõ 36 Đường số 32, Phường Tây Tựu, Hà Nội","Bắc Từ Liêm, Hà Nội"
"6 Ngõ 57, Phường Từ Liêm, Hà Nội","Nam Từ Liêm, Hà Nội"
"435 Đường Đội Cấn, Phường Ba Đình, Hà Nội","Ba Đình, Hà Nội"
"86 Đường Lê Đức Thọ, Xã Lạc Phượng, Hà Nội","Nam Từ Liêm, Hà Nội"
"11 ngách 3 ngõ 333 Phố Phố Vọng, Phường Bạch Mai, Hà Nội","Hai Bà Trưng, Hà Nội"
"1 Đường số 32, Hà Nội","Bắc Từ Liêm, Hà Nội"
"113 Phố Phố Huế, Phường Cửa Nam, Hà Nội","Hai Bà Trưng, Hà Nội"
"Đường Phú Diễn, Hà Nội","Bắc Từ Liêm, Hà Nội"
"38 ngõ 255 Đường Nguyễn Khang, Phường Cầu Giấy, Hà Nội","Cầu Giấy, Hà Nội"
"Phố Khúc Thừa Dụ, Phường Cầu Giấy, Hà Nội","Cầu Giấy, Hà Nội"
"63/41/27 Phố Phố Vọng, Phường Bạch Mai, Hà Nội","Hai Bà Trưng, Hà Nội"
"5h ngõ 29/68 Phố Khương Hạ, Phường Khương Đình, Hà Nội","Thanh Xuân, Hà Nội"
"30 Ngõ 89 Đường Tứ Liên, Phường Hồng Hà, Hà Nội","Tây Hồ, Hà Nội"
"Đường Hữu Lê, Hà Nội","Thanh Trì, Hà Nội"
"156 Phố Lò Đúc, Phường Hai Bà Trưng, Hà Nội","Hai Bà Trưng, Hà Nội"
"3 Đường Thanh Lãm, Phường Phú Lương, Hà Nội","Hà Đông, Hà Nội"
"3B ngách 75/31 Đường Phú Mỹ, Xã Lạc Phượng, Hà Nội","Nam Từ Liêm, Hà Nội"
"5 ngách 100/29 Đường Nguyễn Xiển, Phường Khương Đình, Hà Nội","Thanh Xuân, Hà Nội"
"ngõ 16 Phố Hoàng Cầu, Phường Ô Chợ Dừa, Hà Nội","Đống Đa, Hà Nội"
"D49-12 Phố Lê Trọng Tấn, Phường Dương Nội, Hà Nội","Hà Đông, Hà Nội"
"Số 45 Ngõ Hoàng An Đường Lê Duẩn, Phường Văn Miếu - Quốc Tử Giám, Hà Nội","Đống Đa, Hà Nội"
"9 Đường Nguyễn Khánh Toàn, Phường Nghĩa Đô, Hà Nội","Cầu Giấy, Hà Nội"
"70 ngõ 1 Đường Phan Đình Giót, Phường Phương Liệt, Hà Nội","Thanh Xuân, Hà Nội"
"Số 1 ngõ 409 Đường Đội Cấn, Phường Ba Đình, Hà Nội","Ba Đình, Hà Nội"
"192 Đường Kim Giang, Phường Định Công, Hà Nội","Hoàng Mai, Hà Nội"
"Số nhà 7 ngõ 149 Đường Nguyễn Tuân, Phường Thanh Xuân, Hà Nội","Thanh Xuân, Hà Nội"
"Số 4 ngách 43 ngõ Trại Cá Đường Trương Định, Xã Phù Đổng, Hà Nội","Hai Bà Trưng, Hà Nội"
"Đường Nguyễn Lân, Phường Phương Liệt, Hà Nội","Thanh Xuân, Hà Nội"
"15A, ngõ 8, ngách 174 Đường Lê Quang Đạo, Phường Từ Liêm, Hà Nội","Nam Từ Liêm, Hà Nội"
"Ngõ 68/65 Đường Phú Diễn, Phường Phú Diễn, Hà Nội","Bắc Từ Liêm, Hà Nội"
"Đường Thượng Phúc, Xã Đại Thanh, Hà Nội","Thanh Trì, Hà Nội"
"Đường Quan Hoa, Phường Cầu Giấy, Hà Nội","Cầu Giấy, Hà Nội"
"45 Đường Phú Diễn, Phường Phú Diễn, Hà Nội","Bắc Từ Liêm, Hà Nội"
"Số 86 Ngõ 521 Đường Cổ Nhuế, Phường Đông Ngạc, Hà Nội","Bắc Từ Liêm, Hà Nội"
"Lô 8 Đường Đền Lừ, Phường Tương Mai, Hà Nội","Hoàng Mai, Hà Nội"
"Ngõ 87/51 Đường Yên Xá, Phường Thanh Liệt, Hà Nội","Thanh Trì, Hà Nội"
"Phố Phùng Chí Kiên, Phường Nghĩa Đô, Hà Nội","Cầu Giấy, Hà Nội"
"Số 2, Ngõ 2 Đường Tây Sơn, Phường Kim Liên, Hà Nội","Đống Đa, Hà Nội"
"Ngõ 93 Phố Ngọc Trục, Hà Nội","Nam Từ Liêm, Hà Nội"
"Số 10, Ngõ 1 Đường Tô Vĩnh Diện, Phường Khương Đình, Hà Nội","Thanh Xuân, Hà Nội"
"Lô 1 Đường Đền Lừ, Phường Tương Mai, Hà Nội","Hoàng Mai, Hà Nội"
"67 phùng khoang, Phường Đại Mỗ, Hà Nội","Nam Từ Liêm, Hà Nội"
"CT6 Văn Khê Phố Vạn Phúc, Phường Hà Đông, Hà Nội","Hà Đông, Hà Nội"
"19 ngõ Quan Thổ 1 Phố Tôn Đức Thắng, Hà Nội","Đống Đa, Hà Nội"
"ngõ 23 Phố Nguyễn Ngọc Vũ, Xã Trung Giã, Hà Nội","Cầu Giấy, Hà Nội"
"24 Lê Quý Đôn - Hai Bà Trưng Đường Lê Quý Đôn, Hà Nội","Hai Bà Trưng, Hà Nội"
"162 Đường Dương Văn Bé, Phường Vĩnh Tuy, Hà Nội","Hai Bà Trưng, Hà Nội"
"Số nhà 21, Ngõ 15 Đường An Dương Vương, Phường Phú Thượng, Hà Nội","Tây Hồ, Hà Nội"
"53 ngách 299/62 Đường Hoàng Mai, Phường Tương Mai, Hà Nội","Hoàng Mai, Hà Nội"
"ngõ 165 Đường Cầu Giấy, Phường Cầu Giấy, Hà Nội","Cầu Giấy, Hà Nội"
"11 Đường Hồ Tùng Mậu, Phường Phú Diễn, Hà Nội","Bắc Từ Liêm, Hà Nội"
"Đường Hồ Tùng Mậu, Phường Phú Diễn, Hà Nội","Bắc Từ Liêm, Hà Nội"
"Phố Mạc Thị Bưởi, Phường Vĩnh Tuy, Hà Nội","Hai Bà Trưng, Hà Nội"
"Số 24, Ngách 69, Ngõ 57 Đường Mễ Trì Hạ, Phường Từ Liêm, Hà Nội","Nam Từ Liêm, Hà Nội"
"Ngõ 2 Đường Đại Lộ Thăng Long, Phường Từ Liêm, Hà Nội","Nam Từ Liêm, Hà Nội"
"Số 2A Ngõ 267 Đường Hoàng Hoa Thám, Phường Ba Đình, Hà Nội","Ba Đình, Hà Nội"
"322/118 Đường Mỹ Đình, Phường Từ Liêm, Hà Nội","Nam Từ Liêm, Hà Nội"
"277 Đường Trung Văn, Phường Đại Mỗ, Hà Nội","Nam Từ Liêm, Hà Nội"
"Tổ 12 Đường Yên Nghĩa, Phường Yên Nghĩa, Hà Nội","Hà Đông, Hà Nội"
"136/1194 Đường Láng, Phường Láng, Hà Nội","Đống Đa, Hà Nội"
"44 Đường Trần Hữu Tước, Phường Đống Đa, Hà Nội","Đống Đa, Hà Nội"
"172/8 Đường Phú Diễn, Phường Phú Diễn, Hà Nội","Bắc Từ Liêm, Hà Nội"
"B1 - 7 Đường Hoàng Quốc Việt, Phường Nghĩa Đô, Hà Nội","Cầu Giấy, Hà Nội"
"số 8 ngõ 94 Đường Âu Cơ, Phường Hồng Hà, Hà Nội","Tây Hồ, Hà Nội"
"3 Đường Trần Khát Chân, Phường Vĩnh Tuy, Hà Nội","Hai Bà Trưng, Hà Nội"
"Ngách 74 ngõ 43 Đường Cổ Nhuế, Phường Đông Ngạc, Hà Nội","Bắc Từ Liêm, Hà Nội"
"Ngõ 1/62/48 Đường Bùi Xương Trạch, Phường Khương Đình, Hà Nội","Thanh Xuân, Hà Nội"
"Số 8, ngõ 94 Đường Âu Cơ, Phường Hồng Hà, Hà Nội","Tây Hồ, Hà Nội"
"26 ngõ 17 Đường Phú Kiều, Phường Phú Diễn, Hà Nội","Bắc Từ Liêm, Hà Nội"
"103 khu NG. Học Viện Mật Mã Đường Chiến Thắng, Phường Thanh Liệt, Hà Nội","Thanh Trì, Hà Nội"
"Số 40/39 ngõ Mai Hương Phố Bạch Mai, Phường Bạch Mai, Hà Nội","Hai Bà Trưng, Hà Nội"
"136 Tổ 16, Ngõ 36 Phố Dịch Vọng Hậu, Phường Cầu Giấy, Hà Nội","Cầu Giấy, Hà Nội"
"Đường Phan Trọng Tuệ, Hà Nội","Thanh Trì, Hà Nội"
"8 ngõ 94 Đường Âu Cơ, Phường Hồng Hà, Hà Nội","Tây Hồ, Hà Nội"
"32 Đường Ngọc Thụy, Phường Bồ Đề, Hà Nội","Long Biên, Hà Nội"
"Ngõ 94 Đường Âu Cơ, Phường Hồng Hà, Hà Nội","Tây Hồ, Hà Nội"
"Nhà số 54 Đường Mễ Trì Thượng, Phường Từ Liêm, Hà Nội","Nam Từ Liêm, Hà Nội"
"5A Phố Trần Bình, Phường Phú Diễn, Hà Nội","Cầu Giấy, Hà Nội"
"353 Đường Cầu Giấy, Phường Cầu Giấy, Hà Nội","Cầu Giấy, Hà Nội"
"Ngô 143 Đường Giáp Tứ, Phường Hoàng Mai, Hà Nội","Hoàng Mai, Hà Nội"
"234 Đường Hoàng Quốc Việt, Phường Nghĩa Đô, Hà Nội","Bắc Từ Liêm, Hà Nội"
"46 Đường Nguyễn Đạo An, Phường Phú Diễn, Hà Nội","Bắc Từ Liêm, Hà Nội"
"33 Đường Khương Đình, Phường Khương Đình, Hà Nội","Thanh Xuân, Hà Nội"
"98 Ngõ Giếng Mứt Phố Bạch Mai, Phường Bạch Mai, Hà Nội","Hai Bà Trưng, Hà Nội"
"Ngõ 649 Đường Lĩnh Nam, Xã Bát Tràng, Hà Nội","Hoàng Mai, Hà Nội"
"Số 21 Ngõ 94 Đường Ngọc Hà, Phường Ba Đình, Hà Nội","Ba Đình, Hà Nội"
"5/12 Đường Phạm Văn Đồng, Phường Phú Diễn, Hà Nội","Cầu Giấy, Hà Nội"
"Ngõ 138 Đường Mễ Trì Thượng, Phường Từ Liêm, Hà Nội","Nam Từ Liêm, Hà Nội"
"Ngõ 230 Đường Võ Chí Công, Phường Tây Hồ, Hà Nội","Tây Hồ, Hà Nội"
"Số 9, Ngõ 288 Đường Hoàng Mai, Phường Tương Mai, Hà Nội","Hoàng Mai, Hà Nội"
"Số 5 ngõ 176 Đường Đội Cấn, Phường Ba Đình, Hà Nội","Ba Đình, Hà Nội"
"13 hẻm 4/81 ngõ hòa bình 7 Đường Minh Khai, Phường Bạch Mai, Hà Nội","Hai Bà Trưng, Hà Nội"
"16 Đường Lê Quang Đạo, Phường Từ Liêm, Hà Nội","Nam Từ Liêm, Hà Nội"
"9 ngõ 122 Đường Do Nha, Phường Tây Mỗ, Hà Nội","Nam Từ Liêm, Hà Nội"
"52 Đường Minh Khai, Phường Bạch Mai, Hà Nội","Hai Bà Trưng, Hà Nội"
"48 ngõ 144 Phố Quan Nhân, Phường Thanh Xuân, Hà Nội","Thanh Xuân, Hà Nội"
"54/342 Đường Khương Đình, Phường Khương Đình, Hà Nội","Thanh Xuân, Hà Nội"
"347/116 Đường Cổ Nhuế, Phường Đông Ngạc, Hà Nội","Bắc Từ Liêm, Hà Nội"
"24 ngõ 178 Đường Cổ Nhuế, Phường Đông Ngạc, Hà Nội","Bắc Từ Liêm, Hà Nội"
"Đường Dương Lâm, Phường Hà Đông, Hà Nội","Hà Đông, Hà Nội"
"Số 1 ngõ 116/56 Đường Miếu Đầm, Phường Từ Liêm, Hà Nội","Nam Từ Liêm, Hà Nội"
"192 Phố Kim Mã, Phường Giảng Võ, Hà Nội","Ba Đình, Hà Nội"
"98 Phố Thái Hà, Phường Ô Chợ Dừa, Hà Nội","Đống Đa, Hà Nội"
"105 Phố Bà Triệu, Phường Hà Đông, Hà Nội","Hà Đông, Hà Nội"
"Xã Trung Giã, Hà Nội","Cầu Giấy, Hà Nội"
"29 ngõ 30 Đường Phú Mỹ, Phường Từ Liêm, Hà Nội","Nam Từ Liêm, Hà Nội"
"Ngõ 1 Đường Phố Viên, Phường Đông Ngạc, Hà Nội","Bắc Từ Liêm, Hà Nội"
"Ngõ 310 Đường Nghi Tàm, Phường Hồng Hà, Hà Nội","Tây Hồ, Hà Nội"
"35 Đường Trần Thái Tông, Phường Cầu Giấy, Hà Nội","Cầu Giấy, Hà Nội"
"44/421 Đường Phú Diễn, Phường Xuân Đỉnh, Hà Nội","Bắc Từ Liêm, Hà Nội"
"295 Phố Bạch Mai, Phường Bạch Mai, Hà Nội","Hai Bà Trưng, Hà Nội"
"Phố Ngọc Trục, Hà Nội","Nam Từ Liêm, Hà Nội"
"9 Đường Cầu Diễn, Phường Phú Diễn, Hà Nội","Bắc Từ Liêm, Hà Nội"
"Số 1 Đường số 32, Phường Phú Diễn, Hà Nội","Bắc Từ Liêm, Hà Nội"
"Số 20 ngõ 205 Đường Phú Diễn, Phường Phú Diễn, Hà Nội","Bắc Từ Liêm, Hà Nội"
"Số 4 ngõ 34 Đường Cầu Diễn, Phường Từ Liêm, Hà Nội","Nam Từ Liêm, Hà Nội"
"Số 1 Ngách 69 Ngõ 158 Đường Ngọc Hà, Phường Ba Đình, Hà Nội","Ba Đình, Hà Nội"
"26 Đường Xuân Đỉnh, Phường Xuân Đỉnh, Hà Nội","Bắc Từ Liêm, Hà Nội"
"143 Phố Kim Mã, Phường Giảng Võ, Hà Nội","Ba Đình, Hà Nội"
"85/95 Đường Đức Diễn, Phường Phú Diễn, Hà Nội","Bắc Từ Liêm, Hà Nội"
"7 ngõ Phố Trịnh Văn Bô, Phường Xuân Phương, Hà Nội","Nam Từ Liêm, Hà Nội"
"24/128 Đường Nguyễn Đạo An, Phường Phú Diễn, Hà Nội","Bắc Từ Liêm, Hà Nội"
"Số 1 Ngõ 211/237/24 Khương Trung Đường Khương Trung, Phường Khương Đình, Hà Nội","Thanh Xuân, Hà Nội"
"5 Phố Văn Miếu, Phường Văn Miếu - Quốc Tử Giám, Hà Nội","Đống Đa, Hà Nội"
"25 Đường Võ Quý Huân, Phường Phú Diễn, Hà Nội","Bắc Từ Liêm, Hà Nội"
"6a Đường Cầu Giấy, Phường Nghĩa Đô, Hà Nội","Cầu Giấy, Hà Nội"
"23 ngõ 74 Đường Cầu Diễn, Phường Phú Diễn, Hà Nội","Bắc Từ Liêm, Hà Nội"
"Số 10 ngách 60 ngõ 40 Phố Tạ Quang Bửu, Phường Bạch Mai, Hà Nội","Hai Bà Trưng, Hà Nội"
"Phố Lê Trọng Tấn, Xã An Khánh, Hà Nội","Hoài Đức, Hà Nội"
"30/401 Đường Xuân Đỉnh, Phường Xuân Đỉnh, Hà Nội","Bắc Từ Liêm, Hà Nội"
"13/401 Đường Xuân Đỉnh, Phường Xuân Đỉnh, Hà Nội","Bắc Từ Liêm, Hà Nội"
"ngõ 41 Đông Tác, Kim Liên, Đống Đa., Hà Nội","Đống Đa, Hà Nội"
"52, LK 17 Đường Dọc Bún 1, Phường Hà Đông, Hà Nội","Hà Đông, Hà Nội"
"Đường Nguyễn Khuyến, Phường Văn Miếu - Quốc Tử Giám, Hà Nội","Đống Đa, Hà Nội"
"Đường Thú Y, Xã Hoài Đức, Hà Nội","Hoài Đức, Hà Nội"
"số 3 ngõ 110 Đường Phú Diễn, Phường Phú Diễn, Hà Nội","Bắc Từ Liêm, Hà Nội"
"Số 145, Ngõ 172 Đường Cầu Diễn, Hà Nội","Nam Từ Liêm, Hà Nội"
"47 Phố Nhân Hòa, Phường Thanh Xuân, Hà Nội","Thanh Xuân, Hà Nội"
"Ngõ 30 Phố Mai Anh Tuấn, Phường Ô Chợ Dừa, Hà Nội","Đống Đa, Hà Nội"
"ngõ 205 Đường Phú Diễn, Phường Phú Diễn, Hà Nội","Bắc Từ Liêm, Hà Nội"
"số 34 ngõ 322/22 Đường Mỹ Đình, Phường Từ Liêm, Hà Nội","Nam Từ Liêm, Hà Nội"
"22A, Ngõ 4, Xóm Chùa Đường Cầu Tó, Xã Đại Thanh, Hà Nội","Thanh Trì, Hà Nội"
"Đường Hà Trì, Phường Hà Đông, Hà Nội","Hà Đông, Hà Nội"
"10 ngõ 155 Cầu giấy Đường Cầu Giấy, Phường Nghĩa Đô, Hà Nội","Cầu Giấy, Hà Nội"
"105 ngõ 59 Đường Dương Khuê, Phường Phú Diễn, Hà Nội","Cầu Giấy, Hà Nội"
"Đường Cao Lỗ, Xã Đông Anh, Hà Nội","Đông Anh, Hà Nội"
"5.36.37 Đường Phú Mỹ, Xã Lạc Phượng, Hà Nội","Nam Từ Liêm, Hà Nội"
"5/12a ngõ 89 Đường Phạm Văn Đồng, Phường Phú Diễn, Hà Nội","Cầu Giấy, Hà Nội"
"5 Ngõ 129/12 Đường Nguyễn Trãi, Phường Khương Đình, Hà Nội","Thanh Xuân, Hà Nội"
"140 Đường Thú Y, Xã Hoài Đức, Hà Nội","Hoài Đức, Hà Nội"
"639 Đường Phúc Diễn, Phường Xuân Phương, Hà Nội","Nam Từ Liêm, Hà Nội"
"7 ngõ 73/33 Đường Võ Quý Huân, Phường Tây Tựu, Hà Nội","Bắc Từ Liêm, Hà Nội"
"111 Đường Nguyễn Khuyến, Phường Văn Miếu - Quốc Tử Giám, Hà Nội","Đống Đa, Hà Nội"
"Đường Cầu Bươu, Phường Thanh Liệt, Hà Nội","Thanh Trì, Hà Nội"
"3B NGÕ 46 Đường Xuân Phương, Phường Xuân Phương, Hà Nội","Nam Từ Liêm, Hà Nội"
"Đường Phúc La, Hà Nội","Hà Đông, Hà Nội"
"Số nhà 11 ngõ 64 Đường Cầu Diễn, Phường Phú Diễn, Hà Nội","Bắc Từ Liêm, Hà Nội"
"69 Đường Vạn Xuân, Phường Từ Liêm, Hà Nội","Nam Từ Liêm, Hà Nội"
"290 Phố Kim Mã, Phường Giảng Võ, Hà Nội","Ba Đình, Hà Nội"
"29 ngách 95/106 Đường Vũ Xuân Thiều, Phường Tây Tựu, Hà Nội","Long Biên, Hà Nội"
"Ngõ 84 Đường Cổ Nhuế, Phường Đông Ngạc, Hà Nội","Bắc Từ Liêm, Hà Nội"
"5A, 37/4 Đường Dịch Vọng, Phường Cầu Giấy, Hà Nội","Cầu Giấy, Hà Nội"
"ngõ 7 Phố Thái Hà, Phường Ô Chợ Dừa, Hà Nội","Đống Đa, Hà Nội"
"Đường Thịnh Hào, Hà Nội","Đống Đa, Hà Nội"
"Nhà số 9 ngõ 133 Đường Hoa Bằng, Phường Cầu Giấy, Hà Nội","Cầu Giấy, Hà Nội"
"5A/94/193 Đường Phú Diễn, Hà Nội","Nam Từ Liêm, Hà Nội"
"210 Đường Bưởi, Phường Ngọc Hà, Hà Nội","Ba Đình, Hà Nội"
"Đường Lê Duẩn, Phường Kim Liên, Hà Nội","Đống Đa, Hà Nội"
"43 ngõ 79 Đường Cầu Giấy, Phường Nghĩa Đô, Hà Nội","Cầu Giấy, Hà Nội"
"ngõ 39 Phố Phạm Tuấn Tài, Phường Cầu Giấy, Hà Nội","Cầu Giấy, Hà Nội"
"116/56 Đường Miếu Đầm, Phường Từ Liêm, Hà Nội","Nam Từ Liêm, Hà Nội"
"Số 6 ngách 2/17 Đường Đình Quán, Phường Phú Diễn, Hà Nội","Bắc Từ Liêm, Hà Nội"
"ngõ 367 Đường Xuân Phương, Phường Xuân Phương, Hà Nội","Nam Từ Liêm, Hà Nội"
"32 Đường Kim Ngưu, Phường Bạch Mai, Hà Nội","Hai Bà Trưng, Hà Nội"
"số nhà 1B, ngõ 30 Đường Đình Quán, Phường Phú Diễn, Hà Nội","Bắc Từ Liêm, Hà Nội"
"Đường Vạn Xuân, Xã Hoài Đức, Hà Nội","Hoài Đức, Hà Nội"
"số 12, dãy B3, cuối ngõ 92 Đường Trần Phú, Phường Hà Đông, Hà Nội","Hà Đông, Hà Nội"
"Số 37, ngách 237, ngõ 211 Đường Khương Trung, Phường Khương Đình, Hà Nội","Thanh Xuân, Hà Nội"
"148 Đường Trần Duy Hưng, Xã Trung Giã, Hà Nội","Cầu Giấy, Hà Nội"
"số 6, 148 Đường Trần Duy Hưng, Xã Trung Giã, Hà Nội","Cầu Giấy, Hà Nội"
"20/634 Đường Kim Giang, Hà Nội","Thanh Trì, Hà Nội"
"Đường Nguyễn Văn Luyện, Phường Dương Nội, Hà Nội","Hà Đông, Hà Nội"
"c47 Phố Lê Trọng Tấn, Phường Dương Nội, Hà Nội","Hà Đông, Hà Nội"
"Ngõ 270 Đường Trường Chinh, Phường Kim Liên, Hà Nội","Đống Đa, Hà Nội"
"Nhà số 12, ngõ 7 Đường Ao Sen, Phường Hà Đông, Hà Nội","Hà Đông, Hà Nội"
"36/90 Phố Yên Lạc, Phường Vĩnh Tuy, Hà Nội","Hai Bà Trưng, Hà Nội"
"Số 27 ngõ 2 Đường Phạm Văn Nghị, Phường Đông Ngạc, Hà Nội","Bắc Từ Liêm, Hà Nội"
"22 ngõ 127 ngách 38 Phố Hào Nam, Phường Ô Chợ Dừa, Hà Nội","Đống Đa, Hà Nội"
"90 Đường Phú Diễn, Phường Phú Diễn, Hà Nội","Bắc Từ Liêm, Hà Nội"
"19/17 đường Thụy Khuê, Phường Tây Hồ, Hà Nội","Tây Hồ, Hà Nội"
"93 Đường Trung Văn, Phường Đại Mỗ, Hà Nội","Nam Từ Liêm, Hà Nội"
"Ngõ 62 Đường Trần Thái Tông, Phường Cầu Giấy, Hà Nội","Cầu Giấy, Hà Nội"
"Số 3 Ngõ 1096 Đường Láng, Phường Láng, Hà Nội","Đống Đa, Hà Nội"
"Đường Tỉnh Lộ 422B, Xã Sơn Đồng, Hà Nội","Hoài Đức, Hà Nội"
"Khu A, Dịch Vụ Yên Nghĩa Đường Ba La, Phường Yên Nghĩa, Hà Nội","Hà Đông, Hà Nội"
"42 ngõ 29 Khương Hạ Phố Khương Hạ, Phường Khương Đình, Hà Nội","Thanh Xuân, Hà Nội"
"30 Đường Khương Đình, Phường Khương Đình, Hà Nội","Thanh Xuân, Hà Nội"
"5 ngách 99 ngõ 168 Đường Kim Giang, Phường Định Công, Hà Nội","Hoàng Mai, Hà Nội"
"27/17 Đường Kiều Mai, Phường Phú Diễn, Hà Nội","Bắc Từ Liêm, Hà Nội"
"24/15/18 Đường Minh Khai, Phường Tương Mai, Hà Nội","Hoàng Mai, Hà Nội"
"Đường Đại Tự, Xã Hoài Đức, Hà Nội","Hoài Đức, Hà Nội"
"105 Bà Triệu, Phường Hà Đông, Hà Nội","Hà Đông, Hà Nội"
"41 Ngõ 197 Đường Trần Phú, Phường Hà Đông, Hà Nội","Hà Đông, Hà Nội"
"24 ngõ 41 Đường Đông Tác, Phường Kim Liên, Hà Nội","Đống Đa, Hà Nội"
"18 ngõ 170/90 Đường Vĩnh Hưng, Phường Vĩnh Hưng, Hà Nội","Hoàng Mai, Hà Nội"
"16b ngách 27/39 ngõ 45 Đường Võ Chí Công, Phường Nghĩa Đô, Hà Nội","Cầu Giấy, Hà Nội"
"số 26 Phố Nguyên Xá Đường Cầu Diễn, Phường Tây Tựu, Hà Nội","Bắc Từ Liêm, Hà Nội"
"Ngõ 142 Đường Đội Cấn, Phường Ba Đình, Hà Nội","Ba Đình, Hà Nội"
"77, ngõ 41 Đường Đông Tác, Phường Kim Liên, Hà Nội","Đống Đa, Hà Nội"
"Ngõ 419 Đường Phan Trọng Tuệ, Hà Nội","Thanh Trì, Hà Nội"
"85 Phố Sài Đồng, Phường Phúc Lợi, Hà Nội","Long Biên, Hà Nội"
"So 53 ngo 103 Phố số 8/3, Phường Bạch Mai, Hà Nội","Hai Bà Trưng, Hà Nội"
"2A1/188 Đường Triều Khúc, Phường Thanh Liệt, Hà Nội","Thanh Trì, Hà Nội"
"Đường Trinh Lương, Phường Phú Lương, Hà Nội","Hà Đông, Hà Nội"
"ngõ 123 Đường Xuân Phương, Phường Xuân Phương, Hà Nội","Nam Từ Liêm, Hà Nội"
"Khu đấu giá Yên Xá Đường Phúc La, Phường Hà Đông, Hà Nội","Hà Đông, Hà Nội"
"Số nhà 31, ngách 14 ngõ 622 Đường Minh Khai, Phường Vĩnh Tuy, Hà Nội","Hai Bà Trưng, Hà Nội"
"191 Đường Phạm Văn Đồng, Phường Nghĩa Đô, Hà Nội","Bắc Từ Liêm, Hà Nội"
"số 2 Đường Yên Bình, Phường Hà Đông, Hà Nội","Hà Đông, Hà Nội"
"Số 9 ngõ 74 Đường Cầu Diễn, Phường Phú Diễn, Hà Nội","Bắc Từ Liêm, Hà Nội"
"5A Đường Hòe Thị, Phường Xuân Phương, Hà Nội","Nam Từ Liêm, Hà Nội"
"106 Đường số 19/5, Phường Hà Đông, Hà Nội","Hà Đông, Hà Nội"
"15/42/120 Đường Kim Giang, Phường Định Công, Hà Nội","Hoàng Mai, Hà Nội"
"Ngõ 41 Đông tác Đường Đông Tác, Phường Kim Liên, Hà Nội","Đống Đa, Hà Nội"
"Số 16 ngõ 47 Đường Đức Giang, Phường Việt Hưng, Hà Nội","Long Biên, Hà Nội"
"Số 5 ngõ 193 ngách 32 Đường Bồ Đề, Phường Bồ Đề, Hà Nội","Long Biên, Hà Nội"
"Đường Cao trung 1, Xã Thuận An, Hà Nội","Hoài Đức, Hà Nội"
"số 1 ngõ 145 Phố Đình Thôn, Phường Từ Liêm, Hà Nội","Nam Từ Liêm, Hà Nội"
"Đường Thổ Quan, Phường Ô Chợ Dừa, Hà Nội","Đống Đa, Hà Nội"
"Số 6C, ngách 116, ngõ 245 Đường Định Công, Phường Định Công, Hà Nội","Hoàng Mai, Hà Nội"
"Số 1A ngách 5 Đường Hoàng Quốc Việt, Phường Nghĩa Đô, Hà Nội","Cầu Giấy, Hà Nội"
"2X - Ngõ 232 Đường Yên Hòa, Phường Cầu Giấy, Hà Nội","Cầu Giấy, Hà Nội"
"Đường Dương Văn Bé, Phường Vĩnh Tuy, Hà Nội","Hai Bà Trưng, Hà Nội"
"Đường Cầu Tó, Hà Nội","Thanh Trì, Hà Nội"
"Mặt hồ Đầm Hồng Đường Khương Trung, Phường Khương Đình, Hà Nội","Thanh Xuân, Hà Nội"
"197/33A Đường Trung Kiên, Hà Nội","Bắc Từ Liêm, Hà Nội"
"42 ngõ 77 Đường Cầu Noi, Phường Đông Ngạc, Hà Nội","Bắc Từ Liêm, Hà Nội"
"99, Ngõ 99/110 Đường Định Công Hạ, Phường Định Công, Hà Nội","Hoàng Mai, Hà Nội"
"Số nhà 50 ngõ 46 Đường Triều Khúc, Phường Thanh Xuân, Hà Nội","Thanh Xuân, Hà Nội"
"84 Đường Đàm Quang Trung, Phường Long Biên, Hà Nội","Long Biên, Hà Nội"
"Số nhà 8 ngách 26/36 Đường Cầu Diễn, Phường Phú Diễn, Hà Nội","Bắc Từ Liêm, Hà Nội"
"35 Đường Lê Đức Thọ, Xã Lạc Phượng, Hà Nội","Nam Từ Liêm, Hà Nội"
"ngõ 401 Đường Xuân Đỉnh, Phường Xuân Đỉnh, Hà Nội","Bắc Từ Liêm, Hà Nội"
"Số 70 ngõ 125 Đường Bùi Xương Trạch, Phường Khương Đình, Hà Nội","Thanh Xuân, Hà Nội"
"Số nhà 41 hẻm 67 ngách 77 ngõ 207 Đường Bùi Xương Trạch, Phường Khương Đình, Hà Nội","Thanh Xuân, Hà Nội"
"124 Đường Hòe Thị, Phường Xuân Phương, Hà Nội","Nam Từ Liêm, Hà Nội"
"Số 14, ngõ 1 Đường Trường Chinh, Phường Phương Liệt, Hà Nội","Thanh Xuân, Hà Nội"
"26B7 Đường Phúc Đồng, Phường Phúc Lợi, Hà Nội","Long Biên, Hà Nội"
"17 TRỊNH VĂN BÔ Đường Phương Canh, Phường Xuân Phương, Hà Nội","Nam Từ Liêm, Hà Nội"
"Ngõ Kiến Thiết Phố Khâm Thiên, Phường Văn Miếu - Quốc Tử Giám, Hà Nội","Đống Đa, Hà Nội"
"Lô 44 khu đất dịch vụ Lai Xá Đường Lai Xá, Xã Hoài Đức, Hà Nội","Hoài Đức, Hà Nội"
"286 Đường Đê La Thành, Phường Văn Miếu - Quốc Tử Giám, Hà Nội","Đống Đa, Hà Nội"
"Đường Vĩnh Phúc, Phường Ngọc Hà, Hà Nội","Ba Đình, Hà Nội"
"19/66 Đại Cồ Việt Đường Đại Cồ Việt, Phường Hai Bà Trưng, Hà Nội","Hai Bà Trưng, Hà Nội"
"55 Đường Trinh Lương, Hà Nội","Hà Đông, Hà Nội"
"37 ngách 89 ngõ Thịnh Quang Đường Tây Sơn, Phường Đống Đa, Hà Nội","Đống Đa, Hà Nội"
"Số 6 ngõ 61 Đường Lạc Long Quân, Phường Nghĩa Đô, Hà Nội","Cầu Giấy, Hà Nội"
"29 Đường Láng, Phường Láng, Hà Nội","Đống Đa, Hà Nội"
"61 Phố Vạn Phúc, Phường Hà Đông, Hà Nội","Hà Đông, Hà Nội"
"21 hẻm 85/43 Đường Hồ Văn Chương, Phường Văn Miếu - Quốc Tử Giám, Hà Nội","Đống Đa, Hà Nội"
"26 ngõ 806 Đường Kim Giang, Hà Nội","Thanh Trì, Hà Nội"
"9A Đường Bằng A, Phường Hoàng Liệt, Hà Nội","Hoàng Mai, Hà Nội"
"nhà 9A Đường Bằng A, Phường Hoàng Liệt, Hà Nội","Hoàng Mai, Hà Nội"
"101 Đường Hoàng Ngân, Phường Thanh Xuân, Hà Nội","Thanh Xuân, Hà Nội"
"SN 32 Ngõ 207/28 Đường Xuân Đỉnh, Phường Xuân Đỉnh, Hà Nội","Bắc Từ Liêm, Hà Nội"
"31 ngõ 401 Đường Cổ Nhuế, Phường Nghĩa Đô, Hà Nội","Bắc Từ Liêm, Hà Nội"
"Số 8 ngách 26/36 cầu diễn Đường Cầu Diễn, Phường Phú Diễn, Hà Nội","Bắc Từ Liêm, Hà Nội"
"104 B3 Đường Tô Hiệu, Phường Nghĩa Đô, Hà Nội","Cầu Giấy, Hà Nội"
"Số 13 ngách 5 ngõ 214 Đường Nguyễn Xiển, Phường Thanh Xuân, Hà Nội","Thanh Xuân, Hà Nội"
"Số 09 Phương Canh Đường Phương Canh, Phường Xuân Phương, Hà Nội","Nam Từ Liêm, Hà Nội"
"Số 73 ngõ 14 Đường Mễ Trì Hạ, Phường Từ Liêm, Hà Nội","Nam Từ Liêm, Hà Nội"
"Số 14 ngách 15 Đường Gốc Đề, Phường Bạch Mai, Hà Nội","Hai Bà Trưng, Hà Nội"
"Số 16 ngõ 25/46 Đường An Hòa, Phường Hà Đông, Hà Nội","Hà Đông, Hà Nội"
"53 Đường Tân Triều, Phường Thanh Liệt, Hà Nội","Thanh Trì, Hà Nội"
"127 Phố Hào Nam, Phường Ô Chợ Dừa, Hà Nội","Đống Đa, Hà Nội"
"Số nhà 83 ngõ 387 Phố Vũ Tông Phan, Phường Khương Đình, Hà Nội","Thanh Xuân, Hà Nội"
"Số 8, ngách 2, ngõ 84 Đường Đàm Quang Trung, Phường Long Biên, Hà Nội","Long Biên, Hà Nội"
"ngõ 124 hòe thị Đường Hòe Thị, Phường Xuân Phương, Hà Nội","Nam Từ Liêm, Hà Nội"
"77 Đường Hoàng Quốc Việt, Phường Nghĩa Đô, Hà Nội","Cầu Giấy, Hà Nội"
"2/61 Phố Vạn Phúc, Phường Hà Đông, Hà Nội","Hà Đông, Hà Nội"
"217 Đường Trích Sài, Phường Tây Hồ, Hà Nội","Tây Hồ, Hà Nội"
"Ngõ 158 Ngách 70 Đường Nguyễn Văn Cừ, Phường Bồ Đề, Hà Nội","Long Biên, Hà Nội"
"số nhà 65 ngõ 29 Đường Khương Đình, Phường Khương Đình, Hà Nội","Thanh Xuân, Hà Nội"
"8, ngõ 35, đường Láng Đường Láng, Phường Đống Đa, Hà Nội","Đống Đa, Hà Nội"
"8 ngõ 35, đường Láng Đường Láng, Phường Đống Đa, Hà Nội","Đống Đa, Hà Nội"
"267 Đường Hoàng Hoa Thám, Phường Ba Đình, Hà Nội","Ba Đình, Hà Nội"
"9 ngách 7 ngõ 772 Đường Kim Giang, Hà Nội","Thanh Trì, Hà Nội"
"53/521 Đường Cổ Nhuế, Phường Đông Ngạc, Hà Nội","Bắc Từ Liêm, Hà Nội"
"16b ngách 4 Phố An Trạch, Phường Ô Chợ Dừa, Hà Nội","Đống Đa, Hà Nội"
"Đường Vân Trì, Phường Tây Tựu, Hà Nội","Bắc Từ Liêm, Hà Nội"
"số 9 ngách 639/39/31 Đường Hoàng Hoa Thám, Phường Ba Đình, Hà Nội","Ba Đình, Hà Nội"
"ngõ 1 Đường Đại Mỗ, Hà Nội","Nam Từ Liêm, Hà Nội"
"Đường Tây Mỗ, Phường Tây Mỗ, Hà Nội","Nam Từ Liêm, Hà Nội"
"68 Đường Hà Trì, Phường Hà Đông, Hà Nội","Hà Đông, Hà Nội"
"Đường Phan Kế Bính, Phường Ngọc Hà, Hà Nội","Ba Đình, Hà Nội"
"198 Phố Thái Hà, Phường Đống Đa, Hà Nội","Đống Đa, Hà Nội"
"Số 5A Phố Trần Bình, Phường Phú Diễn, Hà Nội","Cầu Giấy, Hà Nội"
"6 Đường Lê Quang Đạo, Phường Từ Liêm, Hà Nội","Nam Từ Liêm, Hà Nội"
"Ngõ 103 Vạn Phúc, Phường Hà Đông, Hà Nội","Hà Đông, Hà Nội"
"số 44 ngách 45 ngõ 229 Minh Khai - Hai Bà Trưng - Hà Nội Đường Minh Khai, Phường Bạch Mai, Hà Nội","Hai Bà Trưng, Hà Nội"
"7 Ngõ Đình Đông Phố Bạch Mai, Phường Bạch Mai, Hà Nội","Hai Bà Trưng, Hà Nội"
"số 11, ngách 40 ngõ 60 Phố Phố Tân Khai, Phường Vĩnh Hưng, Hà Nội","Hoàng Mai, Hà Nội"
"Số 3 ngõ 39 Phố Đại Đồng, Phường Vĩnh Hưng, Hà Nội","Hoàng Mai, Hà Nội"
"Số 77 ngõ 145 Phố Quan Nhân, Phường Thanh Xuân, Hà Nội","Thanh Xuân, Hà Nội"
"51 ngõ 7 Đường Nguyên Hồng, Phường Giảng Võ, Hà Nội","Ba Đình, Hà Nội"
"Đường Phúc Diễn, Phường Phú Diễn, Hà Nội","Bắc Từ Liêm, Hà Nội"
"56 Phố Hồng Mai, Phường Bạch Mai, Hà Nội","Hai Bà Trưng, Hà Nội"
"266 Đường Đội Cấn, Phường Ba Đình, Hà Nội","Ba Đình, Hà Nội"
"Đường Thụy Phương, Phường Đông Ngạc, Hà Nội","Bắc Từ Liêm, Hà Nội"
"số nhà 12 ngách 59 ngõ 43 Chùa Bộc, Phường Kim Liên, Hà Nội","Đống Đa, Hà Nội"
"số 18 ngách 168/21 Đường Nguyễn Xiển, Phường Khương Đình, Hà Nội","Thanh Xuân, Hà Nội"
"số 295 - Tổ dân phố 3 -Ngõ 9 - Đa Sĩ- Kiến Hưng- Hà đông Đường Đa Sĩ, Phường Kiến Hưng, Hà Nội","Hà Đông, Hà Nội"
"NGÕ 67 Đường Đức Giang, Phường Việt Hưng, Hà Nội","Long Biên, Hà Nội"
"Đường Hồ Tùng Mậu, Phường Từ Liêm, Hà Nội","Nam Từ Liêm, Hà Nội"
"5/63/158 Đường Nguyễn Văn Cừ, Phường Bồ Đề, Hà Nội","Long Biên, Hà Nội"
"21 a ngõ 67 Đường Nguyễn Văn Cừ, Phường Bồ Đề, Hà Nội","Long Biên, Hà Nội"
"nhà 37 ngõ 148 Đường Trần Duy Hưng, Xã Trung Giã, Hà Nội","Cầu Giấy, Hà Nội"
"95 Đường Tân Phong, Phường Đông Ngạc, Hà Nội","Bắc Từ Liêm, Hà Nội"
"22, ngách 6/11 Đường Đặng Văn Ngữ, Phường Kim Liên, Hà Nội","Đống Đa, Hà Nội"
"số 82 ngõ 82 Đường Phú Đô, Phường Từ Liêm, Hà Nội","Nam Từ Liêm, Hà Nội"
"Ngõ 64 Đường Phan Đình Giót, Phường Phương Liệt, Hà Nội","Thanh Xuân, Hà Nội"
"Số 9 ngách 15/10 ngõ Gốc Đề Đường Minh Khai, Phường Tương Mai, Hà Nội","Hoàng Mai, Hà Nội"
"32D Đường Cửa Bắc, Phường Ba Đình, Hà Nội","Ba Đình, Hà Nội"
"38 ngõ 153 Đường Phú Đô, Phường Từ Liêm, Hà Nội","Nam Từ Liêm, Hà Nội"
"X2A Phố Hưng Phúc, Phường Yên Sở, Hà Nội","Hoàng Mai, Hà Nội"
"Đường Nguyễn Văn Giáp, Phường Từ Liêm, Hà Nội","Nam Từ Liêm, Hà Nội"
"12 ngõ 288/12 Đường Hoàng Mai, Phường Tương Mai, Hà Nội","Hoàng Mai, Hà Nội"
"Ngõ 59 Phố Khúc Thừa Dụ, Phường Cầu Giấy, Hà Nội","Cầu Giấy, Hà Nội"
"114 quang tiến Đường Tây Mỗ, Phường Tây Mỗ, Hà Nội","Nam Từ Liêm, Hà Nội"
"Phố nguyên xá Đường số 32, Phường Tây Tựu, Hà Nội","Bắc Từ Liêm, Hà Nội"
"134/44/3 Đường Nguyên Xá, Phường Tây Tựu, Hà Nội","Bắc Từ Liêm, Hà Nội"
"Đường Ngô Thì Sỹ, Phường Hà Đông, Hà Nội","Hà Đông, Hà Nội"
"Đường Giáp Nhị, Phường Tương Mai, Hà Nội","Hoàng Mai, Hà Nội"
"99/1 Đường Đức Giang, Phường Việt Hưng, Hà Nội","Long Biên, Hà Nội"
"Ngõ 215 Phố Trần Quốc Hoàn, Phường Cầu Giấy, Hà Nội","Cầu Giấy, Hà Nội"
"Số nhà 25 ngách 132/28 Đường Đại Linh, Phường Đại Mỗ, Hà Nội","Nam Từ Liêm, Hà Nội"
"Số 30, Ngõ 7 Đường Nhật Tảo, Phường Đông Ngạc, Hà Nội","Bắc Từ Liêm, Hà Nội"
"64 ngách 1 ngõ 36 Đường An Hòa, Phường Hà Đông, Hà Nội","Hà Đông, Hà Nội"
"1B Đường Phú Đô, Phường Từ Liêm, Hà Nội","Nam Từ Liêm, Hà Nội"
"Ngõ 53 Đường Nhổn, Hà Nội","Bắc Từ Liêm, Hà Nội"
"322 Đường Mỹ Đình, Phường Từ Liêm, Hà Nội","Nam Từ Liêm, Hà Nội"
"91 Đường Ô Đồng Lâm, Phường Kim Liên, Hà Nội","Đống Đa, Hà Nội"
"51 Phố Tương Mai, Phường Thượng Cát, Hà Nội","Hoàng Mai, Hà Nội"
"Ngõ 60 Đường Dương Khuê, Phường Phú Diễn, Hà Nội","Cầu Giấy, Hà Nội"
"254 Đường Nam Dư, Xã Bát Tràng, Hà Nội","Hoàng Mai, Hà Nội"
"Số 1 ngách 99/158/42 ngõ 99 định công hạ Đường Định Công, Phường Định Công, Hà Nội","Hoàng Mai, Hà Nội"
"Ngõ 178 Tây Sơn - Đống Đa Đường Tây Sơn, Phường Đống Đa, Hà Nội","Đống Đa, Hà Nội"
"Đường Hồ Tây, Phường Tây Hồ, Hà Nội","Tây Hồ, Hà Nội"
"100 ngõ 281 Đường Trần Khát Chân, Phường Bạch Mai, Hà Nội","Hai Bà Trưng, Hà Nội"
"Xã Bát Tràng, Hà Nội","Hoàng Mai, Hà Nội"
"Ngõ 197 Đường Hoàng Mai, Phường Tương Mai, Hà Nội","Hoàng Mai, Hà Nội"
"97/122 Đường Do Nha, Phường Tây Mỗ, Hà Nội","Nam Từ Liêm, Hà Nội"
"21F Đường Nguyễn Khang, Phường Cầu Giấy, Hà Nội","Cầu Giấy, Hà Nội"
"Số 21 Ngõ 238 Đường Hoàng Quốc Việt, Phường Nghĩa Đô, Hà Nội","Bắc Từ Liêm, Hà Nội"
"Số 1 ngõ 367/68 Đường Xuân Phương, Phường Xuân Phương, Hà Nội","Nam Từ Liêm, Hà Nội"
"2/54/16 Đường Tôn Thất Tùng, Phường Kim Liên, Hà Nội","Đống Đa, Hà Nội"
"Số nhà 22, ngách 79/15 Đường Dương Quảng Hàm, Phường Nghĩa Đô, Hà Nội","Cầu Giấy, Hà Nội"
"Số nhà 25 ngõ 2 Đường Kiều Mai, Phường Phú Diễn, Hà Nội","Bắc Từ Liêm, Hà Nội"
"Xã Thượng Phúc, Hà Nội","Thường Tín, Hà Nội"
"61 ngõ 120 Đường Vĩnh Tuy, Hà Nội","Hai Bà Trưng, Hà Nội"
"38 ngách 3 ngõ 118 Đường Nguyễn Khánh Toàn, Phường Nghĩa Đô, Hà Nội","Cầu Giấy, Hà Nội"
"Ngõ 141 Đường Phú Mỹ, Xã Lạc Phượng, Hà Nội","Nam Từ Liêm, Hà Nội"
"Tt24 Phố Lý Thường Kiệt, Hà Nội","Hà Đông, Hà Nội"
"Ngõ 444 Đường Đội Cấn, Phường Ngọc Hà, Hà Nội","Ba Đình, Hà Nội"
"176 Đường Thịnh Quang, Phường Đống Đa, Hà Nội","Đống Đa, Hà Nội"
"14 Đường Đội Cấn, Phường Ngọc Hà, Hà Nội","Ba Đình, Hà Nội"
"Phố Phó Đức Chính, Phường Ba Đình, Hà Nội","Ba Đình, Hà Nội"
"ngõ 530 thụy khuê, Hà Nội","Ba Đình, Hà Nội"
"Tổ 6 Đường Yên Nghĩa, Phường Yên Nghĩa, Hà Nội","Hà Đông, Hà Nội"
"Ngõ 4 số nhà 9 Đường Đỗ Đức Dục, Phường Từ Liêm, Hà Nội","Nam Từ Liêm, Hà Nội"
"89 Phố Xã Đàn, Phường Kim Liên, Hà Nội","Đống Đa, Hà Nội"
"174/23 Đường Phương Canh, Phường Xuân Phương, Hà Nội","Nam Từ Liêm, Hà Nội"
"68 ngõ 1 Đường Phan Đình Giót, Phường Phương Liệt, Hà Nội","Thanh Xuân, Hà Nội"
"38 ngõ Lệnh Cư Phố Khâm Thiên, Phường Văn Miếu - Quốc Tử Giám, Hà Nội","Đống Đa, Hà Nội"
"Ngõ 110 Phố Quan Nhân, Phường Thanh Xuân, Hà Nội","Thanh Xuân, Hà Nội"
"Đường Nguyễn Đạo An, Phường Phú Diễn, Hà Nội","Bắc Từ Liêm, Hà Nội"
"402/42/14 Đường Mỹ Đình, Phường Từ Liêm, Hà Nội","Nam Từ Liêm, Hà Nội"
"40/1/88 Đường Giáp Nhị, Phường Hoàng Mai, Hà Nội","Hoàng Mai, Hà Nội"
"261, Phường Phú Diễn, Hà Nội","Bắc Từ Liêm, Hà Nội"
"51 Đường Ngọa Long, Phường Tây Tựu, Hà Nội","Bắc Từ Liêm, Hà Nội"
"ngõ 306 Đường Xuân Đỉnh, Phường Xuân Đỉnh, Hà Nội","Bắc Từ Liêm, Hà Nội"
"ngõ 73 Đường Tân Triều, Phường Thanh Liệt, Hà Nội","Thanh Trì, Hà Nội"
"9 ngõ 39 Đường Hồng Hà, Phường Hồng Hà, Hà Nội","Ba Đình, Hà Nội"
"ngõ 22 Đường Trung Kiên, Hà Nội","Bắc Từ Liêm, Hà Nội"
"63, ngõ 41/27 Phố Phố Vọng, Phường Bạch Mai, Hà Nội","Hai Bà Trưng, Hà Nội"
"3 ngõ 123 Đường Bằng A, Phường Hoàng Liệt, Hà Nội","Hoàng Mai, Hà Nội"
"11D ngõ 619 Phố Vũ Tông Phan, Phường Khương Đình, Hà Nội","Thanh Xuân, Hà Nội"
"35 Đường Tu Hoàng, Phường Xuân Phương, Hà Nội","Nam Từ Liêm, Hà Nội"
"174 Đường Phương Canh, Phường Xuân Phương, Hà Nội","Nam Từ Liêm, Hà Nội"
"ngõ 138 Đường Tân Triều, Hà Nội","Thanh Trì, Hà Nội"
"ô 12, TT6 Đường Dương Khuê, Phường Từ Liêm, Hà Nội","Nam Từ Liêm, Hà Nội"
"Đường Kiều Mai, Phường Xuân Phương, Hà Nội","Bắc Từ Liêm, Hà Nội"
"281 Đường Trần Khát Chân, Phường Bạch Mai, Hà Nội","Hai Bà Trưng, Hà Nội"
"73 Đường Yên Xá, Phường Thanh Liệt, Hà Nội","Thanh Trì, Hà Nội"
"211 Đường Phùng Khoan, Phường Đại Mỗ, Hà Nội","Nam Từ Liêm, Hà Nội"
"17 Đường Văn Minh, Xã Hoài Đức, Hà Nội","Hoài Đức, Hà Nội"
"ngõ 76 Phố Mai Dịch, Phường Phú Diễn, Hà Nội","Cầu Giấy, Hà Nội"
"Số 2 ngách 3 ngõ 49 Phố Vũ Tông Phan, Phường Khương Đình, Hà Nội","Thanh Xuân, Hà Nội"
"8 Nguyễn Đạo An, Phường Phú Diễn, Hà Nội","Bắc Từ Liêm, Hà Nội"
"51 Ngọa Long, Phường Tây Tựu, Hà Nội","Bắc Từ Liêm, Hà Nội"
"Số 58 ngõ 83 Đường Tân Triều ,Triều Khúc Đường Triều Khúc, Phường Thanh Liệt, Hà Nội","Thanh Xuân, Hà Nội"
"ngõ 250 Đường Hoàng Mai, Phường Khương Đình, Hà Nội","Hoàng Mai, Hà Nội"
"12 ngách 7 ngõ 255 Đường Nguyễn Khang, Phường Cầu Giấy, Hà Nội","Cầu Giấy, Hà Nội"
"16 Đường Chiến Thắng, Phường Thanh Liệt, Hà Nội","Hà Đông, Hà Nội"
"6C ngõ 586 Đường Kim Giang, Phường Khương Đình, Hà Nội","Thanh Xuân, Hà Nội"
"106 ngõ 1 Đường Phan Đình Giót, Phường Phương Liệt, Hà Nội","Thanh Xuân, Hà Nội"
"số 85 Phố Đình Thôn, Phường Từ Liêm, Hà Nội","Nam Từ Liêm, Hà Nội"
"10 Ngõ 87 Đường Yên Xá, Phường Thanh Liệt, Hà Nội","Thanh Trì, Hà Nội"
"10, ngõ 43 Phố Trung Kính, Phường Cầu Giấy, Hà Nội","Cầu Giấy, Hà Nội"
"Ngõ 120 Đường Nguyễn Đạo An, Phường Phú Diễn, Hà Nội","Bắc Từ Liêm, Hà Nội"
"35/17 Đường Trần Thái Tông, Phường Cầu Giấy, Hà Nội","Cầu Giấy, Hà Nội"
"Số 12 hẻm 66 ngách 59 ngõ 53 Đường Ngọa Long, Phường Bạch Mai, Hà Nội","Bắc Từ Liêm, Hà Nội"
"10 Đường Nguyễn Văn Cừ, Phường Bồ Đề, Hà Nội","Long Biên, Hà Nội"
"Ngo 191 Đường Giáp Bát, Phường Tương Mai, Hà Nội","Hoàng Mai, Hà Nội"
"31 ngõ 6B Đường Thành Công, Phường Ba Đình, Hà Nội","Ba Đình, Hà Nội"
"71 Đường Đặng Thùy Trâm, Phường Nghĩa Đô, Hà Nội","Cầu Giấy, Hà Nội"
"Số 6, ngách 80/92, ngõ 80 Đường Xuân Phương, Phường Xuân Phương, Hà Nội","Nam Từ Liêm, Hà Nội"
"169 Đường Hoàng Mai, Phường Hoàng Mai, Hà Nội","Hoàng Mai, Hà Nội"
"1/10 Đường Thúy Lĩnh, Phường Lĩnh Nam, Hà Nội","Hoàng Mai, Hà Nội"
"102/7 Đường Văn La, Phường Kiến Hưng, Hà Nội","Hà Đông, Hà Nội"
"Xóm 2, Thôn Đông Cao Đường số 23, Xã Mê Linh, Hà Nội","Mê Linh, Hà Nội"
"Đường Ỷ La, Phường Dương Nội, Hà Nội","Hà Đông, Hà Nội"
"B2 ngõ 199 Phố Trần Quốc Hoàn, Phường Cầu Giấy, Hà Nội","Cầu Giấy, Hà Nội"
"Đường Đê La Thành, Phường Văn Miếu - Quốc Tử Giám, Hà Nội","Đống Đa, Hà Nội"
"307 Phố Giảng Võ, Phường Giảng Võ, Hà Nội","Ba Đình, Hà Nội"
"Ngõ 5, Tổ 3 Đường Đa Sĩ, Phường Kiến Hưng, Hà Nội","Hà Đông, Hà Nội"
"7 Phố Trịnh Văn Bô, Phường Xuân Phương, Hà Nội","Nam Từ Liêm, Hà Nội"
"41 Phố Phố Vọng, Phường Bạch Mai, Hà Nội","Hai Bà Trưng, Hà Nội"
"Số 1b Ngõ 7 Phố Lụa, Vạn Phúc, Hà Đông Phố Vạn Phúc, Phường Hà Đông, Hà Nội","Hà Đông, Hà Nội"
"Ngõ 33 ngách 186 sn16 Đường Văn Cao, Phường Ba Đình, Hà Nội","Ba Đình, Hà Nội"
"160 Đường Lương Thế Vinh, Phường Thanh Xuân, Hà Nội","Thanh Xuân, Hà Nội"
"143/45/67 Đường Xuân Phương, Phường Xuân Phương, Hà Nội","Nam Từ Liêm, Hà Nội"
"số 17 Đường Bằng B, Phường Hoàng Liệt, Hà Nội","Hoàng Mai, Hà Nội"
"6 ngõ 341 Đường Trung Văn, Phường Đại Mỗ, Hà Nội","Nam Từ Liêm, Hà Nội"
"ngõ 39 Phạm Tuấn Tài, Phường Cầu Giấy, Hà Nội","Cầu Giấy, Hà Nội"
"Đường Cao trung 1, Xã Hoài Đức, Hà Nội","Hoài Đức, Hà Nội"
"Ngõ 30 Đường Lê Đức Thọ, Phường Từ Liêm, Hà Nội","Nam Từ Liêm, Hà Nội"
"118 ngõ 15 Đường Bằng A, Phường Hoàng Liệt, Hà Nội","Hoàng Mai, Hà Nội"
"1096 Đường Láng, Phường Láng, Hà Nội","Đống Đa, Hà Nội"
"Phố Trịnh Đình Cửu, Phường Định Công, Hà Nội","Hoàng Mai, Hà Nội"
"Số 9 ngõ 165/30 Đường Dương Quảng Hàm, Phường Nghĩa Đô, Hà Nội","Cầu Giấy, Hà Nội"
"Đường Trịnh Công Sơn, Phường Tây Hồ, Hà Nội","Tây Hồ, Hà Nội"
"Ngõ 324 Phố Trịnh Văn Bô, Phường Xuân Phương, Hà Nội","Nam Từ Liêm, Hà Nội"
"14/76/322 Đường Mỹ Đình, Phường Từ Liêm, Hà Nội","Nam Từ Liêm, Hà Nội"
"Số 223 Đường Đại Mỗ, Phường Đại Mỗ, Hà Nội","Nam Từ Liêm, Hà Nội"
"193 phú diễn Đường số 32, Phường Phú Diễn, Hà Nội","Bắc Từ Liêm, Hà Nội"
"193 Đường Phú Diễn, Phường Phú Diễn, Hà Nội","Bắc Từ Liêm, Hà Nội"
"136 Đường Cầu Diễn, Phường Từ Liêm, Hà Nội","Bắc Từ Liêm, Hà Nội"
"261 Đường Phú Diễn, Phường Phú Diễn, Hà Nội","Bắc Từ Liêm, Hà Nội"
"so nha 32 ngo 389 Đường Cổ Nhuế, Phường Đông Ngạc, Hà Nội","Bắc Từ Liêm, Hà Nội"
"ngõ 309 Đường Trương Định, Phường Tương Mai, Hà Nội","Hoàng Mai, Hà Nội"
"số nhà 5 ngõ 153 Đường Ngọc Hồi, Phường Hoàng Liệt, Hà Nội","Thanh Trì, Hà Nội"
"Lk26 thanh binh Đường Nguyễn Cảnh Dị, Phường Định Công, Hà Nội","Hoàng Mai, Hà Nội"
"Số 34 ngõ 23 Đường Nhật Tảo, Phường Phú Thượng, Hà Nội","Bắc Từ Liêm, Hà Nội"
"260 Đường Kim Ngưu, Phường Bạch Mai, Hà Nội","Hai Bà Trưng, Hà Nội"
"68 Đường số 70, Phường Tây Tựu, Hà Nội","Bắc Từ Liêm, Hà Nội"
"AOM Home 1 Đường Tỉnh Lộ 422B, Xã Sơn Đồng, Hà Nội","Hoài Đức, Hà Nội"
"Ngõ 322 Đường Mỹ Đình, Phường Từ Liêm, Hà Nội","Nam Từ Liêm, Hà Nội"
"Số 66 Đường Đê Tô Hoàng, Phường Bạch Mai, Hà Nội","Hai Bà Trưng, Hà Nội"
"79 Phố Khâm Thiên, Phường Văn Miếu - Quốc Tử Giám, Hà Nội","Đống Đa, Hà Nội"
"Số 51 ngõ 230/55 Đường Mễ Trì Thượng, Phường Từ Liêm, Hà Nội","Nam Từ Liêm, Hà Nội"
"NHÀ SỐ 5, NGÕ 28 Đường Đại Linh, Phường Đại Mỗ, Hà Nội","Nam Từ Liêm, Hà Nội"
"Ngõ 435 - Ngách 78 - Số Nhà 7 Đường Xuân Đỉnh, Phường Xuân Đỉnh, Hà Nội","Bắc Từ Liêm, Hà Nội"
"số 26 Đường Ngọc Thụy, Phường Hồng Hà, Hà Nội","Long Biên, Hà Nội"
"Số 38, ngõ 153 Đường Phú Đô, Phường Từ Liêm, Hà Nội","Nam Từ Liêm, Hà Nội"
"Đường Triều Khúc, Phường Thanh Liệt, Hà Nội","Thanh Xuân, Hà Nội"
"15 ngõ 518 /444 Đường Đội Cấn, Phường Ba Đình, Hà Nội","Ba Đình, Hà Nội"
"37, Phường Cầu Giấy, Hà Nội","Cầu Giấy, Hà Nội"
"Nhà 56 ngõ 48 Đường Ngọc Hồi, Xã Ngọc Hồi, Hà Nội","Thanh Trì, Hà Nội"
"54 ngõ 35 Đường Số 32, Phường Bạch Mai, Hà Nội","Bắc Từ Liêm, Hà Nội"
"44 Phố Trịnh Văn Bô, Phường Xuân Phương, Hà Nội","Nam Từ Liêm, Hà Nội"
"lk 23 Phố Trịnh Văn Bô, Phường Xuân Phương, Hà Nội","Nam Từ Liêm, Hà Nội"
"Ngõ 59, số nhà 52 Đường Mễ Trì Hạ, Phường Từ Liêm, Hà Nội","Nam Từ Liêm, Hà Nội"
"Ngõ 148 nhà 37 Đường Trần Duy Hưng, Phường Cầu Giấy, Hà Nội","Cầu Giấy, Hà Nội"
"55A, ngõ 145 Phố Quan Nhân, Phường Thanh Xuân, Hà Nội","Thanh Xuân, Hà Nội"
"số nhà 12 nghách 59 ngõ 43 Phố Chùa Bộc, Phường Kim Liên, Hà Nội","Đống Đa, Hà Nội"
"465 Đường K1B, Phường Phú Diễn, Hà Nội","Bắc Từ Liêm, Hà Nội"
"ngõ 100 Đường Nguyễn Xiển, Phường Thanh Xuân, Hà Nội","Thanh Xuân, Hà Nội"
"C31, ngõ 109 Đường Trường Chinh, Phường Phương Liệt, Hà Nội","Thanh Xuân, Hà Nội"
"Số 6 ngách 38/16 Đường Nguyễn Thanh Bình, Phường Hà Đông, Hà Nội","Hà Đông, Hà Nội"
"Số 22a Đường Xa La, Phường Hà Đông, Hà Nội","Hà Đông, Hà Nội"
"Số nhà 35 xóm Quan Tiên, thôn Đào Nguyên, xã An Thượng, Xã An Khánh, Hà Nội","Hoài Đức, Hà Nội"
"Số 29 Ngách 165, Ngõ 205 Đường Xuân Đỉnh, Phường Xuân Đỉnh, Hà Nội","Bắc Từ Liêm, Hà Nội"
"Số 8 Ngõ 20/11 Đường Đông Ngạc, Phường Đông Ngạc, Hà Nội","Bắc Từ Liêm, Hà Nội"
"Số 18, ngách 2, ngõ 147A Đường Tân Mai, Phường Hoàng Mai, Hà Nội","Hoàng Mai, Hà Nội"
"Số nhà 54 ngõ 169 Đường Trung Văn, Phường Đại Mỗ, Hà Nội","Nam Từ Liêm, Hà Nội"
"68 Phố Quan Nhân, Phường Thanh Xuân, Hà Nội","Thanh Xuân, Hà Nội"
"52/144 Phố Quan Nhân, Phường Thanh Xuân, Hà Nội","Thanh Xuân, Hà Nội"
"Ngõ 766 Đường La Thành, Phường Giảng Võ, Hà Nội","Ba Đình, Hà Nội"
"Số 29 Ngách 165, Ngõ 205 Xuân Đỉnh Đường Xuân Đỉnh, Phường Xuân Đỉnh, Hà Nội","Bắc Từ Liêm, Hà Nội"
"Số 19 ngách 15/18 ngõ Gốc Đề Đường Minh Khai, Phường Tương Mai, Hà Nội","Hoàng Mai, Hà Nội"
"3 Đường Kim Ngưu, Phường Vĩnh Tuy, Hà Nội","Hai Bà Trưng, Hà Nội"
"76 Đường Nguyễn Lương Bằng, Phường Kim Liên, Hà Nội","Đống Đa, Hà Nội"
"ngõ 3 Đường Đức Diễn, Phường Phú Diễn, Hà Nội","Bắc Từ Liêm, Hà Nội"
"C10 Kim Liên Phố Phương Mai, Phường Kim Liên, Hà Nội","Đống Đa, Hà Nội"
"Đường Đê La Thành, Phường Ba Đình, Hà Nội","Ba Đình, Hà Nội"
"11 ngách 72/82 Đường Tôn Thất Tùng, Phường Kim Liên, Hà Nội","Đống Đa, Hà Nội"
"9 ngach 1 ngõ 178 Đường Cổ Nhuế, Phường Đông Ngạc, Hà Nội","Bắc Từ Liêm, Hà Nội"
"72, ngõ 6 Đường Bát Khối, Xã Bát Tràng, Hà Nội","Gia Lâm, Hà Nội"
"ngõ 90 Đường Phúc Diễn, Phường Từ Liêm, Hà Nội","Nam Từ Liêm, Hà Nội"
"Số nhà 20, ngách 79, ngõ Cẩm Văn Đường Tôn Thất Tùng, Phường Ô Chợ Dừa, Hà Nội","Đống Đa, Hà Nội"
"số 10 ngõ 59 Đường Hồ Tùng Mậu, Phường Từ Liêm, Hà Nội","Cầu Giấy, Hà Nội"
"ngõ 5 Đường Phú Kiều, Phường Phú Diễn, Hà Nội","Bắc Từ Liêm, Hà Nội"
"29 Đường Phú Mỹ, Phường Từ Liêm, Hà Nội","Nam Từ Liêm, Hà Nội"
"số 82, ngõ 280 Đường Cổ Nhuế, Phường Đông Ngạc, Hà Nội","Bắc Từ Liêm, Hà Nội"
"Số 6 ngõ 82 Đường Trần Cung, Phường Nghĩa Đô, Hà Nội","Cầu Giấy, Hà Nội"
"11A Đường Trần Thái Tông, Phường Cầu Giấy, Hà Nội","Cầu Giấy, Hà Nội"
"ngõ 750 Đường Kim Giang, Phường Hoàng Liệt, Hà Nội","Hoàng Mai, Hà Nội"
"107 Đường Tân Mai, Phường Hoàng Mai, Hà Nội","Hoàng Mai, Hà Nội"
"26 Đường Định Công Thượng, Phường Định Công, Hà Nội","Hoàng Mai, Hà Nội"
"66B Đường Triều Khúc, Phường Thanh Xuân, Hà Nội","Thanh Xuân, Hà Nội"
"Số 5 Đường Ngãi Cầu, Xã An Khánh, Hà Nội","Hoài Đức, Hà Nội"
"28 NGÕ 5 Đường Tân Mỹ, Phường Từ Liêm, Hà Nội","Nam Từ Liêm, Hà Nội"
"28 Đường Tân Mỹ, Phường Từ Liêm, Hà Nội","Nam Từ Liêm, Hà Nội"
"140 Đường Nghĩa Dũng, Phường Ba Đình, Hà Nội","Ba Đình, Hà Nội"
"Đường Tân Ấp, Phường Ba Đình, Hà Nội","Ba Đình, Hà Nội"
"Đường Trần Nhân Tông, Phường Hai Bà Trưng, Hà Nội","Hai Bà Trưng, Hà Nội"
"23/43 Đường Cổ Nhuế, Phường Đông Ngạc, Hà Nội","Bắc Từ Liêm, Hà Nội"
"06 ngõ 256 Đường Nguyễn Lân, Phường Phương Liệt, Hà Nội","Thanh Xuân, Hà Nội"
"Số 1, ngõ 68/65 Đường Phú Diễn, Phường Phú Diễn, Hà Nội","Bắc Từ Liêm, Hà Nội"
"39 ngõ 193 Đường Phú Diễn, Phường Phú Diễn, Hà Nội","Bắc Từ Liêm, Hà Nội"
"số 108 ngõ 22 Đường Kim Quan, Phường Việt Hưng, Hà Nội","Long Biên, Hà Nội"
"Ngõ 282 Đường Định Công, Phường Định Công, Hà Nội","Hoàng Mai, Hà Nội"
"116 Đường Phan Kế Bính, Phường Ba Đình, Hà Nội","Ba Đình, Hà Nội"
"Đường Nguyên Hồng, Phường Ba Đình, Hà Nội","Ba Đình, Hà Nội"
"Nhà suti, ngách 355/82 Đường Xuân Đỉnh, Phường Xuân Đỉnh, Hà Nội","Bắc Từ Liêm, Hà Nội"
"ngõ 129 Đường Nguyễn Trãi, Phường Khương Đình, Hà Nội","Thanh Xuân, Hà Nội"
"ngõ 81 Đường Ô Đồng Lâm, Phường Văn Miếu - Quốc Tử Giám, Hà Nội","Đống Đa, Hà Nội"
"Ngõ 89 ngách 38 hẻm 56 số 12 Đường Lạc Long Quân, Phường Ba Đình, Hà Nội","Cầu Giấy, Hà Nội"
"41 Đường Nguyễn Khả Trạc, Phường Phú Diễn, Hà Nội","Cầu Giấy, Hà Nội"
"41 ngõ 4 Đường Nguyễn Khả Trạc, Phường Cầu Giấy, Hà Nội","Cầu Giấy, Hà Nội"
"Số nhà 40 ngõ 359 Đường Minh Khai, Phường Vĩnh Tuy, Hà Nội","Hai Bà Trưng, Hà Nội"
"1G Đường Phan Đình Giót, Phường Hà Đông, Hà Nội","Hà Đông, Hà Nội"
"Số 8 ngõ 119 Phố Lê Thanh Nghị, Phường Bạch Mai, Hà Nội","Hai Bà Trưng, Hà Nội"
"15 Phố Phạm Tuấn Tài, Phường Nghĩa Đô, Hà Nội","Cầu Giấy, Hà Nội"
"15 Phố Phạm Tuấn Tài, Phường Cầu Giấy, Hà Nội","Cầu Giấy, Hà Nội"
"29 ngách 63/30 Đường Lê Đức Thọ, Phường Từ Liêm, Hà Nội","Nam Từ Liêm, Hà Nội"
"Ngõ 15 Phố Ô Quan Chưởng, Phường Hoàn Kiếm, Hà Nội","Hoàn Kiếm, Hà Nội"
"12 Đường Hoàng Ngân, Phường Thanh Xuân, Hà Nội","Thanh Xuân, Hà Nội"
"21 Đường Cầu Cốc, Phường Đại Mỗ, Hà Nội","Nam Từ Liêm, Hà Nội"
"ngõ 211 Đường Khương Trung, Phường Khương Đình, Hà Nội","Thanh Xuân, Hà Nội"
"132/36 Đường Cầu Giấy, Phường Nghĩa Đô, Hà Nội","Cầu Giấy, Hà Nội"
"5/12 Đường Phạm Văn Đồng, Phường Cầu Giấy, Hà Nội","Cầu Giấy, Hà Nội"
"113 Đường Đại Linh, Phường Đại Mỗ, Hà Nội","Nam Từ Liêm, Hà Nội"
"44 ngõ 204 Đường Kim Giang, Phường Khương Đình, Hà Nội","Thanh Xuân, Hà Nội"
"số nhà 79 ngõ 121 Đường Kim Ngưu, Phường Vĩnh Tuy, Hà Nội","Hai Bà Trưng, Hà Nội"
"22 ngõ 61 Phố Tôn Đức Thắng, Phường Văn Miếu - Quốc Tử Giám, Hà Nội","Đống Đa, Hà Nội"
"Ngõ 20 Đường Tả Thanh Oai, Xã Thanh Oai, Hà Nội","Thanh Trì, Hà Nội"
"Số 07 ngõ 230/26 Đường Mễ Trì Thượng, Phường Từ Liêm, Hà Nội","Nam Từ Liêm, Hà Nội"
"5 69/139 Đường Hoa Lâm, Phường Việt Hưng, Hà Nội","Long Biên, Hà Nội"
"Đường Phú Viên, Phường Bồ Đề, Hà Nội","Long Biên, Hà Nội"
"Số 58 ngõ 83 Đường Tân Triều ,Triều Khúc Đường Nguyễn Xiển, Phường Thanh Liệt, Hà Nội","Thanh Xuân, Hà Nội"
"36 Đường Đại Cồ Việt, Phường Bạch Mai, Hà Nội","Hai Bà Trưng, Hà Nội"
"Nhà 18/41 ngõ 199 Đường Hồ Tùng Mậu, Phường Từ Liêm, Hà Nội","Nam Từ Liêm, Hà Nội"
"Số 12 ngõ 73 Đường Hoàng Ngân, Phường Thanh Xuân, Hà Nội","Thanh Xuân, Hà Nội"
"ngõ 553 Phố Đồng Nhân, Xã An Khánh, Hà Nội","Hoài Đức, Hà Nội"
"số 11A Đường Do Nha, Phường Tây Mỗ, Hà Nội","Nam Từ Liêm, Hà Nội"
"Số nhà 6A Đường Thịnh Phát, Xã An Khánh, Hà Nội","Hoài Đức, Hà Nội"
"216 Đường Đại An, Phường Hà Đông, Hà Nội","Hà Đông, Hà Nội"
"28 Ngõ 7 Đường Nhật Tảo, Phường Đông Ngạc, Hà Nội","Bắc Từ Liêm, Hà Nội"
"Số 16, ngách 117, ngõ 32 Đường Đỗ Đức Dục, Phường Từ Liêm, Hà Nội","Nam Từ Liêm, Hà Nội"
"51 Ngh. 230/55 Đường Đồng Me, Phường Từ Liêm, Hà Nội","Nam Từ Liêm, Hà Nội"
"Ngách 64, ngõ 105 Phố Doãn Kế Thiện, Phường Phú Diễn, Hà Nội","Cầu Giấy, Hà Nội"
"Ngõ 383 Phố Trần Đại Nghĩa, Phường Bạch Mai, Hà Nội","Hai Bà Trưng, Hà Nội"
"183 Phố Vũ Tông Phan, Phường Khương Đình, Hà Nội","Thanh Xuân, Hà Nội"
"18 Đường Nguyên Hồng, Phường Láng, Hà Nội","Đống Đa, Hà Nội"
"46/409 Phố Kim Mã, Phường Giảng Võ, Hà Nội","Ba Đình, Hà Nội"
"204 Đường Trần Duy Hưng, Phường Yên Hòa, Hà Nội","Cầu Giấy, Hà Nội"
"Đường Hoàng Ngân, Phường Yên Hòa, Hà Nội","Cầu Giấy, Hà Nội"
"Đường Nguyên Xá, Phường Từ Liêm, Hà Nội","Nam Từ Liêm, Hà Nội"
"Số nhà 28, ngõ 136 Đường Cầu Diễn, Phường Từ Liêm, Hà Nội","Nam Từ Liêm, Hà Nội"
"Ngách 734/26 Đường Kim Giang, Phường Thanh Liệt, Hà Nội","Thanh Trì, Hà Nội"
"8B Đường Phú Diễn, Phường Phú Diễn, Hà Nội","Bắc Từ Liêm, Hà Nội"
"Số 7, ngõ 324/121 Đường Phương Canh, Phường Xuân Phương, Hà Nội","Nam Từ Liêm, Hà Nội"
"639 Đường Phúc Diễn, Phường Phú Diễn, Hà Nội","Nam Từ Liêm, Hà Nội"
"ngõ 76 đường An Dương, Phường Hồng Hà, Hà Nội","Tây Hồ, Hà Nội"
"766 Đường La Thành, Phường Giảng Võ, Hà Nội","Ba Đình, Hà Nội"
"52 Phố Tạ Quang Bửu, Phường Bạch Mai, Hà Nội","Hai Bà Trưng, Hà Nội"
"Đường số 70, Phường Xuân Phương, Hà Nội","Hoài Đức, Hà Nội"
"87 Đường Lĩnh Nam, Phường Vĩnh Tuy, Hà Nội","Hoàng Mai, Hà Nội"
"8 Đường Nam Dư, Phường Vĩnh Hưng, Hà Nội","Hoàng Mai, Hà Nội"
"192 Đường Kim Giang, Phường Khương Đình, Hà Nội","Thanh Xuân, Hà Nội"
"Ngõ 192 Đường Kim Giang, Phường Khương Đình, Hà Nội","Thanh Xuân, Hà Nội"
"73/20/12 Đường Ỷ La, Phường Dương Nội, Hà Nội","Hà Đông, Hà Nội"
"20a/5 Phố Xốm, Phường Phú Lương, Hà Nội","Hà Đông, Hà Nội"
"số 2 Ngách 221 Ngõ Quỳnh Đường Thanh Nhàn, Phường Bạch Mai, Hà Nội","Hai Bà Trưng, Hà Nội"
"15 Đường Ngọc Thụy, Phường Bồ Đề, Hà Nội","Long Biên, Hà Nội"
"359 Đường Minh Khai, Phường Bạch Mai, Hà Nội","Hai Bà Trưng, Hà Nội"
"41 ngõ 47 Đường Nguyễn Khả Trạc, Phường Phú Diễn, Hà Nội","Cầu Giấy, Hà Nội"
"639 Đường Phúc Diễn, Phường Phú Diễn, Hà Nội","Bắc Từ Liêm, Hà Nội"
"3/7/236 Đường Âu Cơ, Phường Hồng Hà, Hà Nội","Tây Hồ, Hà Nội"
"132 Đường Nguyễn Xiển, Phường Khương Đình, Hà Nội","Thanh Xuân, Hà Nội"
"138 Phố Hạ Đình, Phường Khương Đình, Hà Nội","Thanh Xuân, Hà Nội"
"15 Đường Cao Trung 1, Xã Hoài Đức, Hà Nội","Hoài Đức, Hà Nội"
"84 Phố Bà Triệu, Phường Cửa Nam, Hà Nội","Hoàn Kiếm, Hà Nội"
"Số 7/136/1194 Đường Láng, Phường Láng, Hà Nội","Đống Đa, Hà Nội"
"89a Đường Tây Tựu, Phường Bạch Mai, Hà Nội","Bắc Từ Liêm, Hà Nội"
"5 Đường Tân Mỹ, Phường Từ Liêm, Hà Nội","Nam Từ Liêm, Hà Nội"
"28E ngõ 84 Võ Thị Sáu, Phường Bạch Mai, Hà Nội","Hai Bà Trưng, Hà Nội"
"TT12-B34 KĐT Văn Quán Đường số 19/5, Phường Hà Đông, Hà Nội","Hà Đông, Hà Nội"
"Khu đô thị Văn Phú Đường Phú Lương, Phường Kiến Hưng, Hà Nội","Hà Đông, Hà Nội"
"144 Phố Quan Nhân, Phường Thanh Xuân, Hà Nội","Thanh Xuân, Hà Nội"
"426 Đường Tây Sơn, Phường Đống Đa, Hà Nội","Đống Đa, Hà Nội"
"Số 5 -11/36 Đường Cầu Diễn, Phường Tây Tựu, Hà Nội","Bắc Từ Liêm, Hà Nội"
"số 9 Đường Nguyễn Du, Phường Cửa Nam, Hà Nội","Hai Bà Trưng, Hà Nội"
"số 76 ngõ 70 Hưng Thịnh, Phường Yên Sở, Hà Nội","Hoàng Mai, Hà Nội"
"Đường An Hòa, Phường Hà Đông, Hà Nội","Hà Đông, Hà Nội"
"554 Đường Trường Chinh, Phường Kim Liên, Hà Nội","Đống Đa, Hà Nội"
"Số nhà 48 Phố Chính Kinh, Phường Thanh Xuân, Hà Nội","Thanh Xuân, Hà Nội"
"180 Đường Phú Lương, Phường Phú Lương, Hà Nội","Hà Đông, Hà Nội"
"số 11, ngách 20, ngõ 260 Đường Cầu Giấy, Phường Cầu Giấy, Hà Nội","Cầu Giấy, Hà Nội"
"43 hẽm 122/44/21 Đường Vĩnh Tuy, Phường Vĩnh Tuy, Hà Nội","Hai Bà Trưng, Hà Nội"
"Số 76, ngõ 70 Đường Vành Đai 3, Phường Yên Sở, Hà Nội","Hoàng Mai, Hà Nội"
"6 Đường Quần Ngựa, Phường Ngọc Hà, Hà Nội","Ba Đình, Hà Nội"
"số 4 tuyết 16 khu đô thị lideco, Xã Hoài Đức, Hà Nội","Hoài Đức, Hà Nội"
"649 Đường Lĩnh Nam, Phường Vĩnh Hưng, Hà Nội","Hoàng Mai, Hà Nội"
"2B ngõ 79/40/22 Đường Dương Quảng Hàm, Phường Cầu Giấy, Hà Nội","Cầu Giấy, Hà Nội"
"số 44 Khu B tập thể Học viện cảnh sát Đường Phạm Văn Nghị, Phường Đông Ngạc, Hà Nội","Bắc Từ Liêm, Hà Nội"
"15 ngõ 518 /444 Đường Đội Cấn, Phường Ngọc Hà, Hà Nội","Ba Đình, Hà Nội"
"7 Ngõ 73/33 Đường Đức Diễn, Phường Phú Diễn, Hà Nội","Bắc Từ Liêm, Hà Nội"
"Ngõ 15 Phố Phương Mai, Phường Kim Liên, Hà Nội","Đống Đa, Hà Nội"
"Ngõ 26 Đường số 32, Phường Phú Diễn, Hà Nội","Bắc Từ Liêm, Hà Nội"
"41 102/44 Phố Pháo Đài Láng, Phường Láng, Hà Nội","Đống Đa, Hà Nội"
"39 Đường Phú Diễn, Phường Phú Diễn, Hà Nội","Bắc Từ Liêm, Hà Nội"
"210 Đường Hoàng Quốc Việt, Phường Cầu Giấy, Hà Nội","Cầu Giấy, Hà Nội"
"SỐ 2, NGÁCH 1, NGÕ 36 Đường Cầu Diễn, Phường Phú Diễn, Hà Nội","Bắc Từ Liêm, Hà Nội"
"82 ngõ 280 Đường Cổ Nhuế, Phường Đông Ngạc, Hà Nội","Bắc Từ Liêm, Hà Nội"
"168 Đường Nguyễn Đổng Chi, Phường Từ Liêm, Hà Nội","Nam Từ Liêm, Hà Nội"
"24, ngách 87/59 Đường Yên Xá, Phường Thanh Liệt, Hà Nội","Hà Đông, Hà Nội"
"Đường Vân Trì, Phường Phú Diễn, Hà Nội","Bắc Từ Liêm, Hà Nội"
"26 Phố Đỗ Xuân Hợp, Phường Từ Liêm, Hà Nội","Nam Từ Liêm, Hà Nội"
"số 9 ngách 41/33 Phố Phố Vọng, Phường Bạch Mai, Hà Nội","Hai Bà Trưng, Hà Nội"
"Đường La Thành, Phường Giảng Võ, Hà Nội","Ba Đình, Hà Nội"
"Số 9/1 ngõ 87 Đường Yên Xá, Phường Thanh Liệt, Hà Nội","Hà Đông, Hà Nội"
"số 11, ngõ 99 Đường Cầu Diễn, Phường Phú Diễn, Hà Nội","Nam Từ Liêm, Hà Nội"
"128 Đường Thanh Nhàn, Phường Bạch Mai, Hà Nội","Hai Bà Trưng, Hà Nội"
"395 đường Thụy Khuê, Phường Tây Hồ, Hà Nội","Tây Hồ, Hà Nội"
"18 NGO 3 NGACH 21 Đường Trần Khát Chân, Phường Vĩnh Tuy, Hà Nội","Hai Bà Trưng, Hà Nội"
"Đường Hồ Tùng Mậu, Phường Phú Diễn, Hà Nội","Nam Từ Liêm, Hà Nội"
"Ngõ 70/79/2 Đường Vân Trì, Phường Phú Diễn, Hà Nội","Bắc Từ Liêm, Hà Nội"
"Ngõ 5 Đường Tân Mỹ, Phường Từ Liêm, Hà Nội","Nam Từ Liêm, Hà Nội"
"ngõ 3/1 Phố Phạm Tuấn Tài, Phường Cầu Giấy, Hà Nội","Cầu Giấy, Hà Nội"
"297 Đường Trần Cung, Phường Nghĩa Đô, Hà Nội","Bắc Từ Liêm, Hà Nội"
"Số 49 ngõ 49 Đường Triều Khúc, Phường Thanh Liệt, Hà Nội","Thanh Xuân, Hà Nội"
"Số 5 Ngõ 376 Đường Khương Đình, Phường Khương Đình, Hà Nội","Thanh Xuân, Hà Nội"
"21 Đường Phú Diễn, Phường Phú Diễn, Hà Nội","Bắc Từ Liêm, Hà Nội"
"28 Phố Đỗ Xuân Hợp, Phường Từ Liêm, Hà Nội","Nam Từ Liêm, Hà Nội"
"Số 46 Đường Phú Diễn, Phường Phú Diễn, Hà Nội","Bắc Từ Liêm, Hà Nội"
"11/64 Đường Cầu Diễn, Phường Phú Diễn, Hà Nội","Bắc Từ Liêm, Hà Nội"
"số nhà 11 ngõ 64 Đường Cầu Diễn, Phường Phú Diễn, Hà Nội","Bắc Từ Liêm, Hà Nội"
"số 20 ngõ 123 Đường Hoàng Quốc Việt, Phường Nghĩa Đô, Hà Nội","Cầu Giấy, Hà Nội"
"nhà số 96 ngõ 116 Đường Phan Kế Bính, Phường Ba Đình, Hà Nội","Ba Đình, Hà Nội"
"27 ngõ 255 Đường Cầu Giấy, Phường Cầu Giấy, Hà Nội","Cầu Giấy, Hà Nội"
"Số 3 ngõ 1 Phố Lụa Phố Vạn Phúc, Phường Hà Đông, Hà Nội","Hà Đông, Hà Nội"
"Số 2 ngõ 56/8 Phố Thạch Cầu, Phường Long Biên, Hà Nội","Long Biên, Hà Nội"
"26 ngõ 5 Đường Tân Mỹ, Phường Từ Liêm, Hà Nội","Nam Từ Liêm, Hà Nội"
"15 ngõ 39 Phố Phạm Tuấn Tài, Phường Nghĩa Đô, Hà Nội","Cầu Giấy, Hà Nội"
"44 ngõ 29 Phố Trịnh Văn Bô, Phường Xuân Phương, Hà Nội","Nam Từ Liêm, Hà Nội"
"Phố Từ Hoa, Phường Tây Hồ, Hà Nội","Tây Hồ, Hà Nội"
"SN 16 - Ngõ 82- Phố Phú Đô Đường Phú Đô, Phường Từ Liêm, Hà Nội","Nam Từ Liêm, Hà Nội"
"Số 5, ngách 45, ngõ 69B Đường Hoàng Văn Thái, Phường Phương Liệt, Hà Nội","Thanh Xuân, Hà Nội"
"14 ngõ A3 Đại học Hà Nội Đường Nguyễn Trãi, Phường Đại Mỗ, Hà Nội","Nam Từ Liêm, Hà Nội"
"ngõ 96 Đường Võ Chí Công, Phường Nghĩa Đô, Hà Nội","Cầu Giấy, Hà Nội"
"20 ngõ 53 Phố Thiên Hiền, Phường Từ Liêm, Hà Nội","Nam Từ Liêm, Hà Nội"
"68 Đường Thiên Đức, Xã Phù Đổng, Hà Nội","Gia Lâm, Hà Nội"
"Ngõ 89/19/47 Đường Bằng Liệt, Phường Hoàng Liệt, Hà Nội","Hoàng Mai, Hà Nội"
"70/79/2 Đường Vân Trì, Phường Tây Tựu, Hà Nội","Bắc Từ Liêm, Hà Nội"
"39 hẻm 90 ngách 64 ngõ 193 Đường Phú Diễn, Phường Phú Diễn, Hà Nội","Bắc Từ Liêm, Hà Nội"
"19B NGÕ 530 đường Thụy Khuê, Phường Tây Hồ, Hà Nội","Tây Hồ, Hà Nội"
"48 NGÕ 50 đường Võng Thị, Phường Tây Hồ, Hà Nội","Tây Hồ, Hà Nội"
"Ngõ 18 Đường Thanh Bình, Phường Hà Đông, Hà Nội","Hà Đông, Hà Nội"
"29 ngõ 63/30 Đường Lê Đức Thọ, Phường Từ Liêm, Hà Nội","Nam Từ Liêm, Hà Nội"
"số 4 tuyến 16 Khu Đô Thị Lideco Đường Quốc lộ 32, Xã Thuận An, Hà Nội","Hoài Đức, Hà Nội"
"26 Phố Phùng Hưng, Phường Hà Đông, Hà Nội","Hà Đông, Hà Nội"
"123 đường Thụy Khuê, Phường Tây Hồ, Hà Nội","Tây Hồ, Hà Nội"
"649 Đường Lĩnh Nam, Phường Tương Mai, Hà Nội","Hoàng Mai, Hà Nội"
"Mai Động - Đền Lừ Đường Hoàng Mai, Phường Tương Mai, Hà Nội","Hoàng Mai, Hà Nội"
"kdt Thanh Hà, Phường Hà Đông, Hà Nội","Hà Đông, Hà Nội"
"Thôn Khê than Đường số 6, Xã Phú Nghĩa, Hà Nội","Chương Mỹ, Hà Nội"
"Nhà số 10 ngách 54/36 ngõ Đường Tây Tựu, Phường Tây Tựu, Hà Nội","Bắc Từ Liêm, Hà Nội"
"Ngõ 290 Phố Kim Mã, Phường Ba Đình, Hà Nội","Ba Đình, Hà Nội"
"Ngõ 515 Đường Hoàng Hoa Thám, Phường Ngọc Hà, Hà Nội","Ba Đình, Hà Nội"
"216A Đường Giáp Bát, Phường Tương Mai, Hà Nội","Hoàng Mai, Hà Nội"
"173/63/17 Đường Hoàng Hoa Thám, Phường Ngọc Hà, Hà Nội","Ba Đình, Hà Nội"
"33 ngõ 163 Đường Phú Đô, Phường Từ Liêm, Hà Nội","Nam Từ Liêm, Hà Nội"
"8 Ngách 2 Ngõ 521 Đường An Dương Vương, Phường Phú Thượng, Hà Nội","Tây Hồ, Hà Nội"
"Đường Lê Duẩn, Phường Ba Đình, Hà Nội","Ba Đình, Hà Nội"
"Khu đô thị Thanh Hà, Phường Hà Đông, Hà Nội","Hà Đông, Hà Nội"
"119 Phố Nguyễn Văn Viên, Phường Vĩnh Tuy, Hà Nội","Hai Bà Trưng, Hà Nội"
"Phố Trần Bình, Phường Từ Liêm, Hà Nội","Cầu Giấy, Hà Nội"
"ngõ 91 Đường Ô Đồng Lâm, Phường Văn Miếu - Quốc Tử Giám, Hà Nội","Đống Đa, Hà Nội"
"65 ngõ 35 Đường Tu Hoàng, Phường Tây Tựu, Hà Nội","Bắc Từ Liêm, Hà Nội"
"Ngõ 238 Hoàng Quốc Việt Đường Hoàng Quốc Việt, Phường Nghĩa Đô, Hà Nội","Cầu Giấy, Hà Nội"
"Đường Nguyên Xá, Phường Bạch Mai, Hà Nội","Bắc Từ Liêm, Hà Nội"
"5 Phố Trần Bình, Phường Ba Đình, Hà Nội","Cầu Giấy, Hà Nội"
"Ngách 53 ngõ 123 Đường Xuân Phương, Phường Xuân Phương, Hà Nội","Nam Từ Liêm, Hà Nội"
"104 tập thể B3 Đường Tô Hiệu, Phường Nghĩa Đô, Hà Nội","Cầu Giấy, Hà Nội"
"4b ngõ 217 Phố Mai Dịch, Phường Phú Diễn, Hà Nội","Cầu Giấy, Hà Nội"
"Số nhà 34 ngõ 23 phố Nhật Tảo Đường Nhật Tảo, Phường Đông Ngạc, Hà Nội","Bắc Từ Liêm, Hà Nội"
"Đường Trường Chinh, Phường Đống Đa, Hà Nội","Đống Đa, Hà Nội"
"Số 15, Ngõ 90 Đường La Tinh 2, Xã An Khánh, Hà Nội","Hoài Đức, Hà Nội"
"12 ngo 58 Trần Bình Đường Hồ Tùng Mậu, Phường Từ Liêm, Hà Nội","Bắc Từ Liêm, Hà Nội"
"43B ngõ 101 Đường Thanh Nhàn, Phường Bạch Mai, Hà Nội","Hai Bà Trưng, Hà Nội"
"Đường Hồ Đắc Di, Phường Kim Liên, Hà Nội","Đống Đa, Hà Nội"
"29 Đường Bùi Xương Trạch, Phường Khương Đình, Hà Nội","Thanh Xuân, Hà Nội"
"Ngõ 254D Đường Minh Khai, Phường Tương Mai, Hà Nội","Hoàng Mai, Hà Nội"
"139 Đường Bằng Liệt, Phường Hoàng Liệt, Hà Nội","Hoàng Mai, Hà Nội"
"Phố Đồng Nhân, Xã An Khánh, Hà Nội","Hoài Đức, Hà Nội"
"Nhà 11E3, ngõ 196 Đường Hồ Tùng Mậu, Phường Phú Diễn, Hà Nội","Bắc Từ Liêm, Hà Nội"
"21 ngõ 114 Đường Nguyễn Đạo An, Phường Phú Diễn, Hà Nội","Bắc Từ Liêm, Hà Nội"
"11A ngách 17C ngõ 35 Đường Trần Thái Tông, Phường Cầu Giấy, Hà Nội","Cầu Giấy, Hà Nội"
"Số 15 ngõ 38/58/6 Đường Xuân La, Phường Xuân Đỉnh, Hà Nội","Tây Hồ, Hà Nội"
"số 38,ngõ 282 Đường Định Công, Phường Hoàng Mai, Hà Nội","Hoàng Mai, Hà Nội"
"ngõ 358 Đường Bùi Xương Trạch, Phường Khương Đình, Hà Nội","Thanh Xuân, Hà Nội"
"ngõ 285 Đường Đội Cấn, Phường Ngọc Hà, Hà Nội","Ba Đình, Hà Nội"
"Ngõ 6/45 Đường Miêu Nha, Phường Xuân Phương, Hà Nội","Nam Từ Liêm, Hà Nội"
"23/83B Tân Triều Mới Đường Triều Khúc, Phường Thanh Liệt, Hà Nội","Thanh Xuân, Hà Nội"
"66 Đường Hồ Tùng Mậu, Phường Cầu Giấy, Hà Nội","Cầu Giấy, Hà Nội"
"35/34/07 Đường Tu Hoàng, Phường Xuân Phương, Hà Nội","Nam Từ Liêm, Hà Nội"
"18 Đường Yên Xá, Phường Thanh Liệt, Hà Nội","Thanh Trì, Hà Nội"
"71 ngõ 192 Đường Kim Giang, Phường Định Công, Hà Nội","Hoàng Mai, Hà Nội"
"Số 36 ngách 66 Đường Hoà Bình 7, Phường Bạch Mai, Hà Nội","Hai Bà Trưng, Hà Nội"
"43 chung cư Bộ Công An Đường Phạm Văn Đồng, Phường Đông Ngạc, Hà Nội","Bắc Từ Liêm, Hà Nội"
"245/106/27/7 Đường Định Công, Phường Định Công, Hà Nội","Hoàng Mai, Hà Nội"
"05 Đường Tú Mỡ, Phường Cầu Giấy, Hà Nội","Cầu Giấy, Hà Nội"
"140 Đường Nguyễn Xiển, Phường Thanh Xuân, Hà Nội","Thanh Xuân, Hà Nội"
"số 158 Đường Yên Bình, Phường Hà Đông, Hà Nội","Hà Đông, Hà Nội"
"23 ngõ 16 Phố Phan Văn Trường, Phường Cầu Giấy, Hà Nội","Cầu Giấy, Hà Nội"
"621 Bạch Đằng Đường Bạch Đằng, Phường Hồng Hà, Hà Nội","Hoàn Kiếm, Hà Nội"
"Số 6 ngõ 188/35/14 Đường Tư Đình, Phường Long Biên, Hà Nội","Long Biên, Hà Nội"
"Số nhà 33 Đồng Phố Lê Trọng Tấn, Xã An Khánh, Hà Nội","Hoài Đức, Hà Nội"
"55A ngách 89 ngõ 147B Đường Tân Mai, Phường Hoàng Mai, Hà Nội","Hoàng Mai, Hà Nội"
"48/22 Đường Phan Đình Giót, Phường Phương Liệt, Hà Nội","Thanh Xuân, Hà Nội"
"27 đường Võng Thị, Phường Tây Hồ, Hà Nội","Tây Hồ, Hà Nội"
"số nhà 24 ngõ 69 Đường Tứ Liên, Phường Hồng Hà, Hà Nội","Tây Hồ, Hà Nội"
"38 Ngõ 52 Mỹ Đình, Phường Từ Liêm, Hà Nội","Cầu Giấy, Hà Nội"
"28 Phố Thanh Bảo, Phường Giảng Võ, Hà Nội","Ba Đình, Hà Nội"
"7 đường Võng Thị, Phường Tây Hồ, Hà Nội","Tây Hồ, Hà Nội"
"16 ngách 30/16 Đường Phú Mỹ, Phường Từ Liêm, Hà Nội","Nam Từ Liêm, Hà Nội"
"Ngách 39, ngõ 250 Đường Kim Giang, Phường Định Công, Hà Nội","Hoàng Mai, Hà Nội"
"27 Đường Giáp Bát, Phường Tương Mai, Hà Nội","Hoàng Mai, Hà Nội"
"Đường Tô Hiến Thành, Phường Cửa Nam, Hà Nội","Hai Bà Trưng, Hà Nội"
"số 29 ngách 12 ngo 35 Đường Phan Kế Bính, Phường Ba Đình, Hà Nội","Ba Đình, Hà Nội"
"Chung Cư CT1 Vĩnh Hoàng Đường Vành Đai 2,5, Phường Tương Mai, Hà Nội","Hoàng Mai, Hà Nội"
"123 Đường Tân Mai, Phường Hoàng Mai, Hà Nội","Hoàng Mai, Hà Nội"
"142 Phố Quan Nhân, Phường Thanh Xuân, Hà Nội","Thanh Xuân, Hà Nội"
